"../../../Engine/Plugins/2D/Paper2D/Content/PlaceholderTextures/DummySpriteTexture.ubulk" 0
"../../../Engine/Plugins/2D/Paper2D/Content/PlaceholderTextures/DummySpriteTexture.uasset" 1
"../../../Engine/Plugins/2D/Paper2D/Content/PlaceholderTextures/DummySpriteTexture.uexp" 2
"../../../Engine/Plugins/2D/Paper2D/Content/DummySprite.uasset" 3
"../../../Engine/Plugins/2D/Paper2D/Content/DummySprite.uexp" 4
"../../../Engine/Plugins/2D/Paper2D/Content/DefaultPaperTerrainMaterial.uasset" 5
"../../../Engine/Plugins/2D/Paper2D/Content/DefaultPaperTerrainMaterial.uexp" 6
"../../../Engine/Content/Animation/DefaultRecorderBoneCompression.uasset" 7
"../../../Engine/Content/Animation/DefaultRecorderBoneCompression.uexp" 8
"../../../Engine/Plugins/Animation/ControlRig/Content/Controls/DefaultGizmoLibraryNormalized.uasset" 9
"../../../Engine/Plugins/Animation/ControlRig/Content/Controls/DefaultGizmoLibraryNormalized.uexp" 10
"../../../Engine/Content/EngineSounds/Master.uasset" 11
"../../../Engine/Content/EngineSounds/Master.uexp" 12
"../../../Engine/Content/EngineMaterials/DefaultDestructiblePhysicalMaterial.uasset" 13
"../../../Engine/Content/EngineMaterials/DefaultDestructiblePhysicalMaterial.uexp" 14
"../../../Engine/Content/EngineFonts/Faces/DroidSansFallback.uexp" 15
"../../../Engine/Content/EngineFonts/Faces/DroidSansFallback.uasset" 16
"../../../Engine/Content/EngineFonts/Faces/DroidSansFallback.ufont" 17
"../../../Engine/Content/EngineFonts/Faces/DroidSansMono.uexp" 18
"../../../Engine/Content/EngineFonts/Faces/DroidSansMono.uasset" 19
"../../../Engine/Content/EngineFonts/Faces/DroidSansMono.ufont" 20
"../../../Engine/Content/EngineFonts/DroidSansMono.uasset" 21
"../../../Engine/Content/EngineFonts/DroidSansMono.uexp" 22
"../../../Engine/Plugins/Interchange/Runtime/Content/Pipelines/DefaultTexturePipeline.uasset" 23
"../../../Engine/Plugins/Interchange/Runtime/Content/Pipelines/DefaultTexturePipeline.uexp" 24
"../../../Engine/Plugins/Interchange/Runtime/Content/Pipelines/DefaultSceneLevelPipeline.uasset" 25
"../../../Engine/Plugins/Interchange/Runtime/Content/Pipelines/DefaultSceneLevelPipeline.uexp" 26
"../../../Engine/Plugins/Interchange/Runtime/Content/Pipelines/DefaultSceneAssetsPipeline.uasset" 27
"../../../Engine/Plugins/Interchange/Runtime/Content/Pipelines/DefaultSceneAssetsPipeline.uexp" 28
"../../../Engine/Plugins/Interchange/Runtime/Content/Pipelines/DefaultMaterialXPipeline.uasset" 29
"../../../Engine/Plugins/Interchange/Runtime/Content/Pipelines/DefaultMaterialXPipeline.uexp" 30
"../../../Engine/Plugins/Interchange/Runtime/Content/Pipelines/DefaultMaterialPipeline.uasset" 31
"../../../Engine/Plugins/Interchange/Runtime/Content/Pipelines/DefaultMaterialPipeline.uexp" 32
"../../../Engine/Plugins/Interchange/Runtime/Content/Pipelines/DefaultGLTFSceneAssetsPipeline.uasset" 33
"../../../Engine/Plugins/Interchange/Runtime/Content/Pipelines/DefaultGLTFSceneAssetsPipeline.uexp" 34
"../../../Engine/Plugins/Interchange/Runtime/Content/Pipelines/DefaultGLTFPipeline.uasset" 35
"../../../Engine/Plugins/Interchange/Runtime/Content/Pipelines/DefaultGLTFPipeline.uexp" 36
"../../../Engine/Plugins/Interchange/Runtime/Content/Pipelines/DefaultGLTFAssetsPipeline.uasset" 37
"../../../Engine/Plugins/Interchange/Runtime/Content/Pipelines/DefaultGLTFAssetsPipeline.uexp" 38
"../../../Engine/Plugins/Interchange/Runtime/Content/Pipelines/DefaultAssetsPipeline.uasset" 39
"../../../Engine/Plugins/Interchange/Runtime/Content/Pipelines/DefaultAssetsPipeline.uexp" 40
"../../../Engine/Content/MobileResources/HUD/VirtualJoystick_Thumb.uasset" 41
"../../../Engine/Content/MobileResources/HUD/VirtualJoystick_Thumb.uexp" 42
"../../../Engine/Content/MobileResources/HUD/VirtualJoystick_Background.uasset" 43
"../../../Engine/Content/MobileResources/HUD/VirtualJoystick_Background.uexp" 44
"../../../Engine/Content/MobileResources/HUD/DefaultVirtualJoysticks.uasset" 45
"../../../Engine/Content/MobileResources/HUD/DefaultVirtualJoysticks.uexp" 46
"../../../Engine/Content/EngineResources/GradientTexture0.uasset" 47
"../../../Engine/Content/EngineResources/GradientTexture0.uexp" 48
"../../../Engine/Content/EditorResources/S_Actor.ubulk" 49
"../../../Engine/Content/EditorResources/S_Actor.uasset" 50
"../../../Engine/Content/EditorResources/S_Actor.uexp" 51
"../../../Engine/Plugins/NNE/NNEDenoiser/Content/NNEDTOM_Output_Default.uasset" 52
"../../../Engine/Plugins/NNE/NNEDenoiser/Content/NNEDTOM_Output_Default.uexp" 53
"../../../Engine/Plugins/NNE/NNEDenoiser/Content/NNEDTOM_Output_Alpha.uasset" 54
"../../../Engine/Plugins/NNE/NNEDenoiser/Content/NNEDTOM_Output_Alpha.uexp" 55
"../../../Engine/Plugins/NNE/NNEDenoiser/Content/NNEDTIM_ColorAlbedoNormal_Default.uasset" 56
"../../../Engine/Plugins/NNE/NNEDenoiser/Content/NNEDTIM_ColorAlbedoNormal_Default.uexp" 57
"../../../Engine/Plugins/NNE/NNEDenoiser/Content/NNEDTIM_ColorAlbedoNormal_Alpha.uasset" 58
"../../../Engine/Plugins/NNE/NNEDenoiser/Content/NNEDTIM_ColorAlbedoNormal_Alpha.uexp" 59
"../../../Engine/Plugins/NNE/NNEDenoiser/Content/NNEDOM_Output_Default.uasset" 60
"../../../Engine/Plugins/NNE/NNEDenoiser/Content/NNEDOM_Output_Default.uexp" 61
"../../../Engine/Plugins/NNE/NNEDenoiser/Content/NNEDOM_Output_Alpha.uasset" 62
"../../../Engine/Plugins/NNE/NNEDenoiser/Content/NNEDOM_Output_Alpha.uexp" 63
"../../../Engine/Plugins/NNE/NNEDenoiser/Content/NNEDIM_HighQuality_Default.uasset" 64
"../../../Engine/Plugins/NNE/NNEDenoiser/Content/NNEDIM_HighQuality_Default.uexp" 65
"../../../Engine/Plugins/NNE/NNEDenoiser/Content/NNEDIM_HighQuality_Alpha.uasset" 66
"../../../Engine/Plugins/NNE/NNEDenoiser/Content/NNEDIM_HighQuality_Alpha.uexp" 67
"../../../Engine/Plugins/NNE/NNEDenoiser/Content/NNEDIM_ColorAlbedoNormal_Default.uasset" 68
"../../../Engine/Plugins/NNE/NNEDenoiser/Content/NNEDIM_ColorAlbedoNormal_Default.uexp" 69
"../../../Engine/Plugins/NNE/NNEDenoiser/Content/NNEDIM_ColorAlbedoNormal_Alpha.uasset" 70
"../../../Engine/Plugins/NNE/NNEDenoiser/Content/NNEDIM_ColorAlbedoNormal_Alpha.uexp" 71
"../../../Engine/Content/EngineResources/DefaultTexture.ubulk" 72
"../../../Engine/Content/EngineResources/DefaultTexture.uasset" 73
"../../../Engine/Content/EngineResources/DefaultTexture.uexp" 74
"../../../Engine/Content/EngineMaterials/PreintegratedSkinBRDF.uasset" 75
"../../../Engine/Content/EngineMaterials/PreintegratedSkinBRDF.uexp" 76
"../../../Engine/Content/EngineMaterials/MiniFont.uasset" 77
"../../../Engine/Content/EngineMaterials/MiniFont.uexp" 78
"../../../Engine/Content/EngineMaterials/FastBlueNoise_vec2_128x128x64.uasset" 79
"../../../Engine/Content/EngineMaterials/FastBlueNoise_vec2_128x128x64.uexp" 80
"../../../Engine/Content/EngineMaterials/FastBlueNoise_scalar_128x128x8.uasset" 81
"../../../Engine/Content/EngineMaterials/FastBlueNoise_scalar_128x128x8.uexp" 82
"../../../Engine/Content/EngineMaterials/FastBlueNoise_scalar_128x128x64.uasset" 83
"../../../Engine/Content/EngineMaterials/FastBlueNoise_scalar_128x128x64.uexp" 84
"../../../Engine/Content/EngineMaterials/DefaultWhiteGrid.ubulk" 85
"../../../Engine/Content/EngineMaterials/DefaultWhiteGrid.uasset" 86
"../../../Engine/Content/EngineMaterials/DefaultWhiteGrid.uexp" 87
"../../../Engine/Content/EngineMaterials/DefaultBokeh.uasset" 88
"../../../Engine/Content/EngineMaterials/DefaultBokeh.uexp" 89
"../../../Engine/Content/EngineMaterials/DefaultBloomKernel.uasset" 90
"../../../Engine/Content/EngineMaterials/DefaultBloomKernel.uexp" 91
"../../../Engine/Content/EngineDamageTypes/DmgTypeBP_Environmental.uasset" 92
"../../../Engine/Content/EngineDamageTypes/DmgTypeBP_Environmental.uexp" 93
"../../../Engine/Content/EditorResources/S_TriggerSphere.uasset" 94
"../../../Engine/Content/EditorResources/S_TriggerSphere.uexp" 95
"../../../Engine/Content/EditorResources/S_TriggerCapsule.uasset" 96
"../../../Engine/Content/EditorResources/S_TriggerCapsule.uexp" 97
"../../../Engine/Content/EditorResources/S_TriggerBox.uasset" 98
"../../../Engine/Content/EditorResources/S_TriggerBox.uexp" 99
"../../../Engine/Content/EditorResources/S_Trigger.ubulk" 100
"../../../Engine/Content/EditorResources/S_Trigger.uasset" 101
"../../../Engine/Content/EditorResources/S_Trigger.uexp" 102
"../../../Engine/Content/EditorResources/S_Terrain.ubulk" 103
"../../../Engine/Content/EditorResources/S_Terrain.uasset" 104
"../../../Engine/Content/EditorResources/S_Terrain.uexp" 105
"../../../Engine/Content/EditorResources/S_Solver.ubulk" 106
"../../../Engine/Content/EditorResources/S_Solver.uasset" 107
"../../../Engine/Content/EditorResources/S_Solver.uexp" 108
"../../../Engine/Content/EditorResources/S_BoxReflectionCapture.uasset" 109
"../../../Engine/Content/EditorResources/S_BoxReflectionCapture.uexp" 110
"../../../Engine/Content/EditorResources/BSPVertex.uasset" 111
"../../../Engine/Content/EditorResources/BSPVertex.uexp" 112
"../../../Engine/Plugins/Interchange/Assets/Content/gltf/Textures/T_Black_srgb.uasset" 113
"../../../Engine/Plugins/Interchange/Assets/Content/gltf/Textures/T_Black_srgb.uexp" 114
"C:/Unreal/Flip_Side/Content/UseableItem/Textures/UseItem/UseItem_Material_001_OcclusionRoughnessMetallic.ubulk" 115
"C:/Unreal/Flip_Side/Content/UseableItem/Textures/UseItem/UseItem_Material_001_OcclusionRoughnessMetallic.uasset" 116
"C:/Unreal/Flip_Side/Content/UseableItem/Textures/UseItem/UseItem_Material_001_OcclusionRoughnessMetallic.uexp" 117
"C:/Unreal/Flip_Side/Content/UseableItem/Textures/UseItem/UseItem_Material_001_Normal.ubulk" 118
"C:/Unreal/Flip_Side/Content/UseableItem/Textures/UseItem/UseItem_Material_001_Normal.uasset" 119
"C:/Unreal/Flip_Side/Content/UseableItem/Textures/UseItem/UseItem_Material_001_Normal.uexp" 120
"C:/Unreal/Flip_Side/Content/UseableItem/Textures/UseItem/UseItem_Material_001_BaseColor.ubulk" 121
"C:/Unreal/Flip_Side/Content/UseableItem/Textures/UseItem/UseItem_Material_001_BaseColor.uasset" 122
"C:/Unreal/Flip_Side/Content/UseableItem/Textures/UseItem/UseItem_Material_001_BaseColor.uexp" 123
"C:/Unreal/Flip_Side/Content/UseableItem/Material/M_UseItem.uasset" 124
"C:/Unreal/Flip_Side/Content/UseableItem/Material/M_UseItem.uexp" 125
"C:/Unreal/Flip_Side/Content/UseableItem/Material/MI_UseItem.uasset" 126
"C:/Unreal/Flip_Side/Content/UseableItem/Material/MI_UseItem.uexp" 127
"C:/Unreal/Flip_Side/Content/UseableItem/Mesh/UseItem.ubulk" 128
"C:/Unreal/Flip_Side/Content/UseableItem/Mesh/UseItem.uasset" 129
"C:/Unreal/Flip_Side/Content/UseableItem/Mesh/UseItem.uexp" 130
"C:/Unreal/Flip_Side/Content/UseableItem/BP_UseableItem.uasset" 131
"C:/Unreal/Flip_Side/Content/UseableItem/BP_UseableItem.uexp" 132
"../../../Engine/Plugins/Interchange/Assets/Content/Functions/MF_PhongToMetalRoughness.uasset" 133
"../../../Engine/Plugins/Interchange/Assets/Content/Functions/MF_PhongToMetalRoughness.uexp" 134
"C:/Unreal/Flip_Side/Content/Others/MEsh/TexAndMAt/Turret/normal.ubulk" 135
"C:/Unreal/Flip_Side/Content/Others/MEsh/TexAndMAt/Turret/normal.uasset" 136
"C:/Unreal/Flip_Side/Content/Others/MEsh/TexAndMAt/Turret/normal.uexp" 137
"C:/Unreal/Flip_Side/Content/Others/MEsh/TexAndMAt/Turret/diffuse.uasset" 138
"C:/Unreal/Flip_Side/Content/Others/MEsh/TexAndMAt/Turret/diffuse.uexp" 139
"C:/Unreal/Flip_Side/Content/Others/MEsh/TexAndMAt/Turret/material_0.uasset" 140
"C:/Unreal/Flip_Side/Content/Others/MEsh/TexAndMAt/Turret/material_0.uexp" 141
"C:/Unreal/Flip_Side/Content/Others/MEsh/Auto_Turret_Ver2.ubulk" 142
"C:/Unreal/Flip_Side/Content/Others/MEsh/Auto_Turret_Ver2.uasset" 143
"C:/Unreal/Flip_Side/Content/Others/MEsh/Auto_Turret_Ver2.uexp" 144
"C:/Unreal/Flip_Side/Content/Others/BP_Turret_OtherActor.uasset" 145
"C:/Unreal/Flip_Side/Content/Others/BP_Turret_OtherActor.uexp" 146
"C:/Unreal/Flip_Side/Content/Others/MEsh/TexAndMAt/Wall/Default/normal.ubulk" 147
"C:/Unreal/Flip_Side/Content/Others/MEsh/TexAndMAt/Wall/Default/normal.uasset" 148
"C:/Unreal/Flip_Side/Content/Others/MEsh/TexAndMAt/Wall/Default/normal.uexp" 149
"C:/Unreal/Flip_Side/Content/Others/MEsh/TexAndMAt/Wall/Default/diffuse.uasset" 150
"C:/Unreal/Flip_Side/Content/Others/MEsh/TexAndMAt/Wall/Default/diffuse.uexp" 151
"C:/Unreal/Flip_Side/Content/Others/MEsh/TexAndMAt/Wall/Default/material_0.uasset" 152
"C:/Unreal/Flip_Side/Content/Others/MEsh/TexAndMAt/Wall/Default/material_0.uexp" 153
"C:/Unreal/Flip_Side/Content/Others/MEsh/Default_Wall.ubulk" 154
"C:/Unreal/Flip_Side/Content/Others/MEsh/Default_Wall.uasset" 155
"C:/Unreal/Flip_Side/Content/Others/MEsh/Default_Wall.uexp" 156
"C:/Unreal/Flip_Side/Content/Others/BP_DefaultWall_OtherActor.uasset" 157
"C:/Unreal/Flip_Side/Content/Others/BP_DefaultWall_OtherActor.uexp" 158
"C:/Unreal/Flip_Side/Content/Coin/Texture/BaseTexture/Coin_DefaultMaterial_OcclusionRoughnessMetallic.ubulk" 159
"C:/Unreal/Flip_Side/Content/Coin/Texture/BaseTexture/Coin_DefaultMaterial_OcclusionRoughnessMetallic.uasset" 160
"C:/Unreal/Flip_Side/Content/Coin/Texture/BaseTexture/Coin_DefaultMaterial_OcclusionRoughnessMetallic.uexp" 161
"C:/Unreal/Flip_Side/Content/Coin/Texture/BaseTexture/Coin_DefaultMaterial_Normal.ubulk" 162
"C:/Unreal/Flip_Side/Content/Coin/Texture/BaseTexture/Coin_DefaultMaterial_Normal.uasset" 163
"C:/Unreal/Flip_Side/Content/Coin/Texture/BaseTexture/Coin_DefaultMaterial_Normal.uexp" 164
"C:/Unreal/Flip_Side/Content/Coin/Texture/BaseTexture/Coin_DefaultMaterial_BaseColor.ubulk" 165
"C:/Unreal/Flip_Side/Content/Coin/Texture/BaseTexture/Coin_DefaultMaterial_BaseColor.uasset" 166
"C:/Unreal/Flip_Side/Content/Coin/Texture/BaseTexture/Coin_DefaultMaterial_BaseColor.uexp" 167
"C:/Unreal/Flip_Side/Content/Coin/Material/M_Coin.uasset" 168
"C:/Unreal/Flip_Side/Content/Coin/Material/M_Coin.uexp" 169
"C:/Unreal/Flip_Side/Content/Coin/Material/MI_Coin.uasset" 170
"C:/Unreal/Flip_Side/Content/Coin/Material/MI_Coin.uexp" 171
"C:/Unreal/Flip_Side/Content/Coin/Mesh/Coin.ubulk" 172
"C:/Unreal/Flip_Side/Content/Coin/Mesh/Coin.uasset" 173
"C:/Unreal/Flip_Side/Content/Coin/Mesh/Coin.uexp" 174
"../../../Engine/Content/EngineMaterials/DefaultPhysicalMaterial.uasset" 175
"../../../Engine/Content/EngineMaterials/DefaultPhysicalMaterial.uexp" 176
"C:/Unreal/Flip_Side/Content/Coin/Mesh/Coin_Coin/GC_Coin.ubulk" 177
"C:/Unreal/Flip_Side/Content/Coin/Mesh/Coin_Coin/GC_Coin.uasset" 178
"C:/Unreal/Flip_Side/Content/Coin/Mesh/Coin_Coin/GC_Coin.uexp" 179
"C:/Unreal/Flip_Side/Content/Coin/Material/M_CoinActed.uasset" 180
"C:/Unreal/Flip_Side/Content/Coin/Material/M_CoinActed.uexp" 181
"../../../Engine/Content/Functions/Engine_MaterialFunctions01/Opacity/CameraDepthFade.uasset" 182
"../../../Engine/Content/Functions/Engine_MaterialFunctions01/Opacity/CameraDepthFade.uexp" 183
"../../../Engine/Content/EngineMaterials/T_Default_Material_Grid_M.ubulk" 184
"../../../Engine/Content/EngineMaterials/T_Default_Material_Grid_M.uasset" 185
"../../../Engine/Content/EngineMaterials/T_Default_Material_Grid_M.uexp" 186
"../../../Engine/Content/EngineMaterials/T_Default_Material_Grid_N.ubulk" 187
"../../../Engine/Content/EngineMaterials/T_Default_Material_Grid_N.uasset" 188
"../../../Engine/Content/EngineMaterials/T_Default_Material_Grid_N.uexp" 189
"../../../Engine/Content/EngineMaterials/WorldGridMaterial.uasset" 190
"../../../Engine/Content/EngineMaterials/WorldGridMaterial.uexp" 191
"C:/Unreal/Flip_Side/Content/Coin/Mesh/CoinActedPlane.ubulk" 192
"C:/Unreal/Flip_Side/Content/Coin/Mesh/CoinActedPlane.uasset" 193
"C:/Unreal/Flip_Side/Content/Coin/Mesh/CoinActedPlane.uexp" 194
"../../../Engine/Content/Functions/Engine_MaterialFunctions02/Texturing/CustomRotator.uasset" 195
"../../../Engine/Content/Functions/Engine_MaterialFunctions02/Texturing/CustomRotator.uexp" 196
"../../../Engine/Content/MapTemplates/TilingNoise05.ubulk" 197
"../../../Engine/Content/MapTemplates/TilingNoise05.uasset" 198
"../../../Engine/Content/MapTemplates/TilingNoise05.uexp" 199
"../../../Engine/Content/Functions/Engine_MaterialFunctions01/Density/ExponentialDensity.uasset" 200
"../../../Engine/Content/Functions/Engine_MaterialFunctions01/Density/ExponentialDensity.uexp" 201
"../../../Engine/Content/Functions/Engine_MaterialFunctions01/Gradient/RadialGradientExponential.uasset" 202
"../../../Engine/Content/Functions/Engine_MaterialFunctions01/Gradient/RadialGradientExponential.uexp" 203
"../../../Engine/Content/Functions/Engine_MaterialFunctions02/Utility/VectorToRadialValue.uasset" 204
"../../../Engine/Content/Functions/Engine_MaterialFunctions02/Utility/VectorToRadialValue.uexp" 205
"C:/Unreal/Flip_Side/Content/UI/CoinUI/Meterial/T_CoinHPBar.uasset" 206
"C:/Unreal/Flip_Side/Content/UI/CoinUI/Meterial/T_CoinHPBar.uexp" 207
"C:/Unreal/Flip_Side/Content/UI/CoinUI/Meterial/M_CoinHP.uasset" 208
"C:/Unreal/Flip_Side/Content/UI/CoinUI/Meterial/M_CoinHP.uexp" 209
"C:/Unreal/Flip_Side/Content/UI/CoinUI/Meterial/MI_CoinHP.uasset" 210
"C:/Unreal/Flip_Side/Content/UI/CoinUI/Meterial/MI_CoinHP.uexp" 211
"C:/Unreal/Flip_Side/Content/UI/CoinUI/WBP_CoinHPWidget.uasset" 212
"C:/Unreal/Flip_Side/Content/UI/CoinUI/WBP_CoinHPWidget.uexp" 213
"C:/Unreal/Flip_Side/Content/Coin/BP_CoinActor.uasset" 214
"C:/Unreal/Flip_Side/Content/Coin/BP_CoinActor.uexp" 215
"../../../Engine/Plugins/Runtime/HDRIBackdrop/Content/Textures/approaching_storm_4k.uasset" 216
"../../../Engine/Plugins/Runtime/HDRIBackdrop/Content/Textures/approaching_storm_4k.uexp" 217
"../../../Engine/Plugins/Runtime/HDRIBackdrop/Content/Meshes/EnviroDome.ubulk" 218
"../../../Engine/Plugins/Runtime/HDRIBackdrop/Content/Meshes/EnviroDome.uasset" 219
"../../../Engine/Plugins/Runtime/HDRIBackdrop/Content/Meshes/EnviroDome.uexp" 220
"../../../Engine/Content/Functions/Engine_MaterialFunctions02/Utility/VectorLength.uasset" 221
"../../../Engine/Content/Functions/Engine_MaterialFunctions02/Utility/VectorLength.uexp" 222
"../../../Engine/Content/Functions/Engine_MaterialFunctions02/WorldPositionOffset/ObjectPivotPoint.uasset" 223
"../../../Engine/Content/Functions/Engine_MaterialFunctions02/WorldPositionOffset/ObjectPivotPoint.uexp" 224
"../../../Engine/Content/EngineResources/DefaultTextureCube.uasset" 225
"../../../Engine/Content/EngineResources/DefaultTextureCube.uexp" 226
"../../../Engine/Plugins/Runtime/HDRIBackdrop/Content/Materials/HDRI_Attributes.uasset" 227
"../../../Engine/Plugins/Runtime/HDRIBackdrop/Content/Materials/HDRI_Attributes.uexp" 228
"../../../Engine/Plugins/Runtime/HDRIBackdrop/Content/Materials/HDRI_Projection_Sky.uasset" 229
"../../../Engine/Plugins/Runtime/HDRIBackdrop/Content/Materials/HDRI_Projection_Sky.uexp" 230
"../../../Engine/Plugins/Runtime/HDRIBackdrop/Content/Materials/MI_HDRI_Sky.uasset" 231
"../../../Engine/Plugins/Runtime/HDRIBackdrop/Content/Materials/MI_HDRI_Sky.uexp" 232
"../../../Engine/Plugins/Runtime/HDRIBackdrop/Content/Materials/HDRI_Projection_Floor.uasset" 233
"../../../Engine/Plugins/Runtime/HDRIBackdrop/Content/Materials/HDRI_Projection_Floor.uexp" 234
"../../../Engine/Plugins/Runtime/HDRIBackdrop/Content/Materials/MI_HDRI_Floor.uasset" 235
"../../../Engine/Plugins/Runtime/HDRIBackdrop/Content/Materials/MI_HDRI_Floor.uexp" 236
"../../../Engine/Plugins/Runtime/HDRIBackdrop/Content/Blueprints/HDRIBackdrop.uasset" 237
"../../../Engine/Plugins/Runtime/HDRIBackdrop/Content/Blueprints/HDRIBackdrop.uexp" 238
"../../../Engine/Plugins/Runtime/AudioWidgets/Content/Resources/ScrubHandleDown_Clamped.uasset" 239
"../../../Engine/Plugins/Runtime/AudioWidgets/Content/Resources/ScrubHandleDown_Clamped.uexp" 240
"../../../Engine/Content/EngineResources/FilmGrains/Marcie_Grain_v3_128_M2_000.uasset" 241
"../../../Engine/Content/EngineResources/FilmGrains/Marcie_Grain_v3_128_M2_000.uexp" 242
"../../../Engine/Content/EngineResources/Development/ZenLogo_64.uasset" 243
"../../../Engine/Content/EngineResources/Development/ZenLogo_64.uexp" 244
"../../../Engine/Content/EngineMaterials/LTC/Sheen_LTC.uasset" 245
"../../../Engine/Content/EngineMaterials/LTC/Sheen_LTC.uexp" 246
"../../../Engine/Content/EngineMaterials/LTC/GGX_LTCMat.uasset" 247
"../../../Engine/Content/EngineMaterials/LTC/GGX_LTCMat.uexp" 248
"../../../Engine/Content/EngineMaterials/LTC/GGX_LTCAmp.uasset" 249
"../../../Engine/Content/EngineMaterials/LTC/GGX_LTCAmp.uexp" 250
"../../../Engine/Content/EngineMaterials/EnergyConservation/Sheen_Energy.uasset" 251
"../../../Engine/Content/EngineMaterials/EnergyConservation/Sheen_Energy.uexp" 252
"../../../Engine/Content/EngineMaterials/EnergyConservation/SheenLegacy_Energy.uasset" 253
"../../../Engine/Content/EngineMaterials/EnergyConservation/SheenLegacy_Energy.uexp" 254
"../../../Engine/Content/EngineMaterials/EnergyConservation/GGX_TransmissionEnergyArray.uasset" 255
"../../../Engine/Content/EngineMaterials/EnergyConservation/GGX_TransmissionEnergyArray.uexp" 256
"../../../Engine/Content/EngineMaterials/EnergyConservation/GGX_ReflectionEnergy.uasset" 257
"../../../Engine/Content/EngineMaterials/EnergyConservation/GGX_ReflectionEnergy.uexp" 258
"../../../Engine/Content/EngineMaterials/EnergyConservation/Diffuse_Energy.uasset" 259
"../../../Engine/Content/EngineMaterials/EnergyConservation/Diffuse_Energy.uexp" 260
"../../../Engine/Content/EditorResources/SequenceRecorder/RecordingIndicator.uasset" 261
"../../../Engine/Content/EditorResources/SequenceRecorder/RecordingIndicator.uexp" 262
"../../../Engine/Content/EditorResources/SequenceRecorder/Countdown.uasset" 263
"../../../Engine/Content/EditorResources/SequenceRecorder/Countdown.uexp" 264
"../../../Engine/Content/EditorMaterials/ParticleSystems/PSysThumbnail_OOD.ubulk" 265
"../../../Engine/Content/EditorMaterials/ParticleSystems/PSysThumbnail_OOD.uasset" 266
"../../../Engine/Content/EditorMaterials/ParticleSystems/PSysThumbnail_OOD.uexp" 267
"../../../Engine/Content/EditorMaterials/ParticleSystems/PSysThumbnail_NoImage.ubulk" 268
"../../../Engine/Content/EditorMaterials/ParticleSystems/PSysThumbnail_NoImage.uasset" 269
"../../../Engine/Content/EditorMaterials/ParticleSystems/PSysThumbnail_NoImage.uexp" 270
"C:/Unreal/Flip_Side/Content/UseableItem/Textures/U_Wall.uasset" 271
"C:/Unreal/Flip_Side/Content/UseableItem/Textures/U_Wall.uexp" 272
"C:/Unreal/Flip_Side/Content/UseableItem/Textures/U_SheildMelt.uasset" 273
"C:/Unreal/Flip_Side/Content/UseableItem/Textures/U_SheildMelt.uexp" 274
"C:/Unreal/Flip_Side/Content/UseableItem/Textures/U_Move.uasset" 275
"C:/Unreal/Flip_Side/Content/UseableItem/Textures/U_Move.uexp" 276
"C:/Unreal/Flip_Side/Content/UseableItem/Textures/U_Clean.uasset" 277
"C:/Unreal/Flip_Side/Content/UseableItem/Textures/U_Clean.uexp" 278
"C:/Unreal/Flip_Side/Content/UseableItem/Textures/U_ChangeCoin.uasset" 279
"C:/Unreal/Flip_Side/Content/UseableItem/Textures/U_ChangeCoin.uexp" 280
"C:/Unreal/Flip_Side/Content/UseableItem/Textures/U_Blood.uasset" 281
"C:/Unreal/Flip_Side/Content/UseableItem/Textures/U_Blood.uexp" 282
"C:/Unreal/Flip_Side/Content/Coin/Texture/W_WrongFront.uasset" 283
"C:/Unreal/Flip_Side/Content/Coin/Texture/W_WrongFront.uexp" 284
"C:/Unreal/Flip_Side/Content/Coin/Texture/W_WrongBack.uasset" 285
"C:/Unreal/Flip_Side/Content/Coin/Texture/W_WrongBack.uexp" 286
"C:/Unreal/Flip_Side/Content/Coin/Texture/W_Util_RepairKit.uasset" 287
"C:/Unreal/Flip_Side/Content/Coin/Texture/W_Util_RepairKit.uexp" 288
"C:/Unreal/Flip_Side/Content/Coin/Texture/W_Util_MobileCrushDrill.uasset" 289
"C:/Unreal/Flip_Side/Content/Coin/Texture/W_Util_MobileCrushDrill.uexp" 290
"C:/Unreal/Flip_Side/Content/Coin/Texture/W_Util_MedKit.uasset" 291
"C:/Unreal/Flip_Side/Content/Coin/Texture/W_Util_MedKit.uexp" 292
"C:/Unreal/Flip_Side/Content/Coin/Texture/W_Util_EmergencyRevivalKit.uasset" 293
"C:/Unreal/Flip_Side/Content/Coin/Texture/W_Util_EmergencyRevivalKit.uexp" 294
"C:/Unreal/Flip_Side/Content/Coin/Texture/W_Util_CrossShieldDeployer.uasset" 295
"C:/Unreal/Flip_Side/Content/Coin/Texture/W_Util_CrossShieldDeployer.uexp" 296
"C:/Unreal/Flip_Side/Content/Coin/Texture/W_Util_AimAmplificationLens.uasset" 297
"C:/Unreal/Flip_Side/Content/Coin/Texture/W_Util_AimAmplificationLens.uexp" 298
"C:/Unreal/Flip_Side/Content/Coin/Texture/W_Util_AdrenalinGun.uasset" 299
"C:/Unreal/Flip_Side/Content/Coin/Texture/W_Util_AdrenalinGun.uexp" 300
"C:/Unreal/Flip_Side/Content/Coin/Texture/W_Tank_SpearEnemy.uasset" 301
"C:/Unreal/Flip_Side/Content/Coin/Texture/W_Tank_SpearEnemy.uexp" 302
"C:/Unreal/Flip_Side/Content/Coin/Texture/W_Tank_SmokeSuit.uasset" 303
"C:/Unreal/Flip_Side/Content/Coin/Texture/W_Tank_SmokeSuit.uexp" 304
"C:/Unreal/Flip_Side/Content/Coin/Texture/W_Tank_OverLoadGamlerGauntlet.uasset" 305
"C:/Unreal/Flip_Side/Content/Coin/Texture/W_Tank_OverLoadGamlerGauntlet.uexp" 306
"C:/Unreal/Flip_Side/Content/Coin/Texture/W_Tank_IceGun.uasset" 307
"C:/Unreal/Flip_Side/Content/Coin/Texture/W_Tank_IceGun.uexp" 308
"C:/Unreal/Flip_Side/Content/Coin/Texture/W_Tank_ArmourSuit.uasset" 309
"C:/Unreal/Flip_Side/Content/Coin/Texture/W_Tank_ArmourSuit.uexp" 310
"C:/Unreal/Flip_Side/Content/Coin/Texture/W_Deal_TurretKit.uasset" 311
"C:/Unreal/Flip_Side/Content/Coin/Texture/W_Deal_TurretKit.uexp" 312
"C:/Unreal/Flip_Side/Content/Coin/Texture/W_Deal_SteamChainSaw.uasset" 313
"C:/Unreal/Flip_Side/Content/Coin/Texture/W_Deal_SteamChainSaw.uexp" 314
"C:/Unreal/Flip_Side/Content/Coin/Texture/W_Deal_Burger.uasset" 315
"C:/Unreal/Flip_Side/Content/Coin/Texture/W_Deal_Burger.uexp" 316
"C:/Unreal/Flip_Side/Content/Card/Icon/T_Card_UpgradLongDistance.uasset" 317
"C:/Unreal/Flip_Side/Content/Card/Icon/T_Card_UpgradLongDistance.uexp" 318
"C:/Unreal/Flip_Side/Content/Card/Icon/T_Card_Promotion.uasset" 319
"C:/Unreal/Flip_Side/Content/Card/Icon/T_Card_Promotion.uexp" 320
"C:/Unreal/Flip_Side/Content/Card/Icon/T_Card_OneForAll.uasset" 321
"C:/Unreal/Flip_Side/Content/Card/Icon/T_Card_OneForAll.uexp" 322
"C:/Unreal/Flip_Side/Content/Card/Icon/T_Card_MoreMoney.uasset" 323
"C:/Unreal/Flip_Side/Content/Card/Icon/T_Card_MoreMoney.uexp" 324
"C:/Unreal/Flip_Side/Content/Card/Icon/T_Card_Friend.uasset" 325
"C:/Unreal/Flip_Side/Content/Card/Icon/T_Card_Friend.uexp" 326
"C:/Unreal/Flip_Side/Content/Card/Icon/T_Card_Encore.uasset" 327
"C:/Unreal/Flip_Side/Content/Card/Icon/T_Card_Encore.uexp" 328
"../../../Engine/Plugins/FX/Niagara/Content/DefaultAssets/DefaultSpriteMaterial.uasset" 329
"../../../Engine/Plugins/FX/Niagara/Content/DefaultAssets/DefaultSpriteMaterial.uexp" 330
"../../../Engine/Content/EngineMeshes/Sphere.ubulk" 331
"../../../Engine/Content/EngineMeshes/Sphere.uasset" 332
"../../../Engine/Content/EngineMeshes/Sphere.uexp" 333
"../../../Engine/Content/Engine_MI_Shaders/T_Base_Tile_Normal.ubulk" 334
"../../../Engine/Content/Engine_MI_Shaders/T_Base_Tile_Normal.uasset" 335
"../../../Engine/Content/Engine_MI_Shaders/T_Base_Tile_Normal.uexp" 336
"C:/Unreal/Flip_Side/Content/Effect/Material/M_Field.uasset" 337
"C:/Unreal/Flip_Side/Content/Effect/Material/M_Field.uexp" 338
"C:/Unreal/Flip_Side/Content/Effect/NS_Barrier.uasset" 339
"C:/Unreal/Flip_Side/Content/Effect/NS_Barrier.uexp" 340
"C:/Unreal/Flip_Side/Content/UI/Fonts/NanumGothic.uexp" 341
"C:/Unreal/Flip_Side/Content/UI/Fonts/NanumGothic.uasset" 342
"C:/Unreal/Flip_Side/Content/UI/Fonts/NanumGothic.ufont" 343
"C:/Unreal/Flip_Side/Content/UI/Fonts/NanumGothic_Font.uasset" 344
"C:/Unreal/Flip_Side/Content/UI/Fonts/NanumGothic_Font.uexp" 345
"C:/Unreal/Flip_Side/Content/UI/Texture/T_UIBackGround.uasset" 346
"C:/Unreal/Flip_Side/Content/UI/Texture/T_UIBackGround.uexp" 347
"C:/Unreal/Flip_Side/Content/UI/Texture/T_BarVertical.uasset" 348
"C:/Unreal/Flip_Side/Content/UI/Texture/T_BarVertical.uexp" 349
"C:/Unreal/Flip_Side/Content/UI/Texture/BossParternButton.uasset" 350
"C:/Unreal/Flip_Side/Content/UI/Texture/BossParternButton.uexp" 351
"C:/Unreal/Flip_Side/Content/UI/Texture/BossHpTop.uasset" 352
"C:/Unreal/Flip_Side/Content/UI/Texture/BossHpTop.uexp" 353
"C:/Unreal/Flip_Side/Content/UI/Texture/BossHPBottom.uasset" 354
"C:/Unreal/Flip_Side/Content/UI/Texture/BossHPBottom.uexp" 355
"C:/Unreal/Flip_Side/Content/UI/Texture/bar2.ubulk" 356
"C:/Unreal/Flip_Side/Content/UI/Texture/bar2.uasset" 357
"C:/Unreal/Flip_Side/Content/UI/Texture/bar2.uexp" 358
"C:/Unreal/Flip_Side/Content/UI/Texture/T_HpBarBorder_White.uasset" 359
"C:/Unreal/Flip_Side/Content/UI/Texture/T_HpBarBorder_White.uexp" 360
"C:/Unreal/Flip_Side/Content/UI/BossUI/M_Shield.uasset" 361
"C:/Unreal/Flip_Side/Content/UI/BossUI/M_Shield.uexp" 362
"C:/Unreal/Flip_Side/Content/UI/BossUI/MI_Shield.uasset" 363
"C:/Unreal/Flip_Side/Content/UI/BossUI/MI_Shield.uexp" 364
"C:/Unreal/Flip_Side/Content/UI/BossUI/M_BossHp.uasset" 365
"C:/Unreal/Flip_Side/Content/UI/BossUI/M_BossHp.uexp" 366
"C:/Unreal/Flip_Side/Content/UI/BossUI/MI_ProgressBackground.uasset" 367
"C:/Unreal/Flip_Side/Content/UI/BossUI/MI_ProgressBackground.uexp" 368
"C:/Unreal/Flip_Side/Content/UI/BossUI/MI_BossHp.uasset" 369
"C:/Unreal/Flip_Side/Content/UI/BossUI/MI_BossHp.uexp" 370
"C:/Unreal/Flip_Side/Content/UI/BossUI/WBP_BossHP.uasset" 371
"C:/Unreal/Flip_Side/Content/UI/BossUI/WBP_BossHP.uexp" 372
"C:/Unreal/Flip_Side/Content/BackGroundImages/Texture/Tutorial/T_BackGround1_Floor.uasset" 373
"C:/Unreal/Flip_Side/Content/BackGroundImages/Texture/Tutorial/T_BackGround1_Floor.uexp" 374
"C:/Unreal/Flip_Side/Content/BackGroundImages/M_BackgroundTexture.uasset" 375
"C:/Unreal/Flip_Side/Content/BackGroundImages/M_BackgroundTexture.uexp" 376
"C:/Unreal/Flip_Side/Content/BackGroundImages/MI_BackGround.uasset" 377
"C:/Unreal/Flip_Side/Content/BackGroundImages/MI_BackGround.uexp" 378
"C:/Unreal/Flip_Side/Content/BackGroundImages/Mesh/BackGround1_Left.ubulk" 379
"C:/Unreal/Flip_Side/Content/BackGroundImages/Mesh/BackGround1_Left.uasset" 380
"C:/Unreal/Flip_Side/Content/BackGroundImages/Mesh/BackGround1_Left.uexp" 381
"C:/Unreal/Flip_Side/Content/BackGroundImages/Mesh/BackGround1_Right.ubulk" 382
"C:/Unreal/Flip_Side/Content/BackGroundImages/Mesh/BackGround1_Right.uasset" 383
"C:/Unreal/Flip_Side/Content/BackGroundImages/Mesh/BackGround1_Right.uexp" 384
"C:/Unreal/Flip_Side/Content/BackGroundImages/Mesh/BackGround1_Front.ubulk" 385
"C:/Unreal/Flip_Side/Content/BackGroundImages/Mesh/BackGround1_Front.uasset" 386
"C:/Unreal/Flip_Side/Content/BackGroundImages/Mesh/BackGround1_Front.uexp" 387
"C:/Unreal/Flip_Side/Content/BackGroundImages/Mesh/BackGround1_Floor.ubulk" 388
"C:/Unreal/Flip_Side/Content/BackGroundImages/Mesh/BackGround1_Floor.uasset" 389
"C:/Unreal/Flip_Side/Content/BackGroundImages/Mesh/BackGround1_Floor.uexp" 390
"C:/Unreal/Flip_Side/Content/Coin/Texture/W_Tank_SteamPiston.uasset" 391
"C:/Unreal/Flip_Side/Content/Coin/Texture/W_Tank_SteamPiston.uexp" 392
"C:/Unreal/Flip_Side/Content/Coin/Texture/W_Deal_StandTypeSniper.uasset" 393
"C:/Unreal/Flip_Side/Content/Coin/Texture/W_Deal_StandTypeSniper.uexp" 394
"C:/Unreal/Flip_Side/Content/Coin/Texture/W_Deal_Pipe.uasset" 395
"C:/Unreal/Flip_Side/Content/Coin/Texture/W_Deal_Pipe.uexp" 396
"C:/Unreal/Flip_Side/Content/Boss/Mesh/Tutorial/Tutorial_Boss_Skeleton.uasset" 397
"C:/Unreal/Flip_Side/Content/Boss/Mesh/Tutorial/Tutorial_Boss_Skeleton.uexp" 398
"../../../Engine/Plugins/Animation/ACLPlugin/Content/ACLAnimCurveCompressionSettings.uasset" 399
"../../../Engine/Plugins/Animation/ACLPlugin/Content/ACLAnimCurveCompressionSettings.uexp" 400
"../../../Engine/Plugins/Animation/ACLPlugin/Content/ACLAnimBoneCompressionSettings.uasset" 401
"../../../Engine/Plugins/Animation/ACLPlugin/Content/ACLAnimBoneCompressionSettings.uexp" 402
"../../../Engine/Content/Animation/DefaultVariableFrameStrippingSettings.uasset" 403
"../../../Engine/Content/Animation/DefaultVariableFrameStrippingSettings.uexp" 404
"C:/Unreal/Flip_Side/Content/Boss/Anims/Tutorial/Anim_Attack_1.uasset" 405
"C:/Unreal/Flip_Side/Content/Boss/Anims/Tutorial/Anim_Attack_1.uexp" 406
"C:/Unreal/Flip_Side/Content/Boss/Montages/Tutorial/Mon_Attack_1.uasset" 407
"C:/Unreal/Flip_Side/Content/Boss/Montages/Tutorial/Mon_Attack_1.uexp" 408
"C:/Unreal/Flip_Side/Content/Boss/Anims/Tutorial/Anim_Attack_2.uasset" 409
"C:/Unreal/Flip_Side/Content/Boss/Anims/Tutorial/Anim_Attack_2.uexp" 410
"C:/Unreal/Flip_Side/Content/Boss/Montages/Tutorial/Mon_Attack_2.uasset" 411
"C:/Unreal/Flip_Side/Content/Boss/Montages/Tutorial/Mon_Attack_2.uexp" 412
"C:/Unreal/Flip_Side/Content/Boss/Anims/Tutorial/Anim_Attack_3.uasset" 413
"C:/Unreal/Flip_Side/Content/Boss/Anims/Tutorial/Anim_Attack_3.uexp" 414
"C:/Unreal/Flip_Side/Content/Boss/Montages/Tutorial/Mon_Attack_3.uasset" 415
"C:/Unreal/Flip_Side/Content/Boss/Montages/Tutorial/Mon_Attack_3.uexp" 416
"C:/Unreal/Flip_Side/Content/Boss/Patterns/Tutorial/BP_Tutorial_BossPattern.uasset" 417
"C:/Unreal/Flip_Side/Content/Boss/Patterns/Tutorial/BP_Tutorial_BossPattern.uexp" 418
"C:/Unreal/Flip_Side/Content/Boss/Anims/Tutorial/Anim_Hit.uasset" 419
"C:/Unreal/Flip_Side/Content/Boss/Anims/Tutorial/Anim_Hit.uexp" 420
"C:/Unreal/Flip_Side/Content/Boss/Montages/Tutorial/Mon_Hit.uasset" 421
"C:/Unreal/Flip_Side/Content/Boss/Montages/Tutorial/Mon_Hit.uexp" 422
"C:/Unreal/Flip_Side/Content/Boss/Anims/Tutorial/Tutorial_DeathAnim.uasset" 423
"C:/Unreal/Flip_Side/Content/Boss/Anims/Tutorial/Tutorial_DeathAnim.uexp" 424
"C:/Unreal/Flip_Side/Content/Boss/Montages/Tutorial/Mon_Death.uasset" 425
"C:/Unreal/Flip_Side/Content/Boss/Montages/Tutorial/Mon_Death.uexp" 426
"C:/Unreal/Flip_Side/Content/Boss/TextureAndMat/Tex/Tutorial/T_Tutorial_Boss.ubulk" 427
"C:/Unreal/Flip_Side/Content/Boss/TextureAndMat/Tex/Tutorial/T_Tutorial_Boss.uasset" 428
"C:/Unreal/Flip_Side/Content/Boss/TextureAndMat/Tex/Tutorial/T_Tutorial_Boss.uexp" 429
"C:/Unreal/Flip_Side/Content/Boss/TextureAndMat/Material/Tutorial/M_TutoBoss.uasset" 430
"C:/Unreal/Flip_Side/Content/Boss/TextureAndMat/Material/Tutorial/M_TutoBoss.uexp" 431
"C:/Unreal/Flip_Side/Content/Boss/Mesh/Tutorial/Tutorial_Boss_PhysicsAsset.uasset" 432
"C:/Unreal/Flip_Side/Content/Boss/Mesh/Tutorial/Tutorial_Boss_PhysicsAsset.uexp" 433
"C:/Unreal/Flip_Side/Content/Boss/Mesh/Tutorial/Tutorial_Boss.uasset" 434
"C:/Unreal/Flip_Side/Content/Boss/Mesh/Tutorial/Tutorial_Boss.uexp" 435
"C:/Unreal/Flip_Side/Content/Boss/Anims/Tutorial/TutorialBoss_StunAnim.uasset" 436
"C:/Unreal/Flip_Side/Content/Boss/Anims/Tutorial/TutorialBoss_StunAnim.uexp" 437
"C:/Unreal/Flip_Side/Content/Boss/Anims/Tutorial/IDLE.uasset" 438
"C:/Unreal/Flip_Side/Content/Boss/Anims/Tutorial/IDLE.uexp" 439
"C:/Unreal/Flip_Side/Content/Boss/Anims/Tutorial/ABP_Tutorial.uasset" 440
"C:/Unreal/Flip_Side/Content/Boss/Anims/Tutorial/ABP_Tutorial.uexp" 441
"C:/Unreal/Flip_Side/Content/Boss/BP_BOSS/BP_Tutorial_BossActor.uasset" 442
"C:/Unreal/Flip_Side/Content/Boss/BP_BOSS/BP_Tutorial_BossActor.uexp" 443
"C:/Unreal/Flip_Side/Content/Boss/BP_BOSS/M_RoleIndicator.uasset" 444
"C:/Unreal/Flip_Side/Content/Boss/BP_BOSS/M_RoleIndicator.uexp" 445
"C:/Unreal/Flip_Side/Content/Boss/BP_BOSS/BP_RoleTarget_BossActor.uasset" 446
"C:/Unreal/Flip_Side/Content/Boss/BP_BOSS/BP_RoleTarget_BossActor.uexp" 447
"C:/Unreal/Flip_Side/Content/Boss/Mesh/Groggy/GroggyBoss_Skeleton.uasset" 448
"C:/Unreal/Flip_Side/Content/Boss/Mesh/Groggy/GroggyBoss_Skeleton.uexp" 449
"C:/Unreal/Flip_Side/Content/Boss/Anims/Groggy/Groggy_HitWhenGroggyNotFull.uasset" 450
"C:/Unreal/Flip_Side/Content/Boss/Anims/Groggy/Groggy_HitWhenGroggyNotFull.uexp" 451
"C:/Unreal/Flip_Side/Content/Boss/Anims/Groggy/Groggy_HitWhenGroggyFull.uasset" 452
"C:/Unreal/Flip_Side/Content/Boss/Anims/Groggy/Groggy_HitWhenGroggyFull.uexp" 453
"C:/Unreal/Flip_Side/Content/Boss/Montages/Groggy/Mon_Groggy_Hit.uasset" 454
"C:/Unreal/Flip_Side/Content/Boss/Montages/Groggy/Mon_Groggy_Hit.uexp" 455
"C:/Unreal/Flip_Side/Content/Boss/TextureAndMat/Tex/Groggy/GroggyBoss_Normal.ubulk" 456
"C:/Unreal/Flip_Side/Content/Boss/TextureAndMat/Tex/Groggy/GroggyBoss_Normal.uasset" 457
"C:/Unreal/Flip_Side/Content/Boss/TextureAndMat/Tex/Groggy/GroggyBoss_Normal.uexp" 458
"C:/Unreal/Flip_Side/Content/Boss/TextureAndMat/Tex/Groggy/GroggyBoss_Metalic_Roughness.ubulk" 459
"C:/Unreal/Flip_Side/Content/Boss/TextureAndMat/Tex/Groggy/GroggyBoss_Metalic_Roughness.uasset" 460
"C:/Unreal/Flip_Side/Content/Boss/TextureAndMat/Tex/Groggy/GroggyBoss_Metalic_Roughness.uexp" 461
"C:/Unreal/Flip_Side/Content/Boss/TextureAndMat/Tex/Groggy/GroggyBoss_Diffuse.ubulk" 462
"C:/Unreal/Flip_Side/Content/Boss/TextureAndMat/Tex/Groggy/GroggyBoss_Diffuse.uasset" 463
"C:/Unreal/Flip_Side/Content/Boss/TextureAndMat/Tex/Groggy/GroggyBoss_Diffuse.uexp" 464
"C:/Unreal/Flip_Side/Content/Boss/TextureAndMat/Material/Groggy/M_GoggyBoss.uasset" 465
"C:/Unreal/Flip_Side/Content/Boss/TextureAndMat/Material/Groggy/M_GoggyBoss.uexp" 466
"C:/Unreal/Flip_Side/Content/Boss/Mesh/Groggy/GroggyBoss_PhysicsAsset.uasset" 467
"C:/Unreal/Flip_Side/Content/Boss/Mesh/Groggy/GroggyBoss_PhysicsAsset.uexp" 468
"C:/Unreal/Flip_Side/Content/Boss/Mesh/Groggy/GroggyBoss.uasset" 469
"C:/Unreal/Flip_Side/Content/Boss/Mesh/Groggy/GroggyBoss.uexp" 470
"C:/Unreal/Flip_Side/Content/Boss/Anims/Groggy/Groggy_IDLE.uasset" 471
"C:/Unreal/Flip_Side/Content/Boss/Anims/Groggy/Groggy_IDLE.uexp" 472
"C:/Unreal/Flip_Side/Content/Boss/Anims/Groggy/Goggy_CC.uasset" 473
"C:/Unreal/Flip_Side/Content/Boss/Anims/Groggy/Goggy_CC.uexp" 474
"C:/Unreal/Flip_Side/Content/Boss/Anims/Groggy/ABP_Groggy.uasset" 475
"C:/Unreal/Flip_Side/Content/Boss/Anims/Groggy/ABP_Groggy.uexp" 476
"C:/Unreal/Flip_Side/Content/Boss/Anims/Groggy/Groggy_Die_Anim.uasset" 477
"C:/Unreal/Flip_Side/Content/Boss/Anims/Groggy/Groggy_Die_Anim.uexp" 478
"C:/Unreal/Flip_Side/Content/Boss/Montages/Groggy/Mon_Groggy_Clear.uasset" 479
"C:/Unreal/Flip_Side/Content/Boss/Montages/Groggy/Mon_Groggy_Clear.uexp" 480
"C:/Unreal/Flip_Side/Content/Boss/BP_BOSS/BP_Groggy_BossActor.uasset" 481
"C:/Unreal/Flip_Side/Content/Boss/BP_BOSS/BP_Groggy_BossActor.uexp" 482
"C:/Unreal/Flip_Side/Content/Boss/BP_BOSS/BP_BossActor_Swamp.uasset" 483
"C:/Unreal/Flip_Side/Content/Boss/BP_BOSS/BP_BossActor_Swamp.uexp" 484
"C:/Unreal/Flip_Side/Content/Boss/TextureAndMat/Tex/Poison/Meshy_AI_biped_texture_0_roughness.ubulk" 485
"C:/Unreal/Flip_Side/Content/Boss/TextureAndMat/Tex/Poison/Meshy_AI_biped_texture_0_roughness.uasset" 486
"C:/Unreal/Flip_Side/Content/Boss/TextureAndMat/Tex/Poison/Meshy_AI_biped_texture_0_roughness.uexp" 487
"C:/Unreal/Flip_Side/Content/Boss/TextureAndMat/Tex/Poison/Meshy_AI_biped_texture_0_normal.ubulk" 488
"C:/Unreal/Flip_Side/Content/Boss/TextureAndMat/Tex/Poison/Meshy_AI_biped_texture_0_normal.uasset" 489
"C:/Unreal/Flip_Side/Content/Boss/TextureAndMat/Tex/Poison/Meshy_AI_biped_texture_0_normal.uexp" 490
"C:/Unreal/Flip_Side/Content/Boss/TextureAndMat/Tex/Poison/Meshy_AI_biped_texture_0_metallic.ubulk" 491
"C:/Unreal/Flip_Side/Content/Boss/TextureAndMat/Tex/Poison/Meshy_AI_biped_texture_0_metallic.uasset" 492
"C:/Unreal/Flip_Side/Content/Boss/TextureAndMat/Tex/Poison/Meshy_AI_biped_texture_0_metallic.uexp" 493
"C:/Unreal/Flip_Side/Content/Boss/TextureAndMat/Tex/Poison/Meshy_AI_biped_texture_0.ubulk" 494
"C:/Unreal/Flip_Side/Content/Boss/TextureAndMat/Tex/Poison/Meshy_AI_biped_texture_0.uasset" 495
"C:/Unreal/Flip_Side/Content/Boss/TextureAndMat/Tex/Poison/Meshy_AI_biped_texture_0.uexp" 496
"C:/Unreal/Flip_Side/Content/Boss/TextureAndMat/Material/Poison/Material_1.uasset" 497
"C:/Unreal/Flip_Side/Content/Boss/TextureAndMat/Material/Poison/Material_1.uexp" 498
"C:/Unreal/Flip_Side/Content/Boss/Mesh/Poison/Meshy_AI_biped_Character_output_Skeleton.uasset" 499
"C:/Unreal/Flip_Side/Content/Boss/Mesh/Poison/Meshy_AI_biped_Character_output_Skeleton.uexp" 500
"C:/Unreal/Flip_Side/Content/Boss/Mesh/Poison/Meshy_AI_biped_Character_output_PhysicsAsset.uasset" 501
"C:/Unreal/Flip_Side/Content/Boss/Mesh/Poison/Meshy_AI_biped_Character_output_PhysicsAsset.uexp" 502
"C:/Unreal/Flip_Side/Content/Boss/Mesh/Poison/Meshy_AI_biped_Character_output.uasset" 503
"C:/Unreal/Flip_Side/Content/Boss/Mesh/Poison/Meshy_AI_biped_Character_output.uexp" 504
"C:/Unreal/Flip_Side/Content/Boss/Anims/Poison/Meshy_AI_biped_Animation_Electrocution_Reaction_without_skin.uasset" 505
"C:/Unreal/Flip_Side/Content/Boss/Anims/Poison/Meshy_AI_biped_Animation_Electrocution_Reaction_without_skin.uexp" 506
"C:/Unreal/Flip_Side/Content/Boss/Anims/Poison/Meshy_AI_biped_Animation_Axe_Breathe_and_Look_Around_withSkin_Anim.uasset" 507
"C:/Unreal/Flip_Side/Content/Boss/Anims/Poison/Meshy_AI_biped_Animation_Axe_Breathe_and_Look_Around_withSkin_Anim.uexp" 508
"C:/Unreal/Flip_Side/Content/Boss/Anims/Poison/ABP_PoisonBoss.uasset" 509
"C:/Unreal/Flip_Side/Content/Boss/Anims/Poison/ABP_PoisonBoss.uexp" 510
"C:/Unreal/Flip_Side/Content/Boss/BP_BOSS/BP_BossActor_Blind.uasset" 511
"C:/Unreal/Flip_Side/Content/Boss/BP_BOSS/BP_BossActor_Blind.uexp" 512
"C:/Unreal/Flip_Side/Content/Boss/Boss_Pattern_Image/T_BossIcon_TutoBossAttack2.ubulk" 513
"C:/Unreal/Flip_Side/Content/Boss/Boss_Pattern_Image/T_BossIcon_TutoBossAttack2.uasset" 514
"C:/Unreal/Flip_Side/Content/Boss/Boss_Pattern_Image/T_BossIcon_TutoBossAttack2.uexp" 515
"C:/Unreal/Flip_Side/Content/Boss/Boss_Pattern_Image/T_BossIcon_TutoBossAttack1.ubulk" 516
"C:/Unreal/Flip_Side/Content/Boss/Boss_Pattern_Image/T_BossIcon_TutoBossAttack1.uasset" 517
"C:/Unreal/Flip_Side/Content/Boss/Boss_Pattern_Image/T_BossIcon_TutoBossAttack1.uexp" 518
"C:/Unreal/Flip_Side/Content/Boss/Boss_Pattern_Image/T_BossIcon_Shield.ubulk" 519
"C:/Unreal/Flip_Side/Content/Boss/Boss_Pattern_Image/T_BossIcon_Shield.uasset" 520
"C:/Unreal/Flip_Side/Content/Boss/Boss_Pattern_Image/T_BossIcon_Shield.uexp" 521
"C:/Unreal/Flip_Side/Content/Boss/Boss_Pattern_Image/T_BossIcon_PosionBoss_BlindFog.uasset" 522
"C:/Unreal/Flip_Side/Content/Boss/Boss_Pattern_Image/T_BossIcon_PosionBoss_BlindFog.uexp" 523
"C:/Unreal/Flip_Side/Content/Boss/Boss_Pattern_Image/T_BossIcon_PoisonBoss_WildBlindFog.uasset" 524
"C:/Unreal/Flip_Side/Content/Boss/Boss_Pattern_Image/T_BossIcon_PoisonBoss_WildBlindFog.uexp" 525
"C:/Unreal/Flip_Side/Content/Boss/Boss_Pattern_Image/T_BossIcon_PoisonBoss_PosinNeedle.uasset" 526
"C:/Unreal/Flip_Side/Content/Boss/Boss_Pattern_Image/T_BossIcon_PoisonBoss_PosinNeedle.uexp" 527
"C:/Unreal/Flip_Side/Content/Boss/Boss_Pattern_Image/T_BossIcon_GroggyBoss_Pattern3.ubulk" 528
"C:/Unreal/Flip_Side/Content/Boss/Boss_Pattern_Image/T_BossIcon_GroggyBoss_Pattern3.uasset" 529
"C:/Unreal/Flip_Side/Content/Boss/Boss_Pattern_Image/T_BossIcon_GroggyBoss_Pattern3.uexp" 530
"C:/Unreal/Flip_Side/Content/Boss/Boss_Pattern_Image/T_BossIcon_GroggyBoss_Pattern2.ubulk" 531
"C:/Unreal/Flip_Side/Content/Boss/Boss_Pattern_Image/T_BossIcon_GroggyBoss_Pattern2.uasset" 532
"C:/Unreal/Flip_Side/Content/Boss/Boss_Pattern_Image/T_BossIcon_GroggyBoss_Pattern2.uexp" 533
"C:/Unreal/Flip_Side/Content/Boss/Boss_Pattern_Image/T_BossIcon_GroggyBoss_Pattern1.ubulk" 534
"C:/Unreal/Flip_Side/Content/Boss/Boss_Pattern_Image/T_BossIcon_GroggyBoss_Pattern1.uasset" 535
"C:/Unreal/Flip_Side/Content/Boss/Boss_Pattern_Image/T_BossIcon_GroggyBoss_Pattern1.uexp" 536
"C:/Unreal/Flip_Side/Content/Boss/Patterns/Tutorial/C_TutorialPatternCurve.uasset" 537
"C:/Unreal/Flip_Side/Content/Boss/Patterns/Tutorial/C_TutorialPatternCurve.uexp" 538
"C:/Unreal/Flip_Side/Content/Boss/TextureAndMat/Tex/Tutorial/TutorialBoss_EffectModel_Fiston_DefaultMaterial_OcclusionRoughnessMetallic.ubulk" 539
"C:/Unreal/Flip_Side/Content/Boss/TextureAndMat/Tex/Tutorial/TutorialBoss_EffectModel_Fiston_DefaultMaterial_OcclusionRoughnessMetallic.uasset" 540
"C:/Unreal/Flip_Side/Content/Boss/TextureAndMat/Tex/Tutorial/TutorialBoss_EffectModel_Fiston_DefaultMaterial_OcclusionRoughnessMetallic.uexp" 541
"C:/Unreal/Flip_Side/Content/Boss/TextureAndMat/Tex/Tutorial/TutorialBoss_EffectModel_Fiston_DefaultMaterial_Normal.ubulk" 542
"C:/Unreal/Flip_Side/Content/Boss/TextureAndMat/Tex/Tutorial/TutorialBoss_EffectModel_Fiston_DefaultMaterial_Normal.uasset" 543
"C:/Unreal/Flip_Side/Content/Boss/TextureAndMat/Tex/Tutorial/TutorialBoss_EffectModel_Fiston_DefaultMaterial_Normal.uexp" 544
"C:/Unreal/Flip_Side/Content/Boss/TextureAndMat/Tex/Tutorial/TutorialBoss_EffectModel_Fiston_DefaultMaterial_BaseColor.ubulk" 545
"C:/Unreal/Flip_Side/Content/Boss/TextureAndMat/Tex/Tutorial/TutorialBoss_EffectModel_Fiston_DefaultMaterial_BaseColor.uasset" 546
"C:/Unreal/Flip_Side/Content/Boss/TextureAndMat/Tex/Tutorial/TutorialBoss_EffectModel_Fiston_DefaultMaterial_BaseColor.uexp" 547
"C:/Unreal/Flip_Side/Content/Boss/TextureAndMat/Material/Tutorial/M_TutoBoss_AttackMesh.uasset" 548
"C:/Unreal/Flip_Side/Content/Boss/TextureAndMat/Material/Tutorial/M_TutoBoss_AttackMesh.uexp" 549
"C:/Unreal/Flip_Side/Content/Boss/Mesh/Tutorial/TutorialBoss_EffectModel_Fiston.ubulk" 550
"C:/Unreal/Flip_Side/Content/Boss/Mesh/Tutorial/TutorialBoss_EffectModel_Fiston.uasset" 551
"C:/Unreal/Flip_Side/Content/Boss/Mesh/Tutorial/TutorialBoss_EffectModel_Fiston.uexp" 552
"C:/Unreal/Flip_Side/Content/Boss/Patterns/Tutorial/BP_PatternVisualActor_Tutorial.uasset" 553
"C:/Unreal/Flip_Side/Content/Boss/Patterns/Tutorial/BP_PatternVisualActor_Tutorial.uexp" 554
"C:/Unreal/Flip_Side/Content/Boss/Info/BossMugShot/T_Tutorial_Mugshot.uasset" 555
"C:/Unreal/Flip_Side/Content/Boss/Info/BossMugShot/T_Tutorial_Mugshot.uexp" 556
"C:/Unreal/Flip_Side/Content/Boss/Info/BossMugShot/T_Posion_Mugshot.uasset" 557
"C:/Unreal/Flip_Side/Content/Boss/Info/BossMugShot/T_Posion_Mugshot.uexp" 558
"C:/Unreal/Flip_Side/Content/Boss/Info/BossMugShot/T_Groggy_Mugshot.uasset" 559
"C:/Unreal/Flip_Side/Content/Boss/Info/BossMugShot/T_Groggy_Mugshot.uexp" 560
"C:/Unreal/Flip_Side/Content/BackGroundImages/Texture/Tutorial/T_BackGround1_Right.uasset" 561
"C:/Unreal/Flip_Side/Content/BackGroundImages/Texture/Tutorial/T_BackGround1_Right.uexp" 562
"C:/Unreal/Flip_Side/Content/BackGroundImages/Texture/Tutorial/T_BackGround1_Left.uasset" 563
"C:/Unreal/Flip_Side/Content/BackGroundImages/Texture/Tutorial/T_BackGround1_Left.uexp" 564
"C:/Unreal/Flip_Side/Content/BackGroundImages/Texture/Tutorial/T_BackGround1_Front.uasset" 565
"C:/Unreal/Flip_Side/Content/BackGroundImages/Texture/Tutorial/T_BackGround1_Front.uexp" 566
"C:/Unreal/Flip_Side/Content/BackGroundImages/Texture/Poison/Poison_Side.uasset" 567
"C:/Unreal/Flip_Side/Content/BackGroundImages/Texture/Poison/Poison_Side.uexp" 568
"C:/Unreal/Flip_Side/Content/BackGroundImages/Texture/Poison/Poison_Front.uasset" 569
"C:/Unreal/Flip_Side/Content/BackGroundImages/Texture/Poison/Poison_Front.uexp" 570
"C:/Unreal/Flip_Side/Content/BackGroundImages/Texture/Poison/Poison_Floor.uasset" 571
"C:/Unreal/Flip_Side/Content/BackGroundImages/Texture/Poison/Poison_Floor.uexp" 572
"C:/Unreal/Flip_Side/Content/BackGroundImages/Texture/Groggy/T_Groggy_Background_Right.uasset" 573
"C:/Unreal/Flip_Side/Content/BackGroundImages/Texture/Groggy/T_Groggy_Background_Right.uexp" 574
"C:/Unreal/Flip_Side/Content/BackGroundImages/Texture/Groggy/T_Groggy_Background_Left.uasset" 575
"C:/Unreal/Flip_Side/Content/BackGroundImages/Texture/Groggy/T_Groggy_Background_Left.uexp" 576
"C:/Unreal/Flip_Side/Content/BackGroundImages/Texture/Groggy/T_Groggy_Background_Front.uasset" 577
"C:/Unreal/Flip_Side/Content/BackGroundImages/Texture/Groggy/T_Groggy_Background_Front.uexp" 578
"C:/Unreal/Flip_Side/Content/BackGroundImages/Texture/Groggy/T_Groggy_Background_Floor.uasset" 579
"C:/Unreal/Flip_Side/Content/BackGroundImages/Texture/Groggy/T_Groggy_Background_Floor.uexp" 580
"../../../Engine/Content/Functions/Engine_MaterialFunctions01/Shading/PowerToRoughness.uasset" 581
"../../../Engine/Content/Functions/Engine_MaterialFunctions01/Shading/PowerToRoughness.uexp" 582
"../../../Engine/Content/Functions/Engine_MaterialFunctions01/Shading/ConvertFromDiffSpec.uasset" 583
"../../../Engine/Content/Functions/Engine_MaterialFunctions01/Shading/ConvertFromDiffSpec.uexp" 584
"C:/Unreal/Flip_Side/Content/Sound/WeaponSound/Sound_Coin_Dealer.ubulk" 585
"C:/Unreal/Flip_Side/Content/Sound/WeaponSound/Sound_Coin_Dealer.uasset" 586
"C:/Unreal/Flip_Side/Content/Sound/WeaponSound/Sound_Coin_Dealer.uexp" 587
"C:/Unreal/Flip_Side/Content/Sound/WeaponSound/Sound_Coin_Tanker.ubulk" 588
"C:/Unreal/Flip_Side/Content/Sound/WeaponSound/Sound_Coin_Tanker.uasset" 589
"C:/Unreal/Flip_Side/Content/Sound/WeaponSound/Sound_Coin_Tanker.uexp" 590
"C:/Unreal/Flip_Side/Content/Sound/WeaponSound/Sound_Coin_Util.ubulk" 591
"C:/Unreal/Flip_Side/Content/Sound/WeaponSound/Sound_Coin_Util.uasset" 592
"C:/Unreal/Flip_Side/Content/Sound/WeaponSound/Sound_Coin_Util.uexp" 593
"../../../Engine/Content/EditorMaterials/Dataflow/DataflowTwoSidedVertexMaterial.uasset" 594
"../../../Engine/Content/EditorMaterials/Dataflow/DataflowTwoSidedVertexMaterial.uexp" 595
"../../../Engine/Content/EditorMaterials/Dataflow/DataflowVertexMaterial.uasset" 596
"../../../Engine/Content/EditorMaterials/Dataflow/DataflowVertexMaterial.uexp" 597
"../../../Engine/Content/Functions/Engine_MaterialFunctions02/Utility/BreakOutFloat3Components.uasset" 598
"../../../Engine/Content/Functions/Engine_MaterialFunctions02/Utility/BreakOutFloat3Components.uexp" 599
"../../../Engine/Content/Functions/Engine_MaterialFunctions02/WorldPositionOffset/ObjectScale.uasset" 600
"../../../Engine/Content/Functions/Engine_MaterialFunctions02/WorldPositionOffset/ObjectScale.uexp" 601
"../../../Engine/Content/Functions/Engine_MaterialFunctions02/SafeNormalize.uasset" 602
"../../../Engine/Content/Functions/Engine_MaterialFunctions02/SafeNormalize.uexp" 603
"../../../Engine/Plugins/Editor/SpeedTreeImporter/Content/SpeedTree9/UnpackInteger3.uasset" 604
"../../../Engine/Plugins/Editor/SpeedTreeImporter/Content/SpeedTree9/UnpackInteger3.uexp" 605
"../../../Engine/Plugins/Editor/SpeedTreeImporter/Content/SpeedTree9/UnpackDirection.uasset" 606
"../../../Engine/Plugins/Editor/SpeedTreeImporter/Content/SpeedTree9/UnpackDirection.uexp" 607
"../../../Engine/Plugins/Editor/SpeedTreeImporter/Content/SpeedTree9/game_wind_noise.ubulk" 608
"../../../Engine/Plugins/Editor/SpeedTreeImporter/Content/SpeedTree9/game_wind_noise.uasset" 609
"../../../Engine/Plugins/Editor/SpeedTreeImporter/Content/SpeedTree9/game_wind_noise.uexp" 610
"../../../Engine/Plugins/Editor/SpeedTreeImporter/Content/SpeedTree9/SpeedTreeWindMotion.uasset" 611
"../../../Engine/Plugins/Editor/SpeedTreeImporter/Content/SpeedTree9/SpeedTreeWindMotion.uexp" 612
"../../../Engine/Plugins/Editor/SpeedTreeImporter/Content/SpeedTree9/SpeedTreeBranchMotion.uasset" 613
"../../../Engine/Plugins/Editor/SpeedTreeImporter/Content/SpeedTree9/SpeedTreeBranchMotion.uexp" 614
"../../../Engine/Content/Functions/Engine_MaterialFunctions02/ObjectLocalBounds.uasset" 615
"../../../Engine/Content/Functions/Engine_MaterialFunctions02/ObjectLocalBounds.uexp" 616
"../../../Engine/Content/Functions/Engine_MaterialFunctions02/UVs/BoundingBoxBased_0-1_UVW.uasset" 617
"../../../Engine/Content/Functions/Engine_MaterialFunctions02/UVs/BoundingBoxBased_0-1_UVW.uexp" 618
"../../../Engine/Plugins/Editor/SpeedTreeImporter/Content/SpeedTree9/SpeedTreeWind.uasset" 619
"../../../Engine/Plugins/Editor/SpeedTreeImporter/Content/SpeedTree9/SpeedTreeWind.uexp" 620
"../../../Engine/Plugins/Editor/SpeedTreeImporter/Content/SpeedTree9/EmptyNormal.uasset" 621
"../../../Engine/Plugins/Editor/SpeedTreeImporter/Content/SpeedTree9/EmptyNormal.uexp" 622
"../../../Engine/Plugins/Editor/SpeedTreeImporter/Content/SpeedTree9/Empty.uasset" 623
"../../../Engine/Plugins/Editor/SpeedTreeImporter/Content/SpeedTree9/Empty.uexp" 624
"../../../Engine/Plugins/Editor/SpeedTreeImporter/Content/SpeedTree9/SpeedTreeBillboard.uasset" 625
"../../../Engine/Plugins/Editor/SpeedTreeImporter/Content/SpeedTree9/SpeedTreeBillboard.uexp" 626
"../../../Engine/Plugins/Editor/SpeedTreeImporter/Content/SpeedTree9/SpeedTreeBillboardMaster.uasset" 627
"../../../Engine/Plugins/Editor/SpeedTreeImporter/Content/SpeedTree9/SpeedTreeBillboardMaster.uexp" 628
"../../../Engine/Plugins/Editor/SpeedTreeImporter/Content/SpeedTree9/SpeedTreeCameraFacing.uasset" 629
"../../../Engine/Plugins/Editor/SpeedTreeImporter/Content/SpeedTree9/SpeedTreeCameraFacing.uexp" 630
"../../../Engine/Plugins/Editor/SpeedTreeImporter/Content/SpeedTree9/SpeedTreeMaster.uasset" 631
"../../../Engine/Plugins/Editor/SpeedTreeImporter/Content/SpeedTree9/SpeedTreeMaster.uexp" 632
"../../../Engine/Plugins/Interchange/Assets/Content/Functions/MX_AbsorptionVDF.uasset" 633
"../../../Engine/Plugins/Interchange/Assets/Content/Functions/MX_AbsorptionVDF.uexp" 634
"../../../Engine/Plugins/Interchange/Assets/Content/Functions/MX_AnisotropicVDF.uasset" 635
"../../../Engine/Plugins/Interchange/Assets/Content/Functions/MX_AnisotropicVDF.uexp" 636
"../../../Engine/Plugins/Interchange/Assets/Content/Functions/MX_BurleyDiffuseBSDF.uasset" 637
"../../../Engine/Plugins/Interchange/Assets/Content/Functions/MX_BurleyDiffuseBSDF.uexp" 638
"../../../Engine/Plugins/Interchange/Assets/Content/Functions/MX_ConductorBSDF.uasset" 639
"../../../Engine/Plugins/Interchange/Assets/Content/Functions/MX_ConductorBSDF.uexp" 640
"../../../Engine/Plugins/Interchange/Assets/Content/Functions/MX_ConicalEDF.uasset" 641
"../../../Engine/Plugins/Interchange/Assets/Content/Functions/MX_ConicalEDF.uexp" 642
"../../../Engine/Plugins/Interchange/Assets/Content/Functions/MX_DielectricBSDF.uasset" 643
"../../../Engine/Plugins/Interchange/Assets/Content/Functions/MX_DielectricBSDF.uexp" 644
"../../../Engine/Plugins/Interchange/Assets/Content/Functions/MX_Displacement.uasset" 645
"../../../Engine/Plugins/Interchange/Assets/Content/Functions/MX_Displacement.uexp" 646
"../../../Engine/Plugins/Interchange/Assets/Content/Functions/MX_GeneralizedSchlickBSDF.uasset" 647
"../../../Engine/Plugins/Interchange/Assets/Content/Functions/MX_GeneralizedSchlickBSDF.uexp" 648
"../../../Engine/Plugins/Interchange/Assets/Content/Functions/MX_MeasuredEDF.uasset" 649
"../../../Engine/Plugins/Interchange/Assets/Content/Functions/MX_MeasuredEDF.uexp" 650
"../../../Engine/Plugins/Interchange/Assets/Content/Functions/MF_IridescenceNoLUT.uasset" 651
"../../../Engine/Plugins/Interchange/Assets/Content/Functions/MF_IridescenceNoLUT.uexp" 652
"../../../Engine/Plugins/Interchange/Assets/Content/Functions/MX_StandardSurface.uasset" 653
"../../../Engine/Plugins/Interchange/Assets/Content/Functions/MX_StandardSurface.uexp" 654
"../../../Engine/Plugins/Interchange/Assets/Content/Functions/MX_OpenPBR_Opaque.uasset" 655
"../../../Engine/Plugins/Interchange/Assets/Content/Functions/MX_OpenPBR_Opaque.uexp" 656
"../../../Engine/Plugins/Interchange/Assets/Content/Functions/MX_TransmissionSurface.uasset" 657
"../../../Engine/Plugins/Interchange/Assets/Content/Functions/MX_TransmissionSurface.uexp" 658
"../../../Engine/Plugins/Interchange/Assets/Content/Functions/MX_OpenPBR_Translucent.uasset" 659
"../../../Engine/Plugins/Interchange/Assets/Content/Functions/MX_OpenPBR_Translucent.uexp" 660
"../../../Engine/Plugins/Interchange/Assets/Content/Functions/MX_OrenNayarBSDF.uasset" 661
"../../../Engine/Plugins/Interchange/Assets/Content/Functions/MX_OrenNayarBSDF.uexp" 662
"../../../Engine/Plugins/Interchange/Assets/Content/Functions/MX_SheenBSDF.uasset" 663
"../../../Engine/Plugins/Interchange/Assets/Content/Functions/MX_SheenBSDF.uexp" 664
"../../../Engine/Plugins/Interchange/Assets/Content/Functions/MX_SubsurfaceBSDF.uasset" 665
"../../../Engine/Plugins/Interchange/Assets/Content/Functions/MX_SubsurfaceBSDF.uexp" 666
"../../../Engine/Plugins/Interchange/Assets/Content/Functions/MX_Surface.uasset" 667
"../../../Engine/Plugins/Interchange/Assets/Content/Functions/MX_Surface.uexp" 668
"../../../Engine/Plugins/Interchange/Assets/Content/Functions/MX_SurfaceUnlit.uasset" 669
"../../../Engine/Plugins/Interchange/Assets/Content/Functions/MX_SurfaceUnlit.uexp" 670
"../../../Engine/Plugins/Interchange/Assets/Content/Functions/MX_ThinFilmBSDF.uasset" 671
"../../../Engine/Plugins/Interchange/Assets/Content/Functions/MX_ThinFilmBSDF.uexp" 672
"../../../Engine/Plugins/Interchange/Assets/Content/Functions/MX_TranslucentBSDF.uasset" 673
"../../../Engine/Plugins/Interchange/Assets/Content/Functions/MX_TranslucentBSDF.uexp" 674
"../../../Engine/Plugins/Interchange/Assets/Content/Functions/MX_UniformEDF.uasset" 675
"../../../Engine/Plugins/Interchange/Assets/Content/Functions/MX_UniformEDF.uexp" 676
"../../../Engine/Plugins/Interchange/Assets/Content/Functions/MX_UsdPreviewSurface.uasset" 677
"../../../Engine/Plugins/Interchange/Assets/Content/Functions/MX_UsdPreviewSurface.uexp" 678
"../../../Engine/Plugins/Runtime/HairStrands/Content/Materials/HairCardsDefaultMaterial.uasset" 679
"../../../Engine/Plugins/Runtime/HairStrands/Content/Materials/HairCardsDefaultMaterial.uexp" 680
"../../../Engine/Content/Functions/Engine_MaterialFunctions02/Utility/MakeFloat2.uasset" 681
"../../../Engine/Content/Functions/Engine_MaterialFunctions02/Utility/MakeFloat2.uexp" 682
"../../../Engine/Content/Functions/Engine_MaterialFunctions02/Utility/MakeFloat3.uasset" 683
"../../../Engine/Content/Functions/Engine_MaterialFunctions02/Utility/MakeFloat3.uexp" 684
"../../../Engine/Content/EngineMaterials/HairDebugColor.uasset" 685
"../../../Engine/Content/EngineMaterials/HairDebugColor.uexp" 686
"../../../Engine/Content/EngineMaterials/HairColorMap.uasset" 687
"../../../Engine/Content/EngineMaterials/HairColorMap.uexp" 688
"../../../Engine/Plugins/Runtime/HairStrands/Content/Materials/HairGroupColors.uasset" 689
"../../../Engine/Plugins/Runtime/HairStrands/Content/Materials/HairGroupColors.uexp" 690
"../../../Engine/Plugins/Runtime/HairStrands/Content/Materials/HairDebugMaterial.uasset" 691
"../../../Engine/Plugins/Runtime/HairStrands/Content/Materials/HairDebugMaterial.uexp" 692
"../../../Engine/Plugins/Runtime/HairStrands/Content/Materials/HairDefaultMaterial.uasset" 693
"../../../Engine/Plugins/Runtime/HairStrands/Content/Materials/HairDefaultMaterial.uexp" 694
"../../../Engine/Plugins/Runtime/HairStrands/Content/Materials/HairMeshesDefaultMaterial.uasset" 695
"../../../Engine/Plugins/Runtime/HairStrands/Content/Materials/HairMeshesDefaultMaterial.uexp" 696
"../../../Engine/Plugins/VirtualProduction/CameraCalibrationCore/Content/Materials/M_DefaultEvenSquare.uasset" 697
"../../../Engine/Plugins/VirtualProduction/CameraCalibrationCore/Content/Materials/M_DefaultEvenSquare.uexp" 698
"../../../Engine/Plugins/VirtualProduction/CameraCalibrationCore/Content/Materials/M_DefaultOddSquare.uasset" 699
"../../../Engine/Plugins/VirtualProduction/CameraCalibrationCore/Content/Materials/M_DefaultOddSquare.uexp" 700
"C:/Unreal/Flip_Side/Content/Sound/BattleBGM.ubulk" 701
"C:/Unreal/Flip_Side/Content/Sound/BattleBGM.uasset" 702
"C:/Unreal/Flip_Side/Content/Sound/BattleBGM.uexp" 703
"C:/Unreal/Flip_Side/Content/Sound/Sound_ClickCoinSlot.ubulk" 704
"C:/Unreal/Flip_Side/Content/Sound/Sound_ClickCoinSlot.uasset" 705
"C:/Unreal/Flip_Side/Content/Sound/Sound_ClickCoinSlot.uexp" 706
"C:/Unreal/Flip_Side/Content/Sound/Sound_ClickLever.ubulk" 707
"C:/Unreal/Flip_Side/Content/Sound/Sound_ClickLever.uasset" 708
"C:/Unreal/Flip_Side/Content/Sound/Sound_ClickLever.uexp" 709
"C:/Unreal/Flip_Side/Content/Sound/Sound_CloseDrawer.ubulk" 710
"C:/Unreal/Flip_Side/Content/Sound/Sound_CloseDrawer.uasset" 711
"C:/Unreal/Flip_Side/Content/Sound/Sound_CloseDrawer.uexp" 712
"C:/Unreal/Flip_Side/Content/Sound/Sound_Coin_Click.ubulk" 713
"C:/Unreal/Flip_Side/Content/Sound/Sound_Coin_Click.uasset" 714
"C:/Unreal/Flip_Side/Content/Sound/Sound_Coin_Click.uexp" 715
"C:/Unreal/Flip_Side/Content/Sound/Sound_Coin_Fail.ubulk" 716
"C:/Unreal/Flip_Side/Content/Sound/Sound_Coin_Fail.uasset" 717
"C:/Unreal/Flip_Side/Content/Sound/Sound_Coin_Fail.uexp" 718
"C:/Unreal/Flip_Side/Content/Sound/Sound_Coin_Flip.ubulk" 719
"C:/Unreal/Flip_Side/Content/Sound/Sound_Coin_Flip.uasset" 720
"C:/Unreal/Flip_Side/Content/Sound/Sound_Coin_Flip.uexp" 721
"C:/Unreal/Flip_Side/Content/Sound/Sound_OpenDrawer.ubulk" 722
"C:/Unreal/Flip_Side/Content/Sound/Sound_OpenDrawer.uasset" 723
"C:/Unreal/Flip_Side/Content/Sound/Sound_OpenDrawer.uexp" 724
"../../../Engine/Content/EngineDebugMaterials/DebugEditorMaterial.uasset" 725
"../../../Engine/Content/EngineDebugMaterials/DebugEditorMaterial.uexp" 726
"../../../Engine/Content/EngineDebugMaterials/DebugMeshMaterial.uasset" 727
"../../../Engine/Content/EngineDebugMaterials/DebugMeshMaterial.uexp" 728
"../../../Engine/Content/EngineDebugMaterials/M_SimpleUnlitTranslucent.uasset" 729
"../../../Engine/Content/EngineDebugMaterials/M_SimpleUnlitTranslucent.uexp" 730
"../../../Engine/Content/Functions/Engine_MaterialFunctions02/Utility/CameraDirectionVector.uasset" 731
"../../../Engine/Content/Functions/Engine_MaterialFunctions02/Utility/CameraDirectionVector.uexp" 732
"../../../Engine/Content/EngineDebugMaterials/VolumeToRender.uasset" 733
"../../../Engine/Content/EngineDebugMaterials/VolumeToRender.uexp" 734
"../../../Engine/Content/EngineDebugMaterials/M_VolumeRenderSphereTracePP.uasset" 735
"../../../Engine/Content/EngineDebugMaterials/M_VolumeRenderSphereTracePP.uexp" 736
"../../../Engine/Content/EngineMaterials/DefaultDiffuse.ubulk" 737
"../../../Engine/Content/EngineMaterials/DefaultDiffuse.uasset" 738
"../../../Engine/Content/EngineMaterials/DefaultDiffuse.uexp" 739
"../../../Engine/Content/EngineMaterials/DefaultDeferredDecalMaterial.uasset" 740
"../../../Engine/Content/EngineMaterials/DefaultDeferredDecalMaterial.uexp" 741
"../../../Engine/Content/EngineMaterials/DefaultLightFunctionMaterial.uasset" 742
"../../../Engine/Content/EngineMaterials/DefaultLightFunctionMaterial.uexp" 743
"../../../Engine/Content/Functions/Engine_MaterialFunctions02/Utility/BreakOutFloat2Components.uasset" 744
"../../../Engine/Content/Functions/Engine_MaterialFunctions02/Utility/BreakOutFloat2Components.uexp" 745
"../../../Engine/Content/EngineMaterials/DefaultPostProcessMaterial.uasset" 746
"../../../Engine/Content/EngineMaterials/DefaultPostProcessMaterial.uexp" 747
"../../../Engine/Content/EngineFonts/RobotoDistanceField.uasset" 748
"../../../Engine/Content/EngineFonts/RobotoDistanceField.uexp" 749
"../../../Engine/Content/EngineMaterials/DefaultTextMaterialOpaque.uasset" 750
"../../../Engine/Content/EngineMaterials/DefaultTextMaterialOpaque.uexp" 751
"../../../Engine/Content/EngineMaterials/DefaultWhiteGrid_Low.uasset" 752
"../../../Engine/Content/EngineMaterials/DefaultWhiteGrid_Low.uexp" 753
"../../../Engine/Content/EngineMaterials/EmissiveMeshMaterial.uasset" 754
"../../../Engine/Content/EngineMaterials/EmissiveMeshMaterial.uexp" 755
"../../../Engine/Content/EngineMaterials/BaseFlattenLinearColor.uasset" 756
"../../../Engine/Content/EngineMaterials/BaseFlattenLinearColor.uexp" 757
"../../../Engine/Content/EngineMaterials/BaseFlattenNormalMap.uasset" 758
"../../../Engine/Content/EngineMaterials/BaseFlattenNormalMap.uexp" 759
"../../../Engine/Content/EngineMaterials/BaseFlattenDiffuseMap.uasset" 760
"../../../Engine/Content/EngineMaterials/BaseFlattenDiffuseMap.uexp" 761
"../../../Engine/Content/EngineMaterials/BaseFlattenEmissiveMap.uasset" 762
"../../../Engine/Content/EngineMaterials/BaseFlattenEmissiveMap.uexp" 763
"../../../Engine/Content/EngineMaterials/BaseFlattenGrayscaleMap.uasset" 764
"../../../Engine/Content/EngineMaterials/BaseFlattenGrayscaleMap.uexp" 765
"../../../Engine/Content/Functions/Engine_MaterialFunctions02/PivotPainter2/Black_1x1_EXR_Texture.uasset" 766
"../../../Engine/Content/Functions/Engine_MaterialFunctions02/PivotPainter2/Black_1x1_EXR_Texture.uexp" 767
"../../../Engine/Content/EngineMaterials/FlattenMaterial.uasset" 768
"../../../Engine/Content/EngineMaterials/FlattenMaterial.uexp" 769
"../../../Engine/Content/EngineMaterials/BaseFlattenDiffuseMap_VT.ubulk" 770
"../../../Engine/Content/EngineMaterials/BaseFlattenDiffuseMap_VT.uasset" 771
"../../../Engine/Content/EngineMaterials/BaseFlattenDiffuseMap_VT.uexp" 772
"../../../Engine/Content/EngineMaterials/BaseFlattenEmissiveMap_VT.ubulk" 773
"../../../Engine/Content/EngineMaterials/BaseFlattenEmissiveMap_VT.uasset" 774
"../../../Engine/Content/EngineMaterials/BaseFlattenEmissiveMap_VT.uexp" 775
"../../../Engine/Content/EngineMaterials/BaseFlattenLinearColor_VT.ubulk" 776
"../../../Engine/Content/EngineMaterials/BaseFlattenLinearColor_VT.uasset" 777
"../../../Engine/Content/EngineMaterials/BaseFlattenLinearColor_VT.uexp" 778
"../../../Engine/Content/EngineMaterials/BaseFlattenNormalMap_VT.ubulk" 779
"../../../Engine/Content/EngineMaterials/BaseFlattenNormalMap_VT.uasset" 780
"../../../Engine/Content/EngineMaterials/BaseFlattenNormalMap_VT.uexp" 781
"../../../Engine/Content/EngineMaterials/BaseFlattenGrayscaleMap_VT.ubulk" 782
"../../../Engine/Content/EngineMaterials/BaseFlattenGrayscaleMap_VT.uasset" 783
"../../../Engine/Content/EngineMaterials/BaseFlattenGrayscaleMap_VT.uexp" 784
"../../../Engine/Content/EngineMaterials/Black_1x1_EXR_Texture_VT.ubulk" 785
"../../../Engine/Content/EngineMaterials/Black_1x1_EXR_Texture_VT.uasset" 786
"../../../Engine/Content/EngineMaterials/Black_1x1_EXR_Texture_VT.uexp" 787
"../../../Engine/Content/EngineMaterials/FlattenMaterial_VT.uasset" 788
"../../../Engine/Content/EngineMaterials/FlattenMaterial_VT.uexp" 789
"../../../Engine/Content/EngineMaterials/FlattenMaterial_WS_Normal_VT.uasset" 790
"../../../Engine/Content/EngineMaterials/FlattenMaterial_WS_Normal_VT.uexp" 791
"../../../Engine/Content/EngineMaterials/GizmoMaterial.uasset" 792
"../../../Engine/Content/EngineMaterials/GizmoMaterial.uexp" 793
"../../../Engine/Content/EngineMaterials/InvalidLightmapSettings.ubulk" 794
"../../../Engine/Content/EngineMaterials/InvalidLightmapSettings.uasset" 795
"../../../Engine/Content/EngineMaterials/InvalidLightmapSettings.uexp" 796
"../../../Engine/Content/EngineMaterials/M_InvalidLightmapSettings.uasset" 797
"../../../Engine/Content/EngineMaterials/M_InvalidLightmapSettings.uexp" 798
"../../../Engine/Content/EngineMaterials/NaniteHiddenSectionMaterial.uasset" 799
"../../../Engine/Content/EngineMaterials/NaniteHiddenSectionMaterial.uexp" 800
"../../../Engine/Content/Functions/Engine_MaterialFunctions02/WorldPositionOffset/CameraOffset.uasset" 801
"../../../Engine/Content/Functions/Engine_MaterialFunctions02/WorldPositionOffset/CameraOffset.uexp" 802
"../../../Engine/Content/EngineMaterials/PhAT_JointLimitMaterial.uasset" 803
"../../../Engine/Content/EngineMaterials/PhAT_JointLimitMaterial.uexp" 804
"../../../Engine/Content/EngineMaterials/DefaultCalibrationColor.uasset" 805
"../../../Engine/Content/EngineMaterials/DefaultCalibrationColor.uexp" 806
"../../../Engine/Content/EngineMaterials/PPM_DefaultCalibrationColor.uasset" 807
"../../../Engine/Content/EngineMaterials/PPM_DefaultCalibrationColor.uexp" 808
"../../../Engine/Content/EngineMaterials/DefaultCalibrationGrayscale.uasset" 809
"../../../Engine/Content/EngineMaterials/DefaultCalibrationGrayscale.uexp" 810
"../../../Engine/Content/EngineMaterials/PPM_DefaultCalibrationGrayscale.uasset" 811
"../../../Engine/Content/EngineMaterials/PPM_DefaultCalibrationGrayscale.uexp" 812
"../../../Engine/Content/EngineMaterials/RemoveSurfaceMaterial.uasset" 813
"../../../Engine/Content/EngineMaterials/RemoveSurfaceMaterial.uexp" 814
"../../../Engine/Plugins/Animation/ControlRig/Content/Controls/ControlRigGizmoMaterial.uasset" 815
"../../../Engine/Plugins/Animation/ControlRig/Content/Controls/ControlRigGizmoMaterial.uexp" 816
"../../../Engine/Plugins/Animation/ControlRig/Content/Controls/ControlRigXRayMaterial.uasset" 817
"../../../Engine/Plugins/Animation/ControlRig/Content/Controls/ControlRigXRayMaterial.uexp" 818
"../../../Engine/Content/EditorLandscapeResources/DefaultAlphaTexture.uasset" 819
"../../../Engine/Content/EditorLandscapeResources/DefaultAlphaTexture.uexp" 820
"../../../Engine/Content/EditorLandscapeResources/LandscapeDirtyMaterial.uasset" 821
"../../../Engine/Content/EditorLandscapeResources/LandscapeDirtyMaterial.uexp" 822
"../../../Engine/Content/Functions/Engine_MaterialFunctions01/Texturing/ScaleUVsByCenter.uasset" 823
"../../../Engine/Content/Functions/Engine_MaterialFunctions01/Texturing/ScaleUVsByCenter.uexp" 824
"../../../Engine/Content/Functions/Engine_MaterialFunctions02/WorldPositionOffset/LocalPosition.uasset" 825
"../../../Engine/Content/Functions/Engine_MaterialFunctions02/WorldPositionOffset/LocalPosition.uexp" 826
"../../../Engine/Content/Functions/Engine_MaterialFunctions01/Texturing/TextureCropping.uasset" 827
"../../../Engine/Content/Functions/Engine_MaterialFunctions01/Texturing/TextureCropping.uexp" 828
"../../../Engine/Content/Functions/Engine_MaterialFunctions02/ExampleContent/DebugNumberStrip.uasset" 829
"../../../Engine/Content/Functions/Engine_MaterialFunctions02/ExampleContent/DebugNumberStrip.uexp" 830
"../../../Engine/Content/Functions/Engine_MaterialFunctions01/Debug/DebugIntValues.uasset" 831
"../../../Engine/Content/Functions/Engine_MaterialFunctions01/Debug/DebugIntValues.uexp" 832
"../../../Engine/Content/EditorLandscapeResources/LandscapeLayerUsageMaterial.uasset" 833
"../../../Engine/Content/EditorLandscapeResources/LandscapeLayerUsageMaterial.uexp" 834
"../../../Engine/Content/EditorLandscapeResources/WhiteSquareTexture.uasset" 835
"../../../Engine/Content/EditorLandscapeResources/WhiteSquareTexture.uexp" 836
"../../../Engine/Content/EditorLandscapeResources/LayerVisMaterial.uasset" 837
"../../../Engine/Content/EditorLandscapeResources/LayerVisMaterial.uexp" 838
"../../../Engine/Content/EditorMaterials/PhAT_NoCollisionMaterial.uasset" 839
"../../../Engine/Content/EditorMaterials/PhAT_NoCollisionMaterial.uexp" 840
"../../../Engine/Content/EditorMaterials/PhAT_UnselectedMaterial.uasset" 841
"../../../Engine/Content/EditorMaterials/PhAT_UnselectedMaterial.uexp" 842
"../../../Engine/Content/EditorMaterials/PreviewShadowIndicator.ubulk" 843
"../../../Engine/Content/EditorMaterials/PreviewShadowIndicator.uasset" 844
"../../../Engine/Content/EditorMaterials/PreviewShadowIndicator.uexp" 845
"../../../Engine/Content/EditorMaterials/PreviewShadowIndicatorMaterial.uasset" 846
"../../../Engine/Content/EditorMaterials/PreviewShadowIndicatorMaterial.uexp" 847
"../../../Engine/Content/BasicShapes/BasicShapeMaterial.uasset" 848
"../../../Engine/Content/BasicShapes/BasicShapeMaterial.uexp" 849
"../../../Engine/Plugins/Animation/ControlRig/Content/M_Manip.uasset" 850
"../../../Engine/Plugins/Animation/ControlRig/Content/M_Manip.uexp" 851
"../../../Engine/Content/EngineResources/DefaultVolumeTexture2D.uasset" 852
"../../../Engine/Content/EngineResources/DefaultVolumeTexture2D.uexp" 853
"../../../Engine/Content/EngineResources/DefaultVolumeTexture.uasset" 854
"../../../Engine/Content/EngineResources/DefaultVolumeTexture.uexp" 855
"../../../Engine/Content/VREditor/TransformGizmo/Xray.uasset" 856
"../../../Engine/Content/VREditor/TransformGizmo/Xray.uexp" 857
"../../../Engine/Content/VREditor/TransformGizmo/Main.uasset" 858
"../../../Engine/Content/VREditor/TransformGizmo/Main.uexp" 859
"../../../Engine/Content/VREditor/TransformGizmo/SM_Sequencer_Node.ubulk" 860
"../../../Engine/Content/VREditor/TransformGizmo/SM_Sequencer_Node.uasset" 861
"../../../Engine/Content/VREditor/TransformGizmo/SM_Sequencer_Node.uexp" 862
"../../../Engine/Content/EditorMaterials/Camera/CineMat.uasset" 863
"../../../Engine/Content/EditorMaterials/Camera/CineMat.uexp" 864
"../../../Engine/Content/EditorMaterials/Camera/MI_CineMat_Rig.uasset" 865
"../../../Engine/Content/EditorMaterials/Camera/MI_CineMat_Rig.uexp" 866
"../../../Engine/Content/EditorMeshes/Camera/SM_CraneRig_Base.ubulk" 867
"../../../Engine/Content/EditorMeshes/Camera/SM_CraneRig_Base.uasset" 868
"../../../Engine/Content/EditorMeshes/Camera/SM_CraneRig_Base.uexp" 869
"../../../Engine/Content/EditorMeshes/Camera/SM_CraneRig_Arm.ubulk" 870
"../../../Engine/Content/EditorMeshes/Camera/SM_CraneRig_Arm.uasset" 871
"../../../Engine/Content/EditorMeshes/Camera/SM_CraneRig_Arm.uexp" 872
"../../../Engine/Content/EditorMeshes/Camera/SM_CraneRig_Mount.ubulk" 873
"../../../Engine/Content/EditorMeshes/Camera/SM_CraneRig_Mount.uasset" 874
"../../../Engine/Content/EditorMeshes/Camera/SM_CraneRig_Mount.uexp" 875
"../../../Engine/Content/EditorMeshes/Camera/SM_CraneRig_Body.ubulk" 876
"../../../Engine/Content/EditorMeshes/Camera/SM_CraneRig_Body.uasset" 877
"../../../Engine/Content/EditorMeshes/Camera/SM_CraneRig_Body.uexp" 878
"../../../Engine/Content/EditorMeshes/Camera/SM_RailRig_Track.ubulk" 879
"../../../Engine/Content/EditorMeshes/Camera/SM_RailRig_Track.uasset" 880
"../../../Engine/Content/EditorMeshes/Camera/SM_RailRig_Track.uexp" 881
"../../../Engine/Content/EditorMeshes/Camera/SM_RailRig_Mount.ubulk" 882
"../../../Engine/Content/EditorMeshes/Camera/SM_RailRig_Mount.uasset" 883
"../../../Engine/Content/EditorMeshes/Camera/SM_RailRig_Mount.uexp" 884
"../../../Engine/Content/EditorLandscapeResources/SplineEditorMeshMat.uasset" 885
"../../../Engine/Content/EditorLandscapeResources/SplineEditorMeshMat.uexp" 886
"../../../Engine/Content/EditorLandscapeResources/SplineEditorMesh.ubulk" 887
"../../../Engine/Content/EditorLandscapeResources/SplineEditorMesh.uasset" 888
"../../../Engine/Content/EditorLandscapeResources/SplineEditorMesh.uexp" 889
"../../../Engine/Plugins/2D/Paper2D/Content/DefaultSpriteMaterial.uasset" 890
"../../../Engine/Plugins/2D/Paper2D/Content/DefaultSpriteMaterial.uexp" 891
"../../../Engine/Plugins/2D/Paper2D/Content/OpaqueUnlitSpriteMaterial.uasset" 892
"../../../Engine/Plugins/2D/Paper2D/Content/OpaqueUnlitSpriteMaterial.uexp" 893
"../../../Engine/Plugins/2D/Paper2D/Content/MaskedUnlitSpriteMaterial.uasset" 894
"../../../Engine/Plugins/2D/Paper2D/Content/MaskedUnlitSpriteMaterial.uexp" 895
"../../../Engine/Plugins/NNE/NNEDenoiser/Content/NNE_oidn2-3-0_rt_hdr_calb_cnrm_large__dyn__fp16_opset11_ForwardAlpha.uasset" 896
"../../../Engine/Plugins/NNE/NNEDenoiser/Content/NNE_oidn2-3-0_rt_hdr_calb_cnrm_large__dyn__fp16_opset11_ForwardAlpha.uexp" 897
"../../../Engine/Plugins/NNE/NNEDenoiser/Content/NNE_oidn2-3-0_rt_hdr_calb_cnrm_large__dyn__fp16_opset11_DenoiseAlpha.uasset" 898
"../../../Engine/Plugins/NNE/NNEDenoiser/Content/NNE_oidn2-3-0_rt_hdr_calb_cnrm_large__dyn__fp16_opset11_DenoiseAlpha.uexp" 899
"../../../Engine/Plugins/NNE/NNEDenoiser/Content/NNE_oidn2-3-0_rt_hdr_alb_nrm__dyn__fp16_opset11_ForwardAlpha.uasset" 900
"../../../Engine/Plugins/NNE/NNEDenoiser/Content/NNE_oidn2-3-0_rt_hdr_alb_nrm__dyn__fp16_opset11_ForwardAlpha.uexp" 901
"../../../Engine/Plugins/NNE/NNEDenoiser/Content/NNE_oidn2-3-0_rt_hdr_alb_nrm__dyn__fp16_opset11_DenoiseAlpha.uasset" 902
"../../../Engine/Plugins/NNE/NNEDenoiser/Content/NNE_oidn2-3-0_rt_hdr_alb_nrm__dyn__fp16_opset11_DenoiseAlpha.uexp" 903
"../../../Engine/Plugins/NNE/NNEDenoiser/Content/NNE_oidn2-3-0_rt_hdr_alb_nrm_small__dyn__fp16_opset11_ForwardAlpha.uasset" 904
"../../../Engine/Plugins/NNE/NNEDenoiser/Content/NNE_oidn2-3-0_rt_hdr_alb_nrm_small__dyn__fp16_opset11_ForwardAlpha.uexp" 905
"../../../Engine/Plugins/NNE/NNEDenoiser/Content/NNE_oidn2-3-0_rt_hdr_alb_nrm_small__dyn__fp16_opset11_DenoiseAlpha.uasset" 906
"../../../Engine/Plugins/NNE/NNEDenoiser/Content/NNE_oidn2-3-0_rt_hdr_alb_nrm_small__dyn__fp16_opset11_DenoiseAlpha.uexp" 907
"../../../Engine/Plugins/Media/MediaPlate/Content/SM_MediaPlateScreen.ubulk" 908
"../../../Engine/Plugins/Media/MediaPlate/Content/SM_MediaPlateScreen.uasset" 909
"../../../Engine/Plugins/Media/MediaPlate/Content/SM_MediaPlateScreen.uexp" 910
"../../../Engine/Content/EngineMaterials/DefaultMaterial.uasset" 911
"../../../Engine/Content/EngineMaterials/DefaultMaterial.uexp" 912
"../../../Engine/Content/BasicShapes/Cylinder.ubulk" 913
"../../../Engine/Content/BasicShapes/Cylinder.uasset" 914
"../../../Engine/Content/BasicShapes/Cylinder.uexp" 915
"../../../Engine/Content/BasicShapes/Cone.ubulk" 916
"../../../Engine/Content/BasicShapes/Cone.uasset" 917
"../../../Engine/Content/BasicShapes/Cone.uexp" 918
"../../../Engine/Content/Functions/Engine_MaterialFunctions03/Math/WithinRangeFloat2.uasset" 919
"../../../Engine/Content/Functions/Engine_MaterialFunctions03/Math/WithinRangeFloat2.uexp" 920
"../../../Engine/Content/EditorLandscapeResources/SelectBrushMaterial.uasset" 921
"../../../Engine/Content/EditorLandscapeResources/SelectBrushMaterial.uexp" 922
"../../../Engine/Content/EditorLandscapeResources/SelectBrushMaterial_SelectedRegion.uasset" 923
"../../../Engine/Content/EditorLandscapeResources/SelectBrushMaterial_SelectedRegion.uexp" 924
"../../../Engine/Content/EditorLandscapeResources/SelectBrushMaterial_Selected.uasset" 925
"../../../Engine/Content/EditorLandscapeResources/SelectBrushMaterial_Selected.uexp" 926
"../../../Engine/Content/EditorLandscapeResources/MaskBrushMaterial.uasset" 927
"../../../Engine/Content/EditorLandscapeResources/MaskBrushMaterial.uexp" 928
"../../../Engine/Content/EditorLandscapeResources/MaskBrushMaterial_MaskedRegion.uasset" 929
"../../../Engine/Content/EditorLandscapeResources/MaskBrushMaterial_MaskedRegion.uexp" 930
"../../../Engine/Content/EditorLandscapeResources/ColorMaskBrushMaterial.uasset" 931
"../../../Engine/Content/EditorLandscapeResources/ColorMaskBrushMaterial.uexp" 932
"../../../Engine/Content/EditorLandscapeResources/ColorMaskBrushMaterial_MaskedRegion.uasset" 933
"../../../Engine/Content/EditorLandscapeResources/ColorMaskBrushMaterial_MaskedRegion.uexp" 934
"../../../Engine/Plugins/Animation/ControlRig/Content/Controls/ControlRig_Wedge_solid.ubulk" 935
"../../../Engine/Plugins/Animation/ControlRig/Content/Controls/ControlRig_Wedge_solid.uasset" 936
"../../../Engine/Plugins/Animation/ControlRig/Content/Controls/ControlRig_Wedge_solid.uexp" 937
"../../../Engine/Plugins/Animation/ControlRig/Content/Controls/ControlRig_Wedge_3mm.ubulk" 938
"../../../Engine/Plugins/Animation/ControlRig/Content/Controls/ControlRig_Wedge_3mm.uasset" 939
"../../../Engine/Plugins/Animation/ControlRig/Content/Controls/ControlRig_Wedge_3mm.uexp" 940
"../../../Engine/Plugins/Animation/ControlRig/Content/Controls/ControlRig_Wedge_1mm.ubulk" 941
"../../../Engine/Plugins/Animation/ControlRig/Content/Controls/ControlRig_Wedge_1mm.uasset" 942
"../../../Engine/Plugins/Animation/ControlRig/Content/Controls/ControlRig_Wedge_1mm.uexp" 943
"../../../Engine/Plugins/Animation/ControlRig/Content/Controls/ControlRig_Triangle_solid.ubulk" 944
"../../../Engine/Plugins/Animation/ControlRig/Content/Controls/ControlRig_Triangle_solid.uasset" 945
"../../../Engine/Plugins/Animation/ControlRig/Content/Controls/ControlRig_Triangle_solid.uexp" 946
"../../../Engine/Plugins/Animation/ControlRig/Content/Controls/ControlRig_Triangle_3mm.ubulk" 947
"../../../Engine/Plugins/Animation/ControlRig/Content/Controls/ControlRig_Triangle_3mm.uasset" 948
"../../../Engine/Plugins/Animation/ControlRig/Content/Controls/ControlRig_Triangle_3mm.uexp" 949
"../../../Engine/Plugins/Animation/ControlRig/Content/Controls/ControlRig_Triangle_1mm.ubulk" 950
"../../../Engine/Plugins/Animation/ControlRig/Content/Controls/ControlRig_Triangle_1mm.uasset" 951
"../../../Engine/Plugins/Animation/ControlRig/Content/Controls/ControlRig_Triangle_1mm.uexp" 952
"../../../Engine/Plugins/Animation/ControlRig/Content/Controls/ControlRig_Star4_solid.ubulk" 953
"../../../Engine/Plugins/Animation/ControlRig/Content/Controls/ControlRig_Star4_solid.uasset" 954
"../../../Engine/Plugins/Animation/ControlRig/Content/Controls/ControlRig_Star4_solid.uexp" 955
"../../../Engine/Plugins/Animation/ControlRig/Content/Controls/ControlRig_Star4_3mm.ubulk" 956
"../../../Engine/Plugins/Animation/ControlRig/Content/Controls/ControlRig_Star4_3mm.uasset" 957
"../../../Engine/Plugins/Animation/ControlRig/Content/Controls/ControlRig_Star4_3mm.uexp" 958
"../../../Engine/Plugins/Animation/ControlRig/Content/Controls/ControlRig_Star4_1mm.ubulk" 959
"../../../Engine/Plugins/Animation/ControlRig/Content/Controls/ControlRig_Star4_1mm.uasset" 960
"../../../Engine/Plugins/Animation/ControlRig/Content/Controls/ControlRig_Star4_1mm.uexp" 961
"../../../Engine/Plugins/Animation/ControlRig/Content/Controls/ControlRig_Square_solid.ubulk" 962
"../../../Engine/Plugins/Animation/ControlRig/Content/Controls/ControlRig_Square_solid.uasset" 963
"../../../Engine/Plugins/Animation/ControlRig/Content/Controls/ControlRig_Square_solid.uexp" 964
"../../../Engine/Plugins/Animation/ControlRig/Content/Controls/ControlRig_Square_3mm.ubulk" 965
"../../../Engine/Plugins/Animation/ControlRig/Content/Controls/ControlRig_Square_3mm.uasset" 966
"../../../Engine/Plugins/Animation/ControlRig/Content/Controls/ControlRig_Square_3mm.uexp" 967
"../../../Engine/Plugins/Animation/ControlRig/Content/Controls/ControlRig_Square_1mm.ubulk" 968
"../../../Engine/Plugins/Animation/ControlRig/Content/Controls/ControlRig_Square_1mm.uasset" 969
"../../../Engine/Plugins/Animation/ControlRig/Content/Controls/ControlRig_Square_1mm.uexp" 970
"../../../Engine/Plugins/Animation/ControlRig/Content/Controls/ControlRig_Sphere_solid.ubulk" 971
"../../../Engine/Plugins/Animation/ControlRig/Content/Controls/ControlRig_Sphere_solid.uasset" 972
"../../../Engine/Plugins/Animation/ControlRig/Content/Controls/ControlRig_Sphere_solid.uexp" 973
"../../../Engine/Plugins/Animation/ControlRig/Content/Controls/ControlRig_Sphere_3mm.ubulk" 974
"../../../Engine/Plugins/Animation/ControlRig/Content/Controls/ControlRig_Sphere_3mm.uasset" 975
"../../../Engine/Plugins/Animation/ControlRig/Content/Controls/ControlRig_Sphere_3mm.uexp" 976
"../../../Engine/Plugins/Animation/ControlRig/Content/Controls/ControlRig_Sphere_1mm.ubulk" 977
"../../../Engine/Plugins/Animation/ControlRig/Content/Controls/ControlRig_Sphere_1mm.uasset" 978
"../../../Engine/Plugins/Animation/ControlRig/Content/Controls/ControlRig_Sphere_1mm.uexp" 979
"../../../Engine/Plugins/Animation/ControlRig/Content/Controls/ControlRig_RoundedTriangle_solid.ubulk" 980
"../../../Engine/Plugins/Animation/ControlRig/Content/Controls/ControlRig_RoundedTriangle_solid.uasset" 981
"../../../Engine/Plugins/Animation/ControlRig/Content/Controls/ControlRig_RoundedTriangle_solid.uexp" 982
"../../../Engine/Plugins/Animation/ControlRig/Content/Controls/ControlRig_RoundedTriangle_3mm.ubulk" 983
"../../../Engine/Plugins/Animation/ControlRig/Content/Controls/ControlRig_RoundedTriangle_3mm.uasset" 984
"../../../Engine/Plugins/Animation/ControlRig/Content/Controls/ControlRig_RoundedTriangle_3mm.uexp" 985
"../../../Engine/Plugins/Animation/ControlRig/Content/Controls/ControlRig_RoundedTriangle_1mm.ubulk" 986
"../../../Engine/Plugins/Animation/ControlRig/Content/Controls/ControlRig_RoundedTriangle_1mm.uasset" 987
"../../../Engine/Plugins/Animation/ControlRig/Content/Controls/ControlRig_RoundedTriangle_1mm.uexp" 988
"../../../Engine/Plugins/Animation/ControlRig/Content/Controls/ControlRig_RoundedSquare_solid.ubulk" 989
"../../../Engine/Plugins/Animation/ControlRig/Content/Controls/ControlRig_RoundedSquare_solid.uasset" 990
"../../../Engine/Plugins/Animation/ControlRig/Content/Controls/ControlRig_RoundedSquare_solid.uexp" 991
"../../../Engine/Plugins/Animation/ControlRig/Content/Controls/ControlRig_RoundedSquare_3mm.ubulk" 992
"../../../Engine/Plugins/Animation/ControlRig/Content/Controls/ControlRig_RoundedSquare_3mm.uasset" 993
"../../../Engine/Plugins/Animation/ControlRig/Content/Controls/ControlRig_RoundedSquare_3mm.uexp" 994
"../../../Engine/Plugins/Animation/ControlRig/Content/Controls/ControlRig_RoundedSquare_1mm.ubulk" 995
"../../../Engine/Plugins/Animation/ControlRig/Content/Controls/ControlRig_RoundedSquare_1mm.uasset" 996
"../../../Engine/Plugins/Animation/ControlRig/Content/Controls/ControlRig_RoundedSquare_1mm.uexp" 997
"../../../Engine/Plugins/Animation/ControlRig/Content/Controls/ControlRig_QuarterCircle_solid.ubulk" 998
"../../../Engine/Plugins/Animation/ControlRig/Content/Controls/ControlRig_QuarterCircle_solid.uasset" 999
"../../../Engine/Plugins/Animation/ControlRig/Content/Controls/ControlRig_QuarterCircle_solid.uexp" 1000
"../../../Engine/Plugins/Animation/ControlRig/Content/Controls/ControlRig_QuarterCircle_3mm.ubulk" 1001
"../../../Engine/Plugins/Animation/ControlRig/Content/Controls/ControlRig_QuarterCircle_3mm.uasset" 1002
"../../../Engine/Plugins/Animation/ControlRig/Content/Controls/ControlRig_QuarterCircle_3mm.uexp" 1003
"../../../Engine/Plugins/Animation/ControlRig/Content/Controls/ControlRig_QuarterCircle_1mm.ubulk" 1004
"../../../Engine/Plugins/Animation/ControlRig/Content/Controls/ControlRig_QuarterCircle_1mm.uasset" 1005
"../../../Engine/Plugins/Animation/ControlRig/Content/Controls/ControlRig_QuarterCircle_1mm.uexp" 1006
"../../../Engine/Plugins/Animation/ControlRig/Content/Controls/ControlRig_Pyramid_solid.ubulk" 1007
"../../../Engine/Plugins/Animation/ControlRig/Content/Controls/ControlRig_Pyramid_solid.uasset" 1008
"../../../Engine/Plugins/Animation/ControlRig/Content/Controls/ControlRig_Pyramid_solid.uexp" 1009
"../../../Engine/Plugins/Animation/ControlRig/Content/Controls/ControlRig_Pyramid_3mm.ubulk" 1010
"../../../Engine/Plugins/Animation/ControlRig/Content/Controls/ControlRig_Pyramid_3mm.uasset" 1011
"../../../Engine/Plugins/Animation/ControlRig/Content/Controls/ControlRig_Pyramid_3mm.uexp" 1012
"../../../Engine/Plugins/Animation/ControlRig/Content/Controls/ControlRig_Pyramid_1mm.ubulk" 1013
"../../../Engine/Plugins/Animation/ControlRig/Content/Controls/ControlRig_Pyramid_1mm.uasset" 1014
"../../../Engine/Plugins/Animation/ControlRig/Content/Controls/ControlRig_Pyramid_1mm.uexp" 1015
"../../../Engine/Plugins/Animation/ControlRig/Content/Controls/ControlRig_Octagon_solid.ubulk" 1016
"../../../Engine/Plugins/Animation/ControlRig/Content/Controls/ControlRig_Octagon_solid.uasset" 1017
"../../../Engine/Plugins/Animation/ControlRig/Content/Controls/ControlRig_Octagon_solid.uexp" 1018
"../../../Engine/Plugins/Animation/ControlRig/Content/Controls/ControlRig_Octagon_3mm.ubulk" 1019
"../../../Engine/Plugins/Animation/ControlRig/Content/Controls/ControlRig_Octagon_3mm.uasset" 1020
"../../../Engine/Plugins/Animation/ControlRig/Content/Controls/ControlRig_Octagon_3mm.uexp" 1021
"../../../Engine/Plugins/Animation/ControlRig/Content/Controls/ControlRig_Octagon_1mm.ubulk" 1022
"../../../Engine/Plugins/Animation/ControlRig/Content/Controls/ControlRig_Octagon_1mm.uasset" 1023
"../../../Engine/Plugins/Animation/ControlRig/Content/Controls/ControlRig_Octagon_1mm.uexp" 1024
"../../../Engine/Plugins/Animation/ControlRig/Content/Controls/ControlRig_Hexagon_solid.ubulk" 1025
"../../../Engine/Plugins/Animation/ControlRig/Content/Controls/ControlRig_Hexagon_solid.uasset" 1026
"../../../Engine/Plugins/Animation/ControlRig/Content/Controls/ControlRig_Hexagon_solid.uexp" 1027
"../../../Engine/Plugins/Animation/ControlRig/Content/Controls/ControlRig_Hexagon_3mm.ubulk" 1028
"../../../Engine/Plugins/Animation/ControlRig/Content/Controls/ControlRig_Hexagon_3mm.uasset" 1029
"../../../Engine/Plugins/Animation/ControlRig/Content/Controls/ControlRig_Hexagon_3mm.uexp" 1030
"../../../Engine/Plugins/Animation/ControlRig/Content/Controls/ControlRig_Hexagon_1mm.ubulk" 1031
"../../../Engine/Plugins/Animation/ControlRig/Content/Controls/ControlRig_Hexagon_1mm.uasset" 1032
"../../../Engine/Plugins/Animation/ControlRig/Content/Controls/ControlRig_Hexagon_1mm.uexp" 1033
"../../../Engine/Plugins/Animation/ControlRig/Content/Controls/ControlRig_HalfCircle_solid.ubulk" 1034
"../../../Engine/Plugins/Animation/ControlRig/Content/Controls/ControlRig_HalfCircle_solid.uasset" 1035
"../../../Engine/Plugins/Animation/ControlRig/Content/Controls/ControlRig_HalfCircle_solid.uexp" 1036
"../../../Engine/Plugins/Animation/ControlRig/Content/Controls/ControlRig_HalfCircle_3mm.ubulk" 1037
"../../../Engine/Plugins/Animation/ControlRig/Content/Controls/ControlRig_HalfCircle_3mm.uasset" 1038
"../../../Engine/Plugins/Animation/ControlRig/Content/Controls/ControlRig_HalfCircle_3mm.uexp" 1039
"../../../Engine/Plugins/Animation/ControlRig/Content/Controls/ControlRig_HalfCircle_1mm.ubulk" 1040
"../../../Engine/Plugins/Animation/ControlRig/Content/Controls/ControlRig_HalfCircle_1mm.uasset" 1041
"../../../Engine/Plugins/Animation/ControlRig/Content/Controls/ControlRig_HalfCircle_1mm.uexp" 1042
"../../../Engine/Plugins/Animation/ControlRig/Content/Controls/ControlRig_Diamond_solid.ubulk" 1043
"../../../Engine/Plugins/Animation/ControlRig/Content/Controls/ControlRig_Diamond_solid.uasset" 1044
"../../../Engine/Plugins/Animation/ControlRig/Content/Controls/ControlRig_Diamond_solid.uexp" 1045
"../../../Engine/Plugins/Animation/ControlRig/Content/Controls/ControlRig_Diamond_3mm.ubulk" 1046
"../../../Engine/Plugins/Animation/ControlRig/Content/Controls/ControlRig_Diamond_3mm.uasset" 1047
"../../../Engine/Plugins/Animation/ControlRig/Content/Controls/ControlRig_Diamond_3mm.uexp" 1048
"../../../Engine/Plugins/Animation/ControlRig/Content/Controls/ControlRig_Diamond_1mm.ubulk" 1049
"../../../Engine/Plugins/Animation/ControlRig/Content/Controls/ControlRig_Diamond_1mm.uasset" 1050
"../../../Engine/Plugins/Animation/ControlRig/Content/Controls/ControlRig_Diamond_1mm.uexp" 1051
"../../../Engine/Plugins/Animation/ControlRig/Content/Controls/ControlRig_Circle_solid.ubulk" 1052
"../../../Engine/Plugins/Animation/ControlRig/Content/Controls/ControlRig_Circle_solid.uasset" 1053
"../../../Engine/Plugins/Animation/ControlRig/Content/Controls/ControlRig_Circle_solid.uexp" 1054
"../../../Engine/Plugins/Animation/ControlRig/Content/Controls/ControlRig_Circle_3mm.ubulk" 1055
"../../../Engine/Plugins/Animation/ControlRig/Content/Controls/ControlRig_Circle_3mm.uasset" 1056
"../../../Engine/Plugins/Animation/ControlRig/Content/Controls/ControlRig_Circle_3mm.uexp" 1057
"../../../Engine/Plugins/Animation/ControlRig/Content/Controls/ControlRig_Circle_1mm.ubulk" 1058
"../../../Engine/Plugins/Animation/ControlRig/Content/Controls/ControlRig_Circle_1mm.uasset" 1059
"../../../Engine/Plugins/Animation/ControlRig/Content/Controls/ControlRig_Circle_1mm.uexp" 1060
"../../../Engine/Plugins/Animation/ControlRig/Content/Controls/ControlRig_Box_solid.ubulk" 1061
"../../../Engine/Plugins/Animation/ControlRig/Content/Controls/ControlRig_Box_solid.uasset" 1062
"../../../Engine/Plugins/Animation/ControlRig/Content/Controls/ControlRig_Box_solid.uexp" 1063
"../../../Engine/Plugins/Animation/ControlRig/Content/Controls/ControlRig_Box_3mm.ubulk" 1064
"../../../Engine/Plugins/Animation/ControlRig/Content/Controls/ControlRig_Box_3mm.uasset" 1065
"../../../Engine/Plugins/Animation/ControlRig/Content/Controls/ControlRig_Box_3mm.uexp" 1066
"../../../Engine/Plugins/Animation/ControlRig/Content/Controls/ControlRig_Box_1mm.ubulk" 1067
"../../../Engine/Plugins/Animation/ControlRig/Content/Controls/ControlRig_Box_1mm.uasset" 1068
"../../../Engine/Plugins/Animation/ControlRig/Content/Controls/ControlRig_Box_1mm.uexp" 1069
"../../../Engine/Plugins/Animation/ControlRig/Content/Controls/ControlRig_Arrow_solid.ubulk" 1070
"../../../Engine/Plugins/Animation/ControlRig/Content/Controls/ControlRig_Arrow_solid.uasset" 1071
"../../../Engine/Plugins/Animation/ControlRig/Content/Controls/ControlRig_Arrow_solid.uexp" 1072
"../../../Engine/Plugins/Animation/ControlRig/Content/Controls/ControlRig_Arrow_3mm.ubulk" 1073
"../../../Engine/Plugins/Animation/ControlRig/Content/Controls/ControlRig_Arrow_3mm.uasset" 1074
"../../../Engine/Plugins/Animation/ControlRig/Content/Controls/ControlRig_Arrow_3mm.uexp" 1075
"../../../Engine/Plugins/Animation/ControlRig/Content/Controls/ControlRig_Arrow_1mm.ubulk" 1076
"../../../Engine/Plugins/Animation/ControlRig/Content/Controls/ControlRig_Arrow_1mm.uasset" 1077
"../../../Engine/Plugins/Animation/ControlRig/Content/Controls/ControlRig_Arrow_1mm.uexp" 1078
"../../../Engine/Plugins/Animation/ControlRig/Content/Controls/ControlRig_Arrow4_solid.ubulk" 1079
"../../../Engine/Plugins/Animation/ControlRig/Content/Controls/ControlRig_Arrow4_solid.uasset" 1080
"../../../Engine/Plugins/Animation/ControlRig/Content/Controls/ControlRig_Arrow4_solid.uexp" 1081
"../../../Engine/Plugins/Animation/ControlRig/Content/Controls/ControlRig_Arrow4_3mm.ubulk" 1082
"../../../Engine/Plugins/Animation/ControlRig/Content/Controls/ControlRig_Arrow4_3mm.uasset" 1083
"../../../Engine/Plugins/Animation/ControlRig/Content/Controls/ControlRig_Arrow4_3mm.uexp" 1084
"../../../Engine/Plugins/Animation/ControlRig/Content/Controls/ControlRig_Arrow4_1mm.ubulk" 1085
"../../../Engine/Plugins/Animation/ControlRig/Content/Controls/ControlRig_Arrow4_1mm.uasset" 1086
"../../../Engine/Plugins/Animation/ControlRig/Content/Controls/ControlRig_Arrow4_1mm.uexp" 1087
"../../../Engine/Plugins/Animation/ControlRig/Content/Controls/ControlRig_Arrow2_solid.ubulk" 1088
"../../../Engine/Plugins/Animation/ControlRig/Content/Controls/ControlRig_Arrow2_solid.uasset" 1089
"../../../Engine/Plugins/Animation/ControlRig/Content/Controls/ControlRig_Arrow2_solid.uexp" 1090
"../../../Engine/Plugins/Animation/ControlRig/Content/Controls/ControlRig_Arrow2_3mm.ubulk" 1091
"../../../Engine/Plugins/Animation/ControlRig/Content/Controls/ControlRig_Arrow2_3mm.uasset" 1092
"../../../Engine/Plugins/Animation/ControlRig/Content/Controls/ControlRig_Arrow2_3mm.uexp" 1093
"../../../Engine/Plugins/Animation/ControlRig/Content/Controls/ControlRig_Arrow2_1mm.ubulk" 1094
"../../../Engine/Plugins/Animation/ControlRig/Content/Controls/ControlRig_Arrow2_1mm.uasset" 1095
"../../../Engine/Plugins/Animation/ControlRig/Content/Controls/ControlRig_Arrow2_1mm.uexp" 1096
"../../../Engine/Content/VREditor/Sounds/UI/Drop_Item_From_ContentBrowser.ubulk" 1097
"../../../Engine/Content/VREditor/Sounds/UI/Drop_Item_From_ContentBrowser.uasset" 1098
"../../../Engine/Content/VREditor/Sounds/UI/Drop_Item_From_ContentBrowser.uexp" 1099
"../../../Engine/Content/VREditor/LaserPointer/VR_LaserPower_01.ubulk" 1100
"../../../Engine/Content/VREditor/LaserPointer/VR_LaserPower_01.uasset" 1101
"../../../Engine/Content/VREditor/LaserPointer/VR_LaserPower_01.uexp" 1102
"../../../Engine/Content/VREditor/TransformGizmo/TransformGizmoMaterial.uasset" 1103
"../../../Engine/Content/VREditor/TransformGizmo/TransformGizmoMaterial.uexp" 1104
"../../../Engine/Content/VREditor/TransformGizmo/TransformGizmoMaterial_Inst.uasset" 1105
"../../../Engine/Content/VREditor/TransformGizmo/TransformGizmoMaterial_Inst.uexp" 1106
"../../../Engine/Content/VREditor/TransformGizmo/TranslucentTransformGizmoMaterial.uasset" 1107
"../../../Engine/Content/VREditor/TransformGizmo/TranslucentTransformGizmoMaterial.uexp" 1108
"../../../Engine/Content/VREditor/TransformGizmo/TranslucentTransformGizmoMaterial_Inst.uasset" 1109
"../../../Engine/Content/VREditor/TransformGizmo/TranslucentTransformGizmoMaterial_Inst.uexp" 1110
"../../../Engine/Content/Functions/Engine_MaterialFunctions02/Math/Transform3x3Matrix.uasset" 1111
"../../../Engine/Content/Functions/Engine_MaterialFunctions02/Math/Transform3x3Matrix.uexp" 1112
"../../../Engine/Content/Functions/Engine_MaterialFunctions02/SplitComponents.uasset" 1113
"../../../Engine/Content/Functions/Engine_MaterialFunctions02/SplitComponents.uexp" 1114
"../../../Engine/Content/VREditor/SnapGrid/SnapGridMaterial.uasset" 1115
"../../../Engine/Content/VREditor/SnapGrid/SnapGridMaterial.uexp" 1116
"../../../Engine/Content/VREditor/SnapGrid/SnapGridPlaneMesh.ubulk" 1117
"../../../Engine/Content/VREditor/SnapGrid/SnapGridPlaneMesh.uasset" 1118
"../../../Engine/Content/VREditor/SnapGrid/SnapGridPlaneMesh.uexp" 1119
"../../../Engine/Content/VREditor/Sounds/UI/Gizmo_Handle_Clicked.ubulk" 1120
"../../../Engine/Content/VREditor/Sounds/UI/Gizmo_Handle_Clicked.uasset" 1121
"../../../Engine/Content/VREditor/Sounds/UI/Gizmo_Handle_Clicked.uexp" 1122
"../../../Engine/Content/VREditor/Sounds/UI/Object_PickUp.ubulk" 1123
"../../../Engine/Content/VREditor/Sounds/UI/Object_PickUp.uasset" 1124
"../../../Engine/Content/VREditor/Sounds/UI/Object_PickUp.uexp" 1125
"../../../Engine/Content/VREditor/Sounds/UI/Object_Snaps_To_Another_Actor.ubulk" 1126
"../../../Engine/Content/VREditor/Sounds/UI/Object_Snaps_To_Another_Actor.uasset" 1127
"../../../Engine/Content/VREditor/Sounds/UI/Object_Snaps_To_Another_Actor.uexp" 1128
"../../../Engine/Content/VREditor/Sounds/UI/Object_Snaps_To_Grid.ubulk" 1129
"../../../Engine/Content/VREditor/Sounds/UI/Object_Snaps_To_Grid.uasset" 1130
"../../../Engine/Content/VREditor/Sounds/UI/Object_Snaps_To_Grid.uexp" 1131
"../../../Engine/Content/VREditor/Sounds/UI/Scaling_Down.ubulk" 1132
"../../../Engine/Content/VREditor/Sounds/UI/Scaling_Down.uasset" 1133
"../../../Engine/Content/VREditor/Sounds/UI/Scaling_Down.uexp" 1134
"../../../Engine/Content/VREditor/Sounds/UI/Scaling_Up.ubulk" 1135
"../../../Engine/Content/VREditor/Sounds/UI/Scaling_Up.uasset" 1136
"../../../Engine/Content/VREditor/Sounds/UI/Scaling_Up.uexp" 1137
"../../../Engine/Content/VREditor/Sounds/UI/Selection_Changes.ubulk" 1138
"../../../Engine/Content/VREditor/Sounds/UI/Selection_Changes.uasset" 1139
"../../../Engine/Content/VREditor/Sounds/UI/Selection_Changes.uexp" 1140
"../../../Engine/Content/VREditor/TransformGizmo/PlaneTranslationHandle.ubulk" 1141
"../../../Engine/Content/VREditor/TransformGizmo/PlaneTranslationHandle.uasset" 1142
"../../../Engine/Content/VREditor/TransformGizmo/PlaneTranslationHandle.uexp" 1143
"../../../Engine/Content/VREditor/TransformGizmo/RotationHandleFull.ubulk" 1144
"../../../Engine/Content/VREditor/TransformGizmo/RotationHandleFull.uasset" 1145
"../../../Engine/Content/VREditor/TransformGizmo/RotationHandleFull.uexp" 1146
"../../../Engine/Content/VREditor/TransformGizmo/RotationHandleIndicator.ubulk" 1147
"../../../Engine/Content/VREditor/TransformGizmo/RotationHandleIndicator.uasset" 1148
"../../../Engine/Content/VREditor/TransformGizmo/RotationHandleIndicator.uexp" 1149
"../../../Engine/Content/VREditor/TransformGizmo/RotationHandleQuarter.ubulk" 1150
"../../../Engine/Content/VREditor/TransformGizmo/RotationHandleQuarter.uasset" 1151
"../../../Engine/Content/VREditor/TransformGizmo/RotationHandleQuarter.uexp" 1152
"../../../Engine/Content/VREditor/TransformGizmo/StartRotationHandleIndicator.ubulk" 1153
"../../../Engine/Content/VREditor/TransformGizmo/StartRotationHandleIndicator.uasset" 1154
"../../../Engine/Content/VREditor/TransformGizmo/StartRotationHandleIndicator.uexp" 1155
"../../../Engine/Content/VREditor/TransformGizmo/TransformGizmoFreeRotation.ubulk" 1156
"../../../Engine/Content/VREditor/TransformGizmo/TransformGizmoFreeRotation.uasset" 1157
"../../../Engine/Content/VREditor/TransformGizmo/TransformGizmoFreeRotation.uexp" 1158
"../../../Engine/Content/VREditor/TransformGizmo/TranslateArrowHandle.ubulk" 1159
"../../../Engine/Content/VREditor/TransformGizmo/TranslateArrowHandle.uasset" 1160
"../../../Engine/Content/VREditor/TransformGizmo/TranslateArrowHandle.uexp" 1161
"../../../Engine/Content/VREditor/TransformGizmo/UniformScaleHandle.ubulk" 1162
"../../../Engine/Content/VREditor/TransformGizmo/UniformScaleHandle.uasset" 1163
"../../../Engine/Content/VREditor/TransformGizmo/UniformScaleHandle.uexp" 1164
"../../../Engine/Content/EngineResources/LandscapeVisibilityLayerInfo.uasset" 1165
"../../../Engine/Content/EngineResources/LandscapeVisibilityLayerInfo.uexp" 1166
"../../../Engine/Content/EngineResources/WhiteSquareTexture.uasset" 1167
"../../../Engine/Content/EngineResources/WhiteSquareTexture.uexp" 1168
"../../../Engine/Content/EngineMaterials/Widget3DPassThrough.uasset" 1169
"../../../Engine/Content/EngineMaterials/Widget3DPassThrough.uexp" 1170
"../../../Engine/Content/EngineMaterials/Widget3DPassThrough_Translucent.uasset" 1171
"../../../Engine/Content/EngineMaterials/Widget3DPassThrough_Translucent.uexp" 1172
"../../../Engine/Content/EngineMaterials/Widget3DPassThrough_Translucent_OneSided.uasset" 1173
"../../../Engine/Content/EngineMaterials/Widget3DPassThrough_Translucent_OneSided.uexp" 1174
"../../../Engine/Content/EngineMaterials/Widget3DPassThrough_Opaque.uasset" 1175
"../../../Engine/Content/EngineMaterials/Widget3DPassThrough_Opaque.uexp" 1176
"../../../Engine/Content/EngineMaterials/Widget3DPassThrough_Opaque_OneSided.uasset" 1177
"../../../Engine/Content/EngineMaterials/Widget3DPassThrough_Opaque_OneSided.uexp" 1178
"../../../Engine/Content/EngineMaterials/Widget3DPassThrough_Masked_OneSided.uasset" 1179
"../../../Engine/Content/EngineMaterials/Widget3DPassThrough_Masked_OneSided.uexp" 1180
"../../../Engine/Content/EngineMaterials/Widget3DPassThrough_Masked.uasset" 1181
"../../../Engine/Content/EngineMaterials/Widget3DPassThrough_Masked.uexp" 1182
"../../../Engine/Content/EngineMaterials/WeightMapPlaceholderTexture.uasset" 1183
"../../../Engine/Content/EngineMaterials/WeightMapPlaceholderTexture.uexp" 1184
"../../../Engine/Content/EngineMaterials/WeightMapArrayPlaceholderTexture.uasset" 1185
"../../../Engine/Content/EngineMaterials/WeightMapArrayPlaceholderTexture.uexp" 1186
"../../../Engine/Content/VREditor/TransformGizmo/BoundingBoxEdge.ubulk" 1187
"../../../Engine/Content/VREditor/TransformGizmo/BoundingBoxEdge.uasset" 1188
"../../../Engine/Content/VREditor/TransformGizmo/BoundingBoxEdge.uexp" 1189
"../../../Engine/Content/VREditor/TransformGizmo/BoundingBoxCorner.ubulk" 1190
"../../../Engine/Content/VREditor/TransformGizmo/BoundingBoxCorner.uasset" 1191
"../../../Engine/Content/VREditor/TransformGizmo/BoundingBoxCorner.uexp" 1192
"../../../Engine/Plugins/Interchange/Assets/Content/gltf/Textures/T_White_srgb.uasset" 1193
"../../../Engine/Plugins/Interchange/Assets/Content/gltf/Textures/T_White_srgb.uexp" 1194
"../../../Engine/Plugins/Interchange/Assets/Content/gltf/MaterialFunctions/MF_BaseColor.uasset" 1195
"../../../Engine/Plugins/Interchange/Assets/Content/gltf/MaterialFunctions/MF_BaseColor.uexp" 1196
"../../../Engine/Plugins/Interchange/Assets/Content/gltf/MaterialFunctions/MF_RotateV2.uasset" 1197
"../../../Engine/Plugins/Interchange/Assets/Content/gltf/MaterialFunctions/MF_RotateV2.uexp" 1198
"../../../Engine/Plugins/Interchange/Assets/Content/gltf/MaterialFunctions/MF_TransformUVs.uasset" 1199
"../../../Engine/Plugins/Interchange/Assets/Content/gltf/MaterialFunctions/MF_TransformUVs.uexp" 1200
"../../../Engine/Plugins/Interchange/Assets/Content/gltf/MaterialBodies/MF_Unlit_Body.uasset" 1201
"../../../Engine/Plugins/Interchange/Assets/Content/gltf/MaterialBodies/MF_Unlit_Body.uexp" 1202
"../../../Engine/Plugins/Interchange/Assets/Content/gltf/M_Unlit.uasset" 1203
"../../../Engine/Plugins/Interchange/Assets/Content/gltf/M_Unlit.uexp" 1204
"../../../Engine/Plugins/Interchange/Assets/Content/gltf/MaterialInstances/MI_Unlit_Opaque_DS.uasset" 1205
"../../../Engine/Plugins/Interchange/Assets/Content/gltf/MaterialInstances/MI_Unlit_Opaque_DS.uexp" 1206
"../../../Engine/Plugins/Interchange/Assets/Content/gltf/MaterialInstances/MI_Unlit_Opaque.uasset" 1207
"../../../Engine/Plugins/Interchange/Assets/Content/gltf/MaterialInstances/MI_Unlit_Opaque.uexp" 1208
"../../../Engine/Plugins/Interchange/Assets/Content/gltf/MaterialInstances/MI_Unlit_Mask_DS.uasset" 1209
"../../../Engine/Plugins/Interchange/Assets/Content/gltf/MaterialInstances/MI_Unlit_Mask_DS.uexp" 1210
"../../../Engine/Plugins/Interchange/Assets/Content/gltf/MaterialInstances/MI_Unlit_Mask.uasset" 1211
"../../../Engine/Plugins/Interchange/Assets/Content/gltf/MaterialInstances/MI_Unlit_Mask.uexp" 1212
"../../../Engine/Plugins/Interchange/Assets/Content/gltf/MaterialInstances/MI_Unlit_Blend_DS.uasset" 1213
"../../../Engine/Plugins/Interchange/Assets/Content/gltf/MaterialInstances/MI_Unlit_Blend_DS.uexp" 1214
"../../../Engine/Plugins/Interchange/Assets/Content/gltf/MaterialInstances/MI_Unlit_Blend.uasset" 1215
"../../../Engine/Plugins/Interchange/Assets/Content/gltf/MaterialInstances/MI_Unlit_Blend.uexp" 1216
"../../../Engine/Content/EngineMaterials/Good64x64TilingNoiseHighFreq.uasset" 1217
"../../../Engine/Content/EngineMaterials/Good64x64TilingNoiseHighFreq.uexp" 1218
"../../../Engine/Content/Functions/Engine_MaterialFunctions02/Texturing/ScreenAlignedPixelToPixelUVs.uasset" 1219
"../../../Engine/Content/Functions/Engine_MaterialFunctions02/Texturing/ScreenAlignedPixelToPixelUVs.uexp" 1220
"../../../Engine/Plugins/Interchange/Assets/Content/Utilities/New_LUT.uasset" 1221
"../../../Engine/Plugins/Interchange/Assets/Content/Utilities/New_LUT.uexp" 1222
"../../../Engine/Content/Functions/Engine_MaterialFunctions03/Math/RemapValueRange.uasset" 1223
"../../../Engine/Content/Functions/Engine_MaterialFunctions03/Math/RemapValueRange.uexp" 1224
"../../../Engine/Plugins/Interchange/Assets/Content/Functions/MF_Iridescence.uasset" 1225
"../../../Engine/Plugins/Interchange/Assets/Content/Functions/MF_Iridescence.uexp" 1226
"../../../Engine/Plugins/Interchange/Assets/Content/gltf/MaterialFunctions/MF_Fresnel_DS.uasset" 1227
"../../../Engine/Plugins/Interchange/Assets/Content/gltf/MaterialFunctions/MF_Fresnel_DS.uexp" 1228
"../../../Engine/Plugins/Interchange/Assets/Content/gltf/MaterialFunctions/MF_IOR.uasset" 1229
"../../../Engine/Plugins/Interchange/Assets/Content/gltf/MaterialFunctions/MF_IOR.uexp" 1230
"../../../Engine/Plugins/Interchange/Assets/Content/gltf/MaterialFunctions/MF_Iridescence.uasset" 1231
"../../../Engine/Plugins/Interchange/Assets/Content/gltf/MaterialFunctions/MF_Iridescence.uexp" 1232
"../../../Engine/Plugins/Interchange/Assets/Content/gltf/Textures/T_White_Linear.uasset" 1233
"../../../Engine/Plugins/Interchange/Assets/Content/gltf/Textures/T_White_Linear.uexp" 1234
"../../../Engine/Plugins/Interchange/Assets/Content/gltf/MaterialFunctions/MF_MetallicRoughness.uasset" 1235
"../../../Engine/Plugins/Interchange/Assets/Content/gltf/MaterialFunctions/MF_MetallicRoughness.uexp" 1236
"../../../Engine/Plugins/Interchange/Assets/Content/gltf/MaterialFunctions/MF_RotateNormals_TS.uasset" 1237
"../../../Engine/Plugins/Interchange/Assets/Content/gltf/MaterialFunctions/MF_RotateNormals_TS.uexp" 1238
"../../../Engine/Plugins/Interchange/Assets/Content/gltf/MaterialFunctions/MF_ScaleNormal.uasset" 1239
"../../../Engine/Plugins/Interchange/Assets/Content/gltf/MaterialFunctions/MF_ScaleNormal.uexp" 1240
"../../../Engine/Plugins/Interchange/Assets/Content/gltf/Textures/T_Generic_N.uasset" 1241
"../../../Engine/Plugins/Interchange/Assets/Content/gltf/Textures/T_Generic_N.uexp" 1242
"../../../Engine/Plugins/Interchange/Assets/Content/gltf/MaterialFunctions/MF_Normals.uasset" 1243
"../../../Engine/Plugins/Interchange/Assets/Content/gltf/MaterialFunctions/MF_Normals.uexp" 1244
"../../../Engine/Plugins/Interchange/Assets/Content/gltf/MaterialFunctions/MF_Occlusion.uasset" 1245
"../../../Engine/Plugins/Interchange/Assets/Content/gltf/MaterialFunctions/MF_Occlusion.uexp" 1246
"../../../Engine/Plugins/Interchange/Assets/Content/gltf/MaterialFunctions/MF_Specular.uasset" 1247
"../../../Engine/Plugins/Interchange/Assets/Content/gltf/MaterialFunctions/MF_Specular.uexp" 1248
"../../../Engine/Plugins/Interchange/Assets/Content/gltf/Textures/T_Anisotropy_Direction_Linear.uasset" 1249
"../../../Engine/Plugins/Interchange/Assets/Content/gltf/Textures/T_Anisotropy_Direction_Linear.uexp" 1250
"../../../Engine/Plugins/Interchange/Assets/Content/gltf/MaterialFunctions/MF_SpecularAnisotropy.uasset" 1251
"../../../Engine/Plugins/Interchange/Assets/Content/gltf/MaterialFunctions/MF_SpecularAnisotropy.uexp" 1252
"../../../Engine/Plugins/Interchange/Assets/Content/gltf/MaterialFunctions/MF_Temporal_Blur.uasset" 1253
"../../../Engine/Plugins/Interchange/Assets/Content/gltf/MaterialFunctions/MF_Temporal_Blur.uexp" 1254
"../../../Engine/Plugins/Interchange/Assets/Content/gltf/MaterialFunctions/MF_Transmission.uasset" 1255
"../../../Engine/Plugins/Interchange/Assets/Content/gltf/MaterialFunctions/MF_Transmission.uexp" 1256
"../../../Engine/Plugins/Interchange/Assets/Content/gltf/MaterialBodies/MF_Transmission_Body.uasset" 1257
"../../../Engine/Plugins/Interchange/Assets/Content/gltf/MaterialBodies/MF_Transmission_Body.uexp" 1258
"../../../Engine/Plugins/Interchange/Assets/Content/gltf/M_Transmission.uasset" 1259
"../../../Engine/Plugins/Interchange/Assets/Content/gltf/M_Transmission.uexp" 1260
"../../../Engine/Plugins/Interchange/Assets/Content/gltf/MaterialInstances/MI_Transmission_DS.uasset" 1261
"../../../Engine/Plugins/Interchange/Assets/Content/gltf/MaterialInstances/MI_Transmission_DS.uexp" 1262
"../../../Engine/Plugins/Interchange/Assets/Content/gltf/MaterialInstances/MI_Transmission.uasset" 1263
"../../../Engine/Plugins/Interchange/Assets/Content/gltf/MaterialInstances/MI_Transmission.uexp" 1264
"../../../Engine/Content/Functions/Engine_MaterialFunctions02/Math/AddComponents.uasset" 1265
"../../../Engine/Content/Functions/Engine_MaterialFunctions02/Math/AddComponents.uexp" 1266
"../../../Engine/Plugins/Interchange/Assets/Content/gltf/MaterialFunctions/MF_DiffuseSpecGloss.uasset" 1267
"../../../Engine/Plugins/Interchange/Assets/Content/gltf/MaterialFunctions/MF_DiffuseSpecGloss.uexp" 1268
"../../../Engine/Plugins/Interchange/Assets/Content/gltf/MaterialFunctions/MF_Emissive.uasset" 1269
"../../../Engine/Plugins/Interchange/Assets/Content/gltf/MaterialFunctions/MF_Emissive.uexp" 1270
"../../../Engine/Plugins/Interchange/Assets/Content/gltf/MaterialFunctions/MF_MaxComponentValue.uasset" 1271
"../../../Engine/Plugins/Interchange/Assets/Content/gltf/MaterialFunctions/MF_MaxComponentValue.uexp" 1272
"../../../Engine/Plugins/Interchange/Assets/Content/gltf/MaterialFunctions/MF_PerceivedBrightness.uasset" 1273
"../../../Engine/Plugins/Interchange/Assets/Content/gltf/MaterialFunctions/MF_PerceivedBrightness.uexp" 1274
"../../../Engine/Plugins/Interchange/Assets/Content/gltf/MaterialFunctions/MF_SpecGlossToMetalRoughness.uasset" 1275
"../../../Engine/Plugins/Interchange/Assets/Content/gltf/MaterialFunctions/MF_SpecGlossToMetalRoughness.uexp" 1276
"../../../Engine/Plugins/Interchange/Assets/Content/gltf/MaterialBodies/MF_SpecularGlossiness_Body.uasset" 1277
"../../../Engine/Plugins/Interchange/Assets/Content/gltf/MaterialBodies/MF_SpecularGlossiness_Body.uexp" 1278
"../../../Engine/Plugins/Interchange/Assets/Content/gltf/M_SpecularGlossiness.uasset" 1279
"../../../Engine/Plugins/Interchange/Assets/Content/gltf/M_SpecularGlossiness.uexp" 1280
"../../../Engine/Plugins/Interchange/Assets/Content/gltf/MaterialInstances/MI_SpecularGlossiness_Opaque_DS.uasset" 1281
"../../../Engine/Plugins/Interchange/Assets/Content/gltf/MaterialInstances/MI_SpecularGlossiness_Opaque_DS.uexp" 1282
"../../../Engine/Plugins/Interchange/Assets/Content/gltf/MaterialInstances/MI_SpecularGlossiness_Opaque.uasset" 1283
"../../../Engine/Plugins/Interchange/Assets/Content/gltf/MaterialInstances/MI_SpecularGlossiness_Opaque.uexp" 1284
"../../../Engine/Plugins/Interchange/Assets/Content/gltf/MaterialInstances/MI_SpecularGlossiness_Mask_DS.uasset" 1285
"../../../Engine/Plugins/Interchange/Assets/Content/gltf/MaterialInstances/MI_SpecularGlossiness_Mask_DS.uexp" 1286
"../../../Engine/Plugins/Interchange/Assets/Content/gltf/MaterialInstances/MI_SpecularGlossiness_Mask.uasset" 1287
"../../../Engine/Plugins/Interchange/Assets/Content/gltf/MaterialInstances/MI_SpecularGlossiness_Mask.uexp" 1288
"../../../Engine/Plugins/Interchange/Assets/Content/gltf/MaterialInstances/MI_SpecularGlossiness_Blend_DS.uasset" 1289
"../../../Engine/Plugins/Interchange/Assets/Content/gltf/MaterialInstances/MI_SpecularGlossiness_Blend_DS.uexp" 1290
"../../../Engine/Plugins/Interchange/Assets/Content/gltf/MaterialInstances/MI_SpecularGlossiness_Blend.uasset" 1291
"../../../Engine/Plugins/Interchange/Assets/Content/gltf/MaterialInstances/MI_SpecularGlossiness_Blend.uexp" 1292
"../../../Engine/Plugins/Interchange/Assets/Content/gltf/MaterialFunctions/MF_Sheen.uasset" 1293
"../../../Engine/Plugins/Interchange/Assets/Content/gltf/MaterialFunctions/MF_Sheen.uexp" 1294
"../../../Engine/Plugins/Interchange/Assets/Content/gltf/MaterialBodies/MF_Sheen_Body.uasset" 1295
"../../../Engine/Plugins/Interchange/Assets/Content/gltf/MaterialBodies/MF_Sheen_Body.uexp" 1296
"../../../Engine/Plugins/Interchange/Assets/Content/gltf/M_Sheen.uasset" 1297
"../../../Engine/Plugins/Interchange/Assets/Content/gltf/M_Sheen.uexp" 1298
"../../../Engine/Plugins/Interchange/Assets/Content/gltf/MaterialInstances/MI_Sheen_Opaque_DS.uasset" 1299
"../../../Engine/Plugins/Interchange/Assets/Content/gltf/MaterialInstances/MI_Sheen_Opaque_DS.uexp" 1300
"../../../Engine/Plugins/Interchange/Assets/Content/gltf/MaterialInstances/MI_Sheen_Opaque.uasset" 1301
"../../../Engine/Plugins/Interchange/Assets/Content/gltf/MaterialInstances/MI_Sheen_Opaque.uexp" 1302
"../../../Engine/Plugins/Interchange/Assets/Content/gltf/MaterialInstances/MI_Sheen_Mask_DS.uasset" 1303
"../../../Engine/Plugins/Interchange/Assets/Content/gltf/MaterialInstances/MI_Sheen_Mask_DS.uexp" 1304
"../../../Engine/Plugins/Interchange/Assets/Content/gltf/MaterialInstances/MI_Sheen_Mask.uasset" 1305
"../../../Engine/Plugins/Interchange/Assets/Content/gltf/MaterialInstances/MI_Sheen_Mask.uexp" 1306
"../../../Engine/Plugins/Interchange/Assets/Content/gltf/MaterialInstances/MI_Sheen_Blend_DS.uasset" 1307
"../../../Engine/Plugins/Interchange/Assets/Content/gltf/MaterialInstances/MI_Sheen_Blend_DS.uexp" 1308
"../../../Engine/Plugins/Interchange/Assets/Content/gltf/MaterialInstances/MI_Sheen_Blend.uasset" 1309
"../../../Engine/Plugins/Interchange/Assets/Content/gltf/MaterialInstances/MI_Sheen_Blend.uexp" 1310
"../../../Engine/Plugins/Interchange/Assets/Content/gltf/MaterialBodies/MF_Default_Body.uasset" 1311
"../../../Engine/Plugins/Interchange/Assets/Content/gltf/MaterialBodies/MF_Default_Body.uexp" 1312
"../../../Engine/Plugins/Interchange/Assets/Content/gltf/M_Default.uasset" 1313
"../../../Engine/Plugins/Interchange/Assets/Content/gltf/M_Default.uexp" 1314
"../../../Engine/Plugins/Interchange/Assets/Content/gltf/MaterialInstances/MI_Default_Opaque_DS.uasset" 1315
"../../../Engine/Plugins/Interchange/Assets/Content/gltf/MaterialInstances/MI_Default_Opaque_DS.uexp" 1316
"../../../Engine/Plugins/Interchange/Assets/Content/gltf/MaterialInstances/MI_Default_Opaque.uasset" 1317
"../../../Engine/Plugins/Interchange/Assets/Content/gltf/MaterialInstances/MI_Default_Opaque.uexp" 1318
"../../../Engine/Plugins/Interchange/Assets/Content/gltf/MaterialInstances/MI_Default_Mask_DS.uasset" 1319
"../../../Engine/Plugins/Interchange/Assets/Content/gltf/MaterialInstances/MI_Default_Mask_DS.uexp" 1320
"../../../Engine/Plugins/Interchange/Assets/Content/gltf/MaterialInstances/MI_Default_Mask.uasset" 1321
"../../../Engine/Plugins/Interchange/Assets/Content/gltf/MaterialInstances/MI_Default_Mask.uexp" 1322
"../../../Engine/Plugins/Interchange/Assets/Content/gltf/MaterialInstances/MI_Default_Blend_DS.uasset" 1323
"../../../Engine/Plugins/Interchange/Assets/Content/gltf/MaterialInstances/MI_Default_Blend_DS.uexp" 1324
"../../../Engine/Plugins/Interchange/Assets/Content/gltf/MaterialInstances/MI_Default_Blend.uasset" 1325
"../../../Engine/Plugins/Interchange/Assets/Content/gltf/MaterialInstances/MI_Default_Blend.uexp" 1326
"../../../Engine/Content/Functions/Engine_MaterialFunctions01/Texturing/FlattenNormal.uasset" 1327
"../../../Engine/Content/Functions/Engine_MaterialFunctions01/Texturing/FlattenNormal.uexp" 1328
"../../../Engine/Plugins/Interchange/Assets/Content/gltf/MaterialFunctions/MF_Clearcoat.uasset" 1329
"../../../Engine/Plugins/Interchange/Assets/Content/gltf/MaterialFunctions/MF_Clearcoat.uexp" 1330
"../../../Engine/Plugins/Interchange/Assets/Content/gltf/MaterialBodies/MF_ClearCoat_Body.uasset" 1331
"../../../Engine/Plugins/Interchange/Assets/Content/gltf/MaterialBodies/MF_ClearCoat_Body.uexp" 1332
"../../../Engine/Plugins/Interchange/Assets/Content/gltf/M_ClearCoat.uasset" 1333
"../../../Engine/Plugins/Interchange/Assets/Content/gltf/M_ClearCoat.uexp" 1334
"../../../Engine/Plugins/Interchange/Assets/Content/gltf/MaterialInstances/MI_ClearCoat_Opaque_DS.uasset" 1335
"../../../Engine/Plugins/Interchange/Assets/Content/gltf/MaterialInstances/MI_ClearCoat_Opaque_DS.uexp" 1336
"../../../Engine/Plugins/Interchange/Assets/Content/gltf/MaterialInstances/MI_ClearCoat_Opaque.uasset" 1337
"../../../Engine/Plugins/Interchange/Assets/Content/gltf/MaterialInstances/MI_ClearCoat_Opaque.uexp" 1338
"../../../Engine/Plugins/Interchange/Assets/Content/gltf/MaterialInstances/MI_ClearCoat_Mask_DS.uasset" 1339
"../../../Engine/Plugins/Interchange/Assets/Content/gltf/MaterialInstances/MI_ClearCoat_Mask_DS.uexp" 1340
"../../../Engine/Plugins/Interchange/Assets/Content/gltf/MaterialInstances/MI_ClearCoat_Mask.uasset" 1341
"../../../Engine/Plugins/Interchange/Assets/Content/gltf/MaterialInstances/MI_ClearCoat_Mask.uexp" 1342
"../../../Engine/Plugins/Interchange/Assets/Content/gltf/MaterialInstances/MI_ClearCoat_Blend_DS.uasset" 1343
"../../../Engine/Plugins/Interchange/Assets/Content/gltf/MaterialInstances/MI_ClearCoat_Blend_DS.uexp" 1344
"../../../Engine/Plugins/Interchange/Assets/Content/gltf/MaterialInstances/MI_ClearCoat_Blend.uasset" 1345
"../../../Engine/Plugins/Interchange/Assets/Content/gltf/MaterialInstances/MI_ClearCoat_Blend.uexp" 1346
"../../../Engine/Content/EngineMaterials/Substrate/Volume/SubstrateSimpleVolumeLUT3D.uasset" 1347
"../../../Engine/Content/EngineMaterials/Substrate/Volume/SubstrateSimpleVolumeLUT3D.uexp" 1348
"../../../Engine/Content/EngineMaterials/Substrate/Volume/SubstrateSimpleVolumeEnvLUT3D.uasset" 1349
"../../../Engine/Content/EngineMaterials/Substrate/Volume/SubstrateSimpleVolumeEnvLUT3D.uexp" 1350
"../../../Engine/Content/EngineMaterials/Substrate/Glints2/AGlintTex2dArray2.uasset" 1351
"../../../Engine/Content/EngineMaterials/Substrate/Glints2/AGlintTex2dArray2.uexp" 1352
"../../../Engine/Content/EngineMaterials/Substrate/GLints/AGlintTex2dArray.uasset" 1353
"../../../Engine/Content/EngineMaterials/Substrate/GLints/AGlintTex2dArray.uexp" 1354
"../../../Engine/Content/ArtTools/RenderToTexture/Meshes/S_1_Unit_Plane.ubulk" 1355
"../../../Engine/Content/ArtTools/RenderToTexture/Meshes/S_1_Unit_Plane.uasset" 1356
"../../../Engine/Content/ArtTools/RenderToTexture/Meshes/S_1_Unit_Plane.uexp" 1357
"../../../Engine/Plugins/FX/Niagara/Content/VectorFields/Assets/TilingCurl32.uasset" 1358
"../../../Engine/Plugins/FX/Niagara/Content/VectorFields/Assets/TilingCurl32.uexp" 1359
"C:/Unreal/Flip_Side/Content/Effect/Material/M_Lightning.uasset" 1360
"C:/Unreal/Flip_Side/Content/Effect/Material/M_Lightning.uexp" 1361
"C:/Unreal/Flip_Side/Content/Effect/BossEffects/Groggy/NS_GroggyBoss_Pattern3.uasset" 1362
"C:/Unreal/Flip_Side/Content/Effect/BossEffects/Groggy/NS_GroggyBoss_Pattern3.uexp" 1363
"../../../Engine/Content/EditorMeshes/EditorSphere.ubulk" 1364
"../../../Engine/Content/EditorMeshes/EditorSphere.uasset" 1365
"../../../Engine/Content/EditorMeshes/EditorSphere.uexp" 1366
"C:/Unreal/Flip_Side/Content/Effect/Textures/T_Smoke.ubulk" 1367
"C:/Unreal/Flip_Side/Content/Effect/Textures/T_Smoke.uasset" 1368
"C:/Unreal/Flip_Side/Content/Effect/Textures/T_Smoke.uexp" 1369
"C:/Unreal/Flip_Side/Content/Effect/Material/M_NS_Smoke.uasset" 1370
"C:/Unreal/Flip_Side/Content/Effect/Material/M_NS_Smoke.uexp" 1371
"C:/Unreal/Flip_Side/Content/Effect/Material/M_NS_Ring.uasset" 1372
"C:/Unreal/Flip_Side/Content/Effect/Material/M_NS_Ring.uexp" 1373
"C:/Unreal/Flip_Side/Content/Effect/BossEffects/Groggy/NS_GroggyBoss_Pattern2.uasset" 1374
"C:/Unreal/Flip_Side/Content/Effect/BossEffects/Groggy/NS_GroggyBoss_Pattern2.uexp" 1375
"../../../Engine/Content/Functions/Engine_MaterialFunctions02/ExampleContent/Textures/flipbook.ubulk" 1376
"../../../Engine/Content/Functions/Engine_MaterialFunctions02/ExampleContent/Textures/flipbook.uasset" 1377
"../../../Engine/Content/Functions/Engine_MaterialFunctions02/ExampleContent/Textures/flipbook.uexp" 1378
"../../../Engine/Content/Functions/Engine_MaterialFunctions01/Texturing/ComputeMipLevel.uasset" 1379
"../../../Engine/Content/Functions/Engine_MaterialFunctions01/Texturing/ComputeMipLevel.uexp" 1380
"../../../Engine/Content/Functions/Engine_MaterialFunctions02/ExampleContent/Textures/DebugNumberPeriod.uasset" 1381
"../../../Engine/Content/Functions/Engine_MaterialFunctions02/ExampleContent/Textures/DebugNumberPeriod.uexp" 1382
"../../../Engine/Content/Functions/Engine_MaterialFunctions02/Utility/DebugScalarValues.uasset" 1383
"../../../Engine/Content/Functions/Engine_MaterialFunctions02/Utility/DebugScalarValues.uexp" 1384
"../../../Engine/Content/Functions/Engine_MaterialFunctions02/Utility/DebugFloat2Values.uasset" 1385
"../../../Engine/Content/Functions/Engine_MaterialFunctions02/Utility/DebugFloat2Values.uexp" 1386
"../../../Engine/Content/Functions/Engine_MaterialFunctions02/Texturing/FlipBook.uasset" 1387
"../../../Engine/Content/Functions/Engine_MaterialFunctions02/Texturing/FlipBook.uexp" 1388
"C:/Unreal/Flip_Side/Content/Effect/Textures/T_Lightning.uasset" 1389
"C:/Unreal/Flip_Side/Content/Effect/Textures/T_Lightning.uexp" 1390
"C:/Unreal/Flip_Side/Content/Effect/Textures/normal_noise_texture_512.ubulk" 1391
"C:/Unreal/Flip_Side/Content/Effect/Textures/normal_noise_texture_512.uasset" 1392
"C:/Unreal/Flip_Side/Content/Effect/Textures/normal_noise_texture_512.uexp" 1393
"../../../Engine/Content/Functions/Engine_MaterialFunctions01/ImageAdjustment/DeriveHDRfromLDR.uasset" 1394
"../../../Engine/Content/Functions/Engine_MaterialFunctions01/ImageAdjustment/DeriveHDRfromLDR.uexp" 1395
"C:/Unreal/Flip_Side/Content/Effect/Material/M_Lightning_Sub.uasset" 1396
"C:/Unreal/Flip_Side/Content/Effect/Material/M_Lightning_Sub.uexp" 1397
"C:/Unreal/Flip_Side/Content/Effect/BossEffects/Groggy/NS_GroggyBoss_Pattern1.uasset" 1398
"C:/Unreal/Flip_Side/Content/Effect/BossEffects/Groggy/NS_GroggyBoss_Pattern1.uexp" 1399
"C:/Unreal/Flip_Side/Content/Boss/Anims/Poison/Meshy_AI_biped_Animation_Slap_Reaction_withSkin_Anim.uasset" 1400
"C:/Unreal/Flip_Side/Content/Boss/Anims/Poison/Meshy_AI_biped_Animation_Slap_Reaction_withSkin_Anim.uexp" 1401
"C:/Unreal/Flip_Side/Content/Boss/Montages/Poison/Poison_Hit.uasset" 1402
"C:/Unreal/Flip_Side/Content/Boss/Montages/Poison/Poison_Hit.uexp" 1403
"C:/Unreal/Flip_Side/Content/Boss/Anims/Poison/Meshy_AI_biped_Animation_Strangled_and_Fall_Forward_without_skin.uasset" 1404
"C:/Unreal/Flip_Side/Content/Boss/Anims/Poison/Meshy_AI_biped_Animation_Strangled_and_Fall_Forward_without_skin.uexp" 1405
"C:/Unreal/Flip_Side/Content/Boss/Montages/Poison/Poison_Death.uasset" 1406
"C:/Unreal/Flip_Side/Content/Boss/Montages/Poison/Poison_Death.uexp" 1407
"C:/Unreal/Flip_Side/Content/Boss/Anims/Poison/Meshy_AI_biped_Animation_Skill_01_withSkin_Anim.uasset" 1408
"C:/Unreal/Flip_Side/Content/Boss/Anims/Poison/Meshy_AI_biped_Animation_Skill_01_withSkin_Anim.uexp" 1409
"C:/Unreal/Flip_Side/Content/Boss/Montages/Poison/Mon_Poison_Shield.uasset" 1410
"C:/Unreal/Flip_Side/Content/Boss/Montages/Poison/Mon_Poison_Shield.uexp" 1411
"C:/Unreal/Flip_Side/Content/Boss/Anims/Poison/Meshy_AI_biped_Animation_Charged_Slash_withSkin_Anim.uasset" 1412
"C:/Unreal/Flip_Side/Content/Boss/Anims/Poison/Meshy_AI_biped_Animation_Charged_Slash_withSkin_Anim.uexp" 1413
"C:/Unreal/Flip_Side/Content/Boss/Montages/Poison/Mon_Poison_Attack2.uasset" 1414
"C:/Unreal/Flip_Side/Content/Boss/Montages/Poison/Mon_Poison_Attack2.uexp" 1415
"C:/Unreal/Flip_Side/Content/Boss/Anims/Poison/Meshy_AI_biped_Animation_mage_soell_cast_1_withSkin_Anim.uasset" 1416
"C:/Unreal/Flip_Side/Content/Boss/Anims/Poison/Meshy_AI_biped_Animation_mage_soell_cast_1_withSkin_Anim.uexp" 1417
"C:/Unreal/Flip_Side/Content/Boss/Montages/Poison/Mon_Poison_Attack1.uasset" 1418
"C:/Unreal/Flip_Side/Content/Boss/Montages/Poison/Mon_Poison_Attack1.uexp" 1419
"C:/Unreal/Flip_Side/Content/Boss/Anims/Groggy/Groggy_Pattern_3.uasset" 1420
"C:/Unreal/Flip_Side/Content/Boss/Anims/Groggy/Groggy_Pattern_3.uexp" 1421
"C:/Unreal/Flip_Side/Content/Boss/Montages/Groggy/Mon_Groggy_Pattern_3.uasset" 1422
"C:/Unreal/Flip_Side/Content/Boss/Montages/Groggy/Mon_Groggy_Pattern_3.uexp" 1423
"C:/Unreal/Flip_Side/Content/Boss/Anims/Groggy/Groggy_Pattern_2.uasset" 1424
"C:/Unreal/Flip_Side/Content/Boss/Anims/Groggy/Groggy_Pattern_2.uexp" 1425
"C:/Unreal/Flip_Side/Content/Boss/Montages/Groggy/Mon_Groggy_Pattern_2.uasset" 1426
"C:/Unreal/Flip_Side/Content/Boss/Montages/Groggy/Mon_Groggy_Pattern_2.uexp" 1427
"C:/Unreal/Flip_Side/Content/Boss/Anims/Groggy/Groggy_Pattern_1.uasset" 1428
"C:/Unreal/Flip_Side/Content/Boss/Anims/Groggy/Groggy_Pattern_1.uexp" 1429
"C:/Unreal/Flip_Side/Content/Boss/Montages/Groggy/Mon_Groggy_Pattern_1.uasset" 1430
"C:/Unreal/Flip_Side/Content/Boss/Montages/Groggy/Mon_Groggy_Pattern_1.uexp" 1431
"C:/Unreal/Flip_Side/Content/Effect/Material/M_NS_Radial_Trans.uasset" 1432
"C:/Unreal/Flip_Side/Content/Effect/Material/M_NS_Radial_Trans.uexp" 1433
"../../../Engine/Content/Functions/Engine_MaterialFunctions01/Gradient/LinearGradient.uasset" 1434
"../../../Engine/Content/Functions/Engine_MaterialFunctions01/Gradient/LinearGradient.uexp" 1435
"../../../Engine/Content/Functions/Engine_MaterialFunctions01/ImageAdjustment/CheapContrast.uasset" 1436
"../../../Engine/Content/Functions/Engine_MaterialFunctions01/ImageAdjustment/CheapContrast.uexp" 1437
"C:/Unreal/Flip_Side/Content/Effect/Textures/T_blur_1.ubulk" 1438
"C:/Unreal/Flip_Side/Content/Effect/Textures/T_blur_1.uasset" 1439
"C:/Unreal/Flip_Side/Content/Effect/Textures/T_blur_1.uexp" 1440
"C:/Unreal/Flip_Side/Content/Effect/Textures/T_aura.ubulk" 1441
"C:/Unreal/Flip_Side/Content/Effect/Textures/T_aura.uasset" 1442
"C:/Unreal/Flip_Side/Content/Effect/Textures/T_aura.uexp" 1443
"C:/Unreal/Flip_Side/Content/Effect/Material/Special/M_BloodSikle.uasset" 1444
"C:/Unreal/Flip_Side/Content/Effect/Material/Special/M_BloodSikle.uexp" 1445
"C:/Unreal/Flip_Side/Content/BackGroundProps/Mesh/Torus_VFX.ubulk" 1446
"C:/Unreal/Flip_Side/Content/BackGroundProps/Mesh/Torus_VFX.uasset" 1447
"C:/Unreal/Flip_Side/Content/BackGroundProps/Mesh/Torus_VFX.uexp" 1448
"C:/Unreal/Flip_Side/Content/Effect/CoinEffects/NS_BloodCannon.uasset" 1449
"C:/Unreal/Flip_Side/Content/Effect/CoinEffects/NS_BloodCannon.uexp" 1450
"C:/Unreal/Flip_Side/Content/Effect/Material/M_NS_Flash.uasset" 1451
"C:/Unreal/Flip_Side/Content/Effect/Material/M_NS_Flash.uexp" 1452
"C:/Unreal/Flip_Side/Content/Effect/CoinEffects/NS_DealType_Normal.uasset" 1453
"C:/Unreal/Flip_Side/Content/Effect/CoinEffects/NS_DealType_Normal.uexp" 1454
"C:/Unreal/Flip_Side/Content/Effect/Material/M_Beam.uasset" 1455
"C:/Unreal/Flip_Side/Content/Effect/Material/M_Beam.uexp" 1456
"C:/Unreal/Flip_Side/Content/Effect/CoinEffects/NS_NormalSpawn.uasset" 1457
"C:/Unreal/Flip_Side/Content/Effect/CoinEffects/NS_NormalSpawn.uexp" 1458
"C:/Unreal/Flip_Side/Content/Effect/CoinEffects/NS_SmokeSuit.uasset" 1459
"C:/Unreal/Flip_Side/Content/Effect/CoinEffects/NS_SmokeSuit.uexp" 1460
"C:/Unreal/Flip_Side/Content/Effect/Material/M_NS_MovingNoise.uasset" 1461
"C:/Unreal/Flip_Side/Content/Effect/Material/M_NS_MovingNoise.uexp" 1462
"C:/Unreal/Flip_Side/Content/Effect/Textures/T_Tank_Buff.ubulk" 1463
"C:/Unreal/Flip_Side/Content/Effect/Textures/T_Tank_Buff.uasset" 1464
"C:/Unreal/Flip_Side/Content/Effect/Textures/T_Tank_Buff.uexp" 1465
"C:/Unreal/Flip_Side/Content/Effect/Textures/T_FailedIcon_Blur.ubulk" 1466
"C:/Unreal/Flip_Side/Content/Effect/Textures/T_FailedIcon_Blur.uasset" 1467
"C:/Unreal/Flip_Side/Content/Effect/Textures/T_FailedIcon_Blur.uexp" 1468
"C:/Unreal/Flip_Side/Content/Effect/Material/TextureMat/M_NS_Texture.uasset" 1469
"C:/Unreal/Flip_Side/Content/Effect/Material/TextureMat/M_NS_Texture.uexp" 1470
"C:/Unreal/Flip_Side/Content/Effect/Material/TextureMat/MI_NS_Tank_Tex.uasset" 1471
"C:/Unreal/Flip_Side/Content/Effect/Material/TextureMat/MI_NS_Tank_Tex.uexp" 1472
"C:/Unreal/Flip_Side/Content/Effect/CoinEffects/NS_TankType_Normal.uasset" 1473
"C:/Unreal/Flip_Side/Content/Effect/CoinEffects/NS_TankType_Normal.uexp" 1474
"../../../Engine/Content/BasicShapes/Sphere.ubulk" 1475
"../../../Engine/Content/BasicShapes/Sphere.uasset" 1476
"../../../Engine/Content/BasicShapes/Sphere.uexp" 1477
"C:/Unreal/Flip_Side/Content/Effect/Material/Special/M_UtilEnergy.uasset" 1478
"C:/Unreal/Flip_Side/Content/Effect/Material/Special/M_UtilEnergy.uexp" 1479
"C:/Unreal/Flip_Side/Content/Effect/Textures/T_Heal_Blur.ubulk" 1480
"C:/Unreal/Flip_Side/Content/Effect/Textures/T_Heal_Blur.uasset" 1481
"C:/Unreal/Flip_Side/Content/Effect/Textures/T_Heal_Blur.uexp" 1482
"C:/Unreal/Flip_Side/Content/Effect/Material/TextureMat/MI_NS_Heal_Tex.uasset" 1483
"C:/Unreal/Flip_Side/Content/Effect/Material/TextureMat/MI_NS_Heal_Tex.uexp" 1484
"C:/Unreal/Flip_Side/Content/Effect/CoinEffects/NS_UtilType_Heal_Normal.uasset" 1485
"C:/Unreal/Flip_Side/Content/Effect/CoinEffects/NS_UtilType_Heal_Normal.uexp" 1486
"C:/Unreal/Flip_Side/Content/Effect/Textures/T_ModifiedArrow.ubulk" 1487
"C:/Unreal/Flip_Side/Content/Effect/Textures/T_ModifiedArrow.uasset" 1488
"C:/Unreal/Flip_Side/Content/Effect/Textures/T_ModifiedArrow.uexp" 1489
"C:/Unreal/Flip_Side/Content/Effect/Material/TextureMat/MI_NS_UpperArrow_Tex.uasset" 1490
"C:/Unreal/Flip_Side/Content/Effect/Material/TextureMat/MI_NS_UpperArrow_Tex.uexp" 1491
"C:/Unreal/Flip_Side/Content/Effect/CoinEffects/NS_UtilType_Modifier_Normal.uasset" 1492
"C:/Unreal/Flip_Side/Content/Effect/CoinEffects/NS_UtilType_Modifier_Normal.uexp" 1493
"C:/Unreal/Flip_Side/Content/Effect/Material/Special/M_StyledSmoke.uasset" 1494
"C:/Unreal/Flip_Side/Content/Effect/Material/Special/M_StyledSmoke.uexp" 1495
"C:/Unreal/Flip_Side/Content/Effect/CommonEffects/NS_BossCC.uasset" 1496
"C:/Unreal/Flip_Side/Content/Effect/CommonEffects/NS_BossCC.uexp" 1497
"C:/Unreal/Flip_Side/Content/Effect/Textures/T_Noise_1.ubulk" 1498
"C:/Unreal/Flip_Side/Content/Effect/Textures/T_Noise_1.uasset" 1499
"C:/Unreal/Flip_Side/Content/Effect/Textures/T_Noise_1.uexp" 1500
"C:/Unreal/Flip_Side/Content/Effect/Material/Special/M_Streak.uasset" 1501
"C:/Unreal/Flip_Side/Content/Effect/Material/Special/M_Streak.uexp" 1502
"C:/Unreal/Flip_Side/Content/Effect/Material/Special/M_Arc.uasset" 1503
"C:/Unreal/Flip_Side/Content/Effect/Material/Special/M_Arc.uexp" 1504
"C:/Unreal/Flip_Side/Content/Effect/CommonEffects/NS_BossHit.uasset" 1505
"C:/Unreal/Flip_Side/Content/Effect/CommonEffects/NS_BossHit.uexp" 1506
"C:/Unreal/Flip_Side/Content/Effect/CommonEffects/NS_CoinFailed.uasset" 1507
"C:/Unreal/Flip_Side/Content/Effect/CommonEffects/NS_CoinFailed.uexp" 1508
"C:/Unreal/Flip_Side/Content/BackGroundProps/Mesh/Textures/TableComp/TableComponents_DefaultMaterial_OcclusionRoughnessMetallic.ubulk" 1509
"C:/Unreal/Flip_Side/Content/BackGroundProps/Mesh/Textures/TableComp/TableComponents_DefaultMaterial_OcclusionRoughnessMetallic.uasset" 1510
"C:/Unreal/Flip_Side/Content/BackGroundProps/Mesh/Textures/TableComp/TableComponents_DefaultMaterial_OcclusionRoughnessMetallic.uexp" 1511
"C:/Unreal/Flip_Side/Content/BackGroundProps/Mesh/Textures/TableComp/TableComponents_DefaultMaterial_Normal.ubulk" 1512
"C:/Unreal/Flip_Side/Content/BackGroundProps/Mesh/Textures/TableComp/TableComponents_DefaultMaterial_Normal.uasset" 1513
"C:/Unreal/Flip_Side/Content/BackGroundProps/Mesh/Textures/TableComp/TableComponents_DefaultMaterial_Normal.uexp" 1514
"C:/Unreal/Flip_Side/Content/BackGroundProps/Mesh/Textures/TableComp/TableComponents_DefaultMaterial_BaseColor.ubulk" 1515
"C:/Unreal/Flip_Side/Content/BackGroundProps/Mesh/Textures/TableComp/TableComponents_DefaultMaterial_BaseColor.uasset" 1516
"C:/Unreal/Flip_Side/Content/BackGroundProps/Mesh/Textures/TableComp/TableComponents_DefaultMaterial_BaseColor.uexp" 1517
"C:/Unreal/Flip_Side/Content/BackGroundProps/Mesh/Material/M_TableComponents.uasset" 1518
"C:/Unreal/Flip_Side/Content/BackGroundProps/Mesh/Material/M_TableComponents.uexp" 1519
"C:/Unreal/Flip_Side/Content/BackGroundProps/Mesh/DeskComponents_Gear1.ubulk" 1520
"C:/Unreal/Flip_Side/Content/BackGroundProps/Mesh/DeskComponents_Gear1.uasset" 1521
"C:/Unreal/Flip_Side/Content/BackGroundProps/Mesh/DeskComponents_Gear1.uexp" 1522
"C:/Unreal/Flip_Side/Content/Effect/Material/M_NS_Flame.uasset" 1523
"C:/Unreal/Flip_Side/Content/Effect/Material/M_NS_Flame.uexp" 1524
"C:/Unreal/Flip_Side/Content/Effect/NS_NormalAttack.uasset" 1525
"C:/Unreal/Flip_Side/Content/Effect/NS_NormalAttack.uexp" 1526
"C:/Unreal/Flip_Side/Content/Effect/NS_ShieldHeal_Beam.uasset" 1527
"C:/Unreal/Flip_Side/Content/Effect/NS_ShieldHeal_Beam.uexp" 1528
"C:/Unreal/Flip_Side/Content/UI/Fonts/NanumGothicBold.uexp" 1529
"C:/Unreal/Flip_Side/Content/UI/Fonts/NanumGothicBold.uasset" 1530
"C:/Unreal/Flip_Side/Content/UI/Fonts/NanumGothicBold.ufont" 1531
"C:/Unreal/Flip_Side/Content/UI/Fonts/NanumGothicBold_Font.uasset" 1532
"C:/Unreal/Flip_Side/Content/UI/Fonts/NanumGothicBold_Font.uexp" 1533
"C:/Unreal/Flip_Side/Content/UI/Texture/T_Heart.uasset" 1534
"C:/Unreal/Flip_Side/Content/UI/Texture/T_Heart.uexp" 1535
"C:/Unreal/Flip_Side/Content/UI/Texture/Coin_Front_Diffuse.uasset" 1536
"C:/Unreal/Flip_Side/Content/UI/Texture/Coin_Front_Diffuse.uexp" 1537
"C:/Unreal/Flip_Side/Content/UI/Fonts/DT_RichTextStyles.uasset" 1538
"C:/Unreal/Flip_Side/Content/UI/Fonts/DT_RichTextStyles.uexp" 1539
"C:/Unreal/Flip_Side/Content/Coin/Texture/W_Deal_BloodCanon.uasset" 1540
"C:/Unreal/Flip_Side/Content/Coin/Texture/W_Deal_BloodCanon.uexp" 1541
"C:/Unreal/Flip_Side/Content/UI/Texture/Material/M_WCoinIcon.uasset" 1542
"C:/Unreal/Flip_Side/Content/UI/Texture/Material/M_WCoinIcon.uexp" 1543
"C:/Unreal/Flip_Side/Content/UI/Texture/Material/MI_WCoinIcon.uasset" 1544
"C:/Unreal/Flip_Side/Content/UI/Texture/Material/MI_WCoinIcon.uexp" 1545
"C:/Unreal/Flip_Side/Content/UI/BattleUIs/WBP_BattleCoinInfoUI.uasset" 1546
"C:/Unreal/Flip_Side/Content/UI/BattleUIs/WBP_BattleCoinInfoUI.uexp" 1547
"../../../Engine/Content/EngineFonts/Faces/RobotoBold.uexp" 1548
"../../../Engine/Content/EngineFonts/Faces/RobotoBold.uasset" 1549
"../../../Engine/Content/EngineFonts/Faces/RobotoBold.ufont" 1550
"../../../Engine/Content/EngineFonts/Faces/RobotoBoldItalic.uexp" 1551
"../../../Engine/Content/EngineFonts/Faces/RobotoBoldItalic.uasset" 1552
"../../../Engine/Content/EngineFonts/Faces/RobotoBoldItalic.ufont" 1553
"../../../Engine/Content/EngineFonts/Faces/RobotoItalic.uexp" 1554
"../../../Engine/Content/EngineFonts/Faces/RobotoItalic.uasset" 1555
"../../../Engine/Content/EngineFonts/Faces/RobotoItalic.ufont" 1556
"../../../Engine/Content/EngineFonts/Faces/RobotoLight.uexp" 1557
"../../../Engine/Content/EngineFonts/Faces/RobotoLight.uasset" 1558
"../../../Engine/Content/EngineFonts/Faces/RobotoLight.ufont" 1559
"../../../Engine/Content/EngineFonts/Faces/RobotoRegular.uexp" 1560
"../../../Engine/Content/EngineFonts/Faces/RobotoRegular.uasset" 1561
"../../../Engine/Content/EngineFonts/Faces/RobotoRegular.ufont" 1562
"../../../Engine/Content/EngineFonts/Roboto.uasset" 1563
"../../../Engine/Content/EngineFonts/Roboto.uexp" 1564
"C:/Unreal/Flip_Side/Content/UI/Fonts/DT_TurnText.uasset" 1565
"C:/Unreal/Flip_Side/Content/UI/Fonts/DT_TurnText.uexp" 1566
"C:/Unreal/Flip_Side/Content/UI/BattleUIs/WBP_BattlePhaseAndTurnDisplayUI.uasset" 1567
"C:/Unreal/Flip_Side/Content/UI/BattleUIs/WBP_BattlePhaseAndTurnDisplayUI.uexp" 1568
"C:/Unreal/Flip_Side/Content/UI/BattleUIs/WBP_ItemInfo.uasset" 1569
"C:/Unreal/Flip_Side/Content/UI/BattleUIs/WBP_ItemInfo.uexp" 1570
"C:/Unreal/Flip_Side/Content/UI/Texture/ItemBox.uasset" 1571
"C:/Unreal/Flip_Side/Content/UI/Texture/ItemBox.uexp" 1572
"C:/Unreal/Flip_Side/Content/UI/Texture/T_Bar_One_Right.uasset" 1573
"C:/Unreal/Flip_Side/Content/UI/Texture/T_Bar_One_Right.uexp" 1574
"C:/Unreal/Flip_Side/Content/UI/Texture/T_Bar_One.uasset" 1575
"C:/Unreal/Flip_Side/Content/UI/Texture/T_Bar_One.uexp" 1576
"C:/Unreal/Flip_Side/Content/UI/Texture/Coin_Back_Diffuse.uasset" 1577
"C:/Unreal/Flip_Side/Content/UI/Texture/Coin_Back_Diffuse.uexp" 1578
"C:/Unreal/Flip_Side/Content/UI/BattleUIs/capture/RT_FrontRangeCam.uasset" 1579
"C:/Unreal/Flip_Side/Content/UI/BattleUIs/capture/RT_FrontRangeCam.uexp" 1580
"C:/Unreal/Flip_Side/Content/UI/BattleUIs/capture/M_FrontRangeCam.uasset" 1581
"C:/Unreal/Flip_Side/Content/UI/BattleUIs/capture/M_FrontRangeCam.uexp" 1582
"C:/Unreal/Flip_Side/Content/UI/BattleUIs/capture/RT_BackRangeCam.uasset" 1583
"C:/Unreal/Flip_Side/Content/UI/BattleUIs/capture/RT_BackRangeCam.uexp" 1584
"C:/Unreal/Flip_Side/Content/UI/BattleUIs/capture/M_BackRangeCam.uasset" 1585
"C:/Unreal/Flip_Side/Content/UI/BattleUIs/capture/M_BackRangeCam.uexp" 1586
"C:/Unreal/Flip_Side/Content/UI/BattleUIs/WBP_NotBattleCoinUI.uasset" 1587
"C:/Unreal/Flip_Side/Content/UI/BattleUIs/WBP_NotBattleCoinUI.uexp" 1588
"C:/Unreal/Flip_Side/Content/UI/Texture/CoinBlueprint2.uasset" 1589
"C:/Unreal/Flip_Side/Content/UI/Texture/CoinBlueprint2.uexp" 1590
"C:/Unreal/Flip_Side/Content/UI/BattleUIs/WBP_StageEnd.uasset" 1591
"C:/Unreal/Flip_Side/Content/UI/BattleUIs/WBP_StageEnd.uexp" 1592
"C:/Unreal/Flip_Side/Content/UI/Cursor/cursor_hover.uasset" 1593
"C:/Unreal/Flip_Side/Content/UI/Cursor/cursor_hover.uexp" 1594
"C:/Unreal/Flip_Side/Content/UI/Cursor/cursor_default.uasset" 1595
"C:/Unreal/Flip_Side/Content/UI/Cursor/cursor_default.uexp" 1596
"C:/Unreal/Flip_Side/Content/UI/Cursor/cursor_click.uasset" 1597
"C:/Unreal/Flip_Side/Content/UI/Cursor/cursor_click.uexp" 1598
"C:/Unreal/Flip_Side/Content/UI/Cursor/WBP_CustomCursor.uasset" 1599
"C:/Unreal/Flip_Side/Content/UI/Cursor/WBP_CustomCursor.uexp" 1600
"C:/Unreal/Flip_Side/Content/UI/Texture/T_WeaponSelectBox.uasset" 1601
"C:/Unreal/Flip_Side/Content/UI/Texture/T_WeaponSelectBox.uexp" 1602
"C:/Unreal/Flip_Side/Content/UI/Texture/MainSceneButtons/Main_CardSelect.uasset" 1603
"C:/Unreal/Flip_Side/Content/UI/Texture/MainSceneButtons/Main_CardSelect.uexp" 1604
"C:/Unreal/Flip_Side/Content/UI/Texture/card.uasset" 1605
"C:/Unreal/Flip_Side/Content/UI/Texture/card.uexp" 1606
"../../../Engine/Content/Functions/Engine_MaterialFunctions02/ExampleContent/Textures/OffsetNoiseDistanceFields_ForNormals.ubulk" 1607
"../../../Engine/Content/Functions/Engine_MaterialFunctions02/ExampleContent/Textures/OffsetNoiseDistanceFields_ForNormals.uasset" 1608
"../../../Engine/Content/Functions/Engine_MaterialFunctions02/ExampleContent/Textures/OffsetNoiseDistanceFields_ForNormals.uexp" 1609
"C:/Unreal/Flip_Side/Content/UI/CardUI/M_ActiveCard.uasset" 1610
"C:/Unreal/Flip_Side/Content/UI/CardUI/M_ActiveCard.uexp" 1611
"C:/Unreal/Flip_Side/Content/UI/Stage_CardSelect/WBP_StageHandCardWidget.uasset" 1612
"C:/Unreal/Flip_Side/Content/UI/Stage_CardSelect/WBP_StageHandCardWidget.uexp" 1613
"C:/Unreal/Flip_Side/Content/UI/CardUI/WBP_CardWidget.uasset" 1614
"C:/Unreal/Flip_Side/Content/UI/CardUI/WBP_CardWidget.uexp" 1615
"C:/Unreal/Flip_Side/Content/UI/Stage_CardSelect/WBP_StageHUDWidget.uasset" 1616
"C:/Unreal/Flip_Side/Content/UI/Stage_CardSelect/WBP_StageHUDWidget.uexp" 1617
"../../../Engine/Plugins/Animation/DeformerGraph/Content/DeformerFunctions/DG_Function_LinearBlendSkin_Morph_Cloth.uasset" 1618
"../../../Engine/Plugins/Animation/DeformerGraph/Content/DeformerFunctions/DG_Function_LinearBlendSkin_Morph_Cloth.uexp" 1619
"../../../Engine/Plugins/Animation/DeformerGraph/Content/Deformers/DG_LinearBlendSkin_Morph_Cloth.uasset" 1620
"../../../Engine/Plugins/Animation/DeformerGraph/Content/Deformers/DG_LinearBlendSkin_Morph_Cloth.uexp" 1621
"../../../Engine/Plugins/Animation/DeformerGraph/Content/DeformerFunctions/DG_Function_LinearBlendSkin_Morph_Cloth_PositionOnly.uasset" 1622
"../../../Engine/Plugins/Animation/DeformerGraph/Content/DeformerFunctions/DG_Function_LinearBlendSkin_Morph_Cloth_PositionOnly.uexp" 1623
"../../../Engine/Plugins/Animation/DeformerGraph/Content/DeformerFunctions/DG_Function_ComputeNormalsTangents.uasset" 1624
"../../../Engine/Plugins/Animation/DeformerGraph/Content/DeformerFunctions/DG_Function_ComputeNormalsTangents.uexp" 1625
"../../../Engine/Plugins/Animation/DeformerGraph/Content/Deformers/DG_LinearBlendSkin_Morph_Cloth_RecomputeNormals.uasset" 1626
"../../../Engine/Plugins/Animation/DeformerGraph/Content/Deformers/DG_LinearBlendSkin_Morph_Cloth_RecomputeNormals.uexp" 1627
"C:/Unreal/Flip_Side/Content/BattleTutorial/DA_BattleTutorialSequence.uasset" 1628
"C:/Unreal/Flip_Side/Content/BattleTutorial/DA_BattleTutorialSequence.uexp" 1629
"C:/Unreal/Flip_Side/Content/UI/Texture/T_MoneyDisplay2.uasset" 1630
"C:/Unreal/Flip_Side/Content/UI/Texture/T_MoneyDisplay2.uexp" 1631
"C:/Unreal/Flip_Side/Content/UI/WBP_MoneyDisplay.uasset" 1632
"C:/Unreal/Flip_Side/Content/UI/WBP_MoneyDisplay.uexp" 1633
"../../../Engine/Plugins/NNE/NNEDenoiser/Content/NNEDT_Oidn2-3_Balanced.uasset" 1634
"../../../Engine/Plugins/NNE/NNEDenoiser/Content/NNEDT_Oidn2-3_Balanced.uexp" 1635
"../../../Engine/Plugins/NNE/NNEDenoiser/Content/NNEDT_Oidn2-3_Balanced_Alpha.uasset" 1636
"../../../Engine/Plugins/NNE/NNEDenoiser/Content/NNEDT_Oidn2-3_Balanced_Alpha.uexp" 1637
"../../../Engine/Plugins/NNE/NNEDenoiser/Content/NNED_Oidn2-3_Balanced.uasset" 1638
"../../../Engine/Plugins/NNE/NNEDenoiser/Content/NNED_Oidn2-3_Balanced.uexp" 1639
"../../../Engine/Plugins/NNE/NNEDenoiser/Content/NNED_Oidn2-3_Balanced_Alpha.uasset" 1640
"../../../Engine/Plugins/NNE/NNEDenoiser/Content/NNED_Oidn2-3_Balanced_Alpha.uexp" 1641
"../../../Engine/Plugins/NNE/NNEDenoiser/Content/NNED_Oidn2-3_Fast.uasset" 1642
"../../../Engine/Plugins/NNE/NNEDenoiser/Content/NNED_Oidn2-3_Fast.uexp" 1643
"../../../Engine/Plugins/NNE/NNEDenoiser/Content/NNED_Oidn2-3_Fast_Alpha.uasset" 1644
"../../../Engine/Plugins/NNE/NNEDenoiser/Content/NNED_Oidn2-3_Fast_Alpha.uexp" 1645
"../../../Engine/Plugins/NNE/NNEDenoiser/Content/NNED_Oidn2-3_HighQuality.uasset" 1646
"../../../Engine/Plugins/NNE/NNEDenoiser/Content/NNED_Oidn2-3_HighQuality.uexp" 1647
"../../../Engine/Plugins/NNE/NNEDenoiser/Content/NNED_Oidn2-3_HighQuality_Alpha.uasset" 1648
"../../../Engine/Plugins/NNE/NNEDenoiser/Content/NNED_Oidn2-3_HighQuality_Alpha.uexp" 1649
"../../../Engine/Content/Maps/Entry_BuiltData.uasset" 1650
"../../../Engine/Content/Maps/Entry_BuiltData.uexp" 1651
"../../../Engine/Content/Maps/Entry.uexp" 1652
"../../../Engine/Content/Maps/Entry.umap" 1653
"../../../Engine/Content/BasicShapes/Cube.ubulk" 1654
"../../../Engine/Content/BasicShapes/Cube.uasset" 1655
"../../../Engine/Content/BasicShapes/Cube.uexp" 1656
"../../../Engine/Content/BasicShapes/Plane.ubulk" 1657
"../../../Engine/Content/BasicShapes/Plane.uasset" 1658
"../../../Engine/Content/BasicShapes/Plane.uexp" 1659
"../../../Engine/Content/EngineDebugMaterials/BlackUnlitMaterial.uasset" 1660
"../../../Engine/Content/EngineDebugMaterials/BlackUnlitMaterial.uexp" 1661
"C:/Unreal/Flip_Side/Content/ShopTutorial/BP_Tuto_ShopModeChanger.uasset" 1662
"C:/Unreal/Flip_Side/Content/ShopTutorial/BP_Tuto_ShopModeChanger.uexp" 1663
"C:/Unreal/Flip_Side/Content/Player/Player_Shop/BP_ShopPlayer_Pawn.uasset" 1664
"C:/Unreal/Flip_Side/Content/Player/Player_Shop/BP_ShopPlayer_Pawn.uexp" 1665
"C:/Unreal/Flip_Side/Content/UI/Texture/Shop/T_BackMainButton.uasset" 1666
"C:/Unreal/Flip_Side/Content/UI/Texture/Shop/T_BackMainButton.uexp" 1667
"C:/Unreal/Flip_Side/Content/UI/Texture/T_ModeChangeBackGround.uasset" 1668
"C:/Unreal/Flip_Side/Content/UI/Texture/T_ModeChangeBackGround.uexp" 1669
"../../../Engine/Content/MaterialTemplates/Textures/T_Noise01.ubulk" 1670
"../../../Engine/Content/MaterialTemplates/Textures/T_Noise01.uasset" 1671
"../../../Engine/Content/MaterialTemplates/Textures/T_Noise01.uexp" 1672
"C:/Unreal/Flip_Side/Content/UI/M_ModeChange.uasset" 1673
"C:/Unreal/Flip_Side/Content/UI/M_ModeChange.uexp" 1674
"C:/Unreal/Flip_Side/Content/UI/WBP_ShopModeChangeWidget.uasset" 1675
"C:/Unreal/Flip_Side/Content/UI/WBP_ShopModeChangeWidget.uexp" 1676
"C:/Unreal/Flip_Side/Content/UI/WBP_ShopMainWidget.uasset" 1677
"C:/Unreal/Flip_Side/Content/UI/WBP_ShopMainWidget.uexp" 1678
"C:/Unreal/Flip_Side/Content/UI/WBP_BlockWidget.uasset" 1679
"C:/Unreal/Flip_Side/Content/UI/WBP_BlockWidget.uexp" 1680
"C:/Unreal/Flip_Side/Content/ShopTutorial/UI_ShopTutorial/WBP_Tuto_BlockerWidget.uasset" 1681
"C:/Unreal/Flip_Side/Content/ShopTutorial/UI_ShopTutorial/WBP_Tuto_BlockerWidget.uexp" 1682
"C:/Unreal/Flip_Side/Content/UI/Shop_BossInfo/RT_BossRangeCam.uasset" 1683
"C:/Unreal/Flip_Side/Content/UI/Shop_BossInfo/RT_BossRangeCam.uexp" 1684
"C:/Unreal/Flip_Side/Content/UI/Shop_BossInfo/M_BossRangeCam.uasset" 1685
"C:/Unreal/Flip_Side/Content/UI/Shop_BossInfo/M_BossRangeCam.uexp" 1686
"C:/Unreal/Flip_Side/Content/ShopTutorial/UI_ShopTutorial/WBP_Tuto_ExplainWidget.uasset" 1687
"C:/Unreal/Flip_Side/Content/ShopTutorial/UI_ShopTutorial/WBP_Tuto_ExplainWidget.uexp" 1688
"C:/Unreal/Flip_Side/Content/UI/Texture/T_CoinCountArrow.uasset" 1689
"C:/Unreal/Flip_Side/Content/UI/Texture/T_CoinCountArrow.uexp" 1690
"C:/Unreal/Flip_Side/Content/ShopTutorial/UI_ShopTutorial/WBP_Tuto_ArrowWidget.uasset" 1691
"C:/Unreal/Flip_Side/Content/ShopTutorial/UI_ShopTutorial/WBP_Tuto_ArrowWidget.uexp" 1692
"C:/Unreal/Flip_Side/Content/ShopTutorial/2Boss/WBP_Tuto_ShopBossInfo.uasset" 1693
"C:/Unreal/Flip_Side/Content/ShopTutorial/2Boss/WBP_Tuto_ShopBossInfo.uexp" 1694
"C:/Unreal/Flip_Side/Content/UI/Texture/T_PriceTag.uasset" 1695
"C:/Unreal/Flip_Side/Content/UI/Texture/T_PriceTag.uexp" 1696
"C:/Unreal/Flip_Side/Content/UI/WBP_PriceWidget.uasset" 1697
"C:/Unreal/Flip_Side/Content/UI/WBP_PriceWidget.uexp" 1698
"C:/Unreal/Flip_Side/Content/UI/Shop_UnlockWeapon/WBP_WeaponDescription.uasset" 1699
"C:/Unreal/Flip_Side/Content/UI/Shop_UnlockWeapon/WBP_WeaponDescription.uexp" 1700
"C:/Unreal/Flip_Side/Content/UI/Texture/Shop/T_ClassButton_Util.uasset" 1701
"C:/Unreal/Flip_Side/Content/UI/Texture/Shop/T_ClassButton_Util.uexp" 1702
"C:/Unreal/Flip_Side/Content/UI/Texture/Shop/T_ClassButton_Tank.uasset" 1703
"C:/Unreal/Flip_Side/Content/UI/Texture/Shop/T_ClassButton_Tank.uexp" 1704
"C:/Unreal/Flip_Side/Content/UI/Texture/Shop/T_ClassButton_Deal.uasset" 1705
"C:/Unreal/Flip_Side/Content/UI/Texture/Shop/T_ClassButton_Deal.uexp" 1706
"C:/Unreal/Flip_Side/Content/UI/Shop_CoinManager/Widget/WBP_SelectWeaponButton.uasset" 1707
"C:/Unreal/Flip_Side/Content/UI/Shop_CoinManager/Widget/WBP_SelectWeaponButton.uexp" 1708
"C:/Unreal/Flip_Side/Content/UI/Texture/T_Gear.uasset" 1709
"C:/Unreal/Flip_Side/Content/UI/Texture/T_Gear.uexp" 1710
"C:/Unreal/Flip_Side/Content/UI/Texture/LockIcon_Back.uasset" 1711
"C:/Unreal/Flip_Side/Content/UI/Texture/LockIcon_Back.uexp" 1712
"C:/Unreal/Flip_Side/Content/UI/Texture/Material/M_Lock.uasset" 1713
"C:/Unreal/Flip_Side/Content/UI/Texture/Material/M_Lock.uexp" 1714
"C:/Unreal/Flip_Side/Content/ShopTutorial/3UnlockCoin/WBP_Tuto_UnlockWeaponButton.uasset" 1715
"C:/Unreal/Flip_Side/Content/ShopTutorial/3UnlockCoin/WBP_Tuto_UnlockWeaponButton.uexp" 1716
"C:/Unreal/Flip_Side/Content/ShopTutorial/3UnlockCoin/WBP_Tuto_UnlockWeaponGrid.uasset" 1717
"C:/Unreal/Flip_Side/Content/ShopTutorial/3UnlockCoin/WBP_Tuto_UnlockWeaponGrid.uexp" 1718
"C:/Unreal/Flip_Side/Content/ShopTutorial/3UnlockCoin/WBP_Tuto_UnlockWeaponGridContainer.uasset" 1719
"C:/Unreal/Flip_Side/Content/ShopTutorial/3UnlockCoin/WBP_Tuto_UnlockWeaponGridContainer.uexp" 1720
"C:/Unreal/Flip_Side/Content/UI/Texture/LockButton.uasset" 1721
"C:/Unreal/Flip_Side/Content/UI/Texture/LockButton.uexp" 1722
"C:/Unreal/Flip_Side/Content/ShopTutorial/3UnlockCoin/WBP_Tuto_UnlockSelectWeaponButton.uasset" 1723
"C:/Unreal/Flip_Side/Content/ShopTutorial/3UnlockCoin/WBP_Tuto_UnlockSelectWeaponButton.uexp" 1724
"C:/Unreal/Flip_Side/Content/ShopTutorial/3UnlockCoin/WBP_Tuto_UnlockWeaponWidget.uasset" 1725
"C:/Unreal/Flip_Side/Content/ShopTutorial/3UnlockCoin/WBP_Tuto_UnlockWeaponWidget.uexp" 1726
"C:/Unreal/Flip_Side/Content/UI/Texture/T_BottomLessButton.uasset" 1727
"C:/Unreal/Flip_Side/Content/UI/Texture/T_BottomLessButton.uexp" 1728
"C:/Unreal/Flip_Side/Content/UI/Texture/HeartCoin.uasset" 1729
"C:/Unreal/Flip_Side/Content/UI/Texture/HeartCoin.uexp" 1730
"C:/Unreal/Flip_Side/Content/ShopTutorial/4CoinManage/WBP_Tuto_SelectWeaponButton.uasset" 1731
"C:/Unreal/Flip_Side/Content/ShopTutorial/4CoinManage/WBP_Tuto_SelectWeaponButton.uexp" 1732
"C:/Unreal/Flip_Side/Content/ShopTutorial/4CoinManage/WBP_Tuto_WeaponSelectGrid.uasset" 1733
"C:/Unreal/Flip_Side/Content/ShopTutorial/4CoinManage/WBP_Tuto_WeaponSelectGrid.uexp" 1734
"C:/Unreal/Flip_Side/Content/UI/Shop_CoinManager/Widget/WBP_WeaponSelectGrid.uasset" 1735
"C:/Unreal/Flip_Side/Content/UI/Shop_CoinManager/Widget/WBP_WeaponSelectGrid.uexp" 1736
"C:/Unreal/Flip_Side/Content/ShopTutorial/4CoinManage/WBP_Tuto_WeaponGridContainer.uasset" 1737
"C:/Unreal/Flip_Side/Content/ShopTutorial/4CoinManage/WBP_Tuto_WeaponGridContainer.uexp" 1738
"C:/Unreal/Flip_Side/Content/UI/Texture/PlusButton.uasset" 1739
"C:/Unreal/Flip_Side/Content/UI/Texture/PlusButton.uexp" 1740
"C:/Unreal/Flip_Side/Content/UI/Texture/MinusButton.uasset" 1741
"C:/Unreal/Flip_Side/Content/UI/Texture/MinusButton.uexp" 1742
"../../../Engine/Content/EngineResources/Black.uasset" 1743
"../../../Engine/Content/EngineResources/Black.uexp" 1744
"C:/Unreal/Flip_Side/Content/ShopTutorial/4CoinManage/WBP_Tuto_Inc_CoinCountButton.uasset" 1745
"C:/Unreal/Flip_Side/Content/ShopTutorial/4CoinManage/WBP_Tuto_Inc_CoinCountButton.uexp" 1746
"C:/Unreal/Flip_Side/Content/UI/Shop_CoinManager/Widget/WBP_De_CoinCountButton.uasset" 1747
"C:/Unreal/Flip_Side/Content/UI/Shop_CoinManager/Widget/WBP_De_CoinCountButton.uexp" 1748
"C:/Unreal/Flip_Side/Content/ShopTutorial/4CoinManage/WBP_Tuto_CoinSlotWidget.uasset" 1749
"C:/Unreal/Flip_Side/Content/ShopTutorial/4CoinManage/WBP_Tuto_CoinSlotWidget.uexp" 1750
"C:/Unreal/Flip_Side/Content/ShopTutorial/4CoinManage/WBP_Tuto_CoinSlotContainer.uasset" 1751
"C:/Unreal/Flip_Side/Content/ShopTutorial/4CoinManage/WBP_Tuto_CoinSlotContainer.uexp" 1752
"C:/Unreal/Flip_Side/Content/UI/Texture/T_WarningIcon2.ubulk" 1753
"C:/Unreal/Flip_Side/Content/UI/Texture/T_WarningIcon2.uasset" 1754
"C:/Unreal/Flip_Side/Content/UI/Texture/T_WarningIcon2.uexp" 1755
"C:/Unreal/Flip_Side/Content/UI/Texture/Material/M_Warning.uasset" 1756
"C:/Unreal/Flip_Side/Content/UI/Texture/Material/M_Warning.uexp" 1757
"C:/Unreal/Flip_Side/Content/UI/Shop_CoinManager/Widget/WBP_ShopCoinWarning.uasset" 1758
"C:/Unreal/Flip_Side/Content/UI/Shop_CoinManager/Widget/WBP_ShopCoinWarning.uexp" 1759
"C:/Unreal/Flip_Side/Content/UI/Shop_CoinManager/Widget/WBP_CoinSlotNum.uasset" 1760
"C:/Unreal/Flip_Side/Content/UI/Shop_CoinManager/Widget/WBP_CoinSlotNum.uexp" 1761
"C:/Unreal/Flip_Side/Content/ShopTutorial/4CoinManage/WBP_Tuto_CoinManageWidget.uasset" 1762
"C:/Unreal/Flip_Side/Content/ShopTutorial/4CoinManage/WBP_Tuto_CoinManageWidget.uexp" 1763
"C:/Unreal/Flip_Side/Content/UI/Shop_ItemSelect/WBP_ShopItemExplainWidget.uasset" 1764
"C:/Unreal/Flip_Side/Content/UI/Shop_ItemSelect/WBP_ShopItemExplainWidget.uexp" 1765
"C:/Unreal/Flip_Side/Content/UI/Shop_ItemSelect/WBP_SellItemButton.uasset" 1766
"C:/Unreal/Flip_Side/Content/UI/Shop_ItemSelect/WBP_SellItemButton.uexp" 1767
"C:/Unreal/Flip_Side/Content/ShopTutorial/5Item/WBP_Tuto_SellItemButton.uasset" 1768
"C:/Unreal/Flip_Side/Content/ShopTutorial/5Item/WBP_Tuto_SellItemButton.uexp" 1769
"C:/Unreal/Flip_Side/Content/ShopTutorial/5Item/WBP_Tuto_ShopSellItemGrid.uasset" 1770
"C:/Unreal/Flip_Side/Content/ShopTutorial/5Item/WBP_Tuto_ShopSellItemGrid.uexp" 1771
"C:/Unreal/Flip_Side/Content/UI/Texture/Shop/T_ShopItemBag.uasset" 1772
"C:/Unreal/Flip_Side/Content/UI/Texture/Shop/T_ShopItemBag.uexp" 1773
"C:/Unreal/Flip_Side/Content/UI/Texture/Shop/T_ShopSell.ubulk" 1774
"C:/Unreal/Flip_Side/Content/UI/Texture/Shop/T_ShopSell.uasset" 1775
"C:/Unreal/Flip_Side/Content/UI/Texture/Shop/T_ShopSell.uexp" 1776
"C:/Unreal/Flip_Side/Content/ShopTutorial/5Item/WBP_Tuto_ShopInvenItemButton.uasset" 1777
"C:/Unreal/Flip_Side/Content/ShopTutorial/5Item/WBP_Tuto_ShopInvenItemButton.uexp" 1778
"C:/Unreal/Flip_Side/Content/ShopTutorial/5Item/WBP_Tuto_ShopItemInven.uasset" 1779
"C:/Unreal/Flip_Side/Content/ShopTutorial/5Item/WBP_Tuto_ShopItemInven.uexp" 1780
"C:/Unreal/Flip_Side/Content/ShopTutorial/5Item/WBP_Tuto_ShopItemWidget.uasset" 1781
"C:/Unreal/Flip_Side/Content/ShopTutorial/5Item/WBP_Tuto_ShopItemWidget.uexp" 1782
"C:/Unreal/Flip_Side/Content/UI/Texture/T_CancelButton.uasset" 1783
"C:/Unreal/Flip_Side/Content/UI/Texture/T_CancelButton.uexp" 1784
"C:/Unreal/Flip_Side/Content/UI/Shop_CardSelect/WBP_ShopCardWidget.uasset" 1785
"C:/Unreal/Flip_Side/Content/UI/Shop_CardSelect/WBP_ShopCardWidget.uexp" 1786
"C:/Unreal/Flip_Side/Content/UI/Shop_CardSelect/WBP_ShopCardWarning.uasset" 1787
"C:/Unreal/Flip_Side/Content/UI/Shop_CardSelect/WBP_ShopCardWarning.uexp" 1788
"C:/Unreal/Flip_Side/Content/UI/CardUI/WBP_ShopSelectCardCancelImage.uasset" 1789
"C:/Unreal/Flip_Side/Content/UI/CardUI/WBP_ShopSelectCardCancelImage.uexp" 1790
"C:/Unreal/Flip_Side/Content/UI/Texture/T_CardDashedLine.uasset" 1791
"C:/Unreal/Flip_Side/Content/UI/Texture/T_CardDashedLine.uexp" 1792
"C:/Unreal/Flip_Side/Content/UI/Shop_CardSelect/M_DashedLine.uasset" 1793
"C:/Unreal/Flip_Side/Content/UI/Shop_CardSelect/M_DashedLine.uexp" 1794
"C:/Unreal/Flip_Side/Content/ShopTutorial/6Card/WBP_Tuto_PlayerCard.uasset" 1795
"C:/Unreal/Flip_Side/Content/ShopTutorial/6Card/WBP_Tuto_PlayerCard.uexp" 1796
"C:/Unreal/Flip_Side/Content/ShopTutorial/6Card/WBP_Tuto_ShopPlayerCards.uasset" 1797
"C:/Unreal/Flip_Side/Content/ShopTutorial/6Card/WBP_Tuto_ShopPlayerCards.uexp" 1798
"C:/Unreal/Flip_Side/Content/ShopTutorial/6Card/WBP_Tuto_ShopCardWidget.uasset" 1799
"C:/Unreal/Flip_Side/Content/ShopTutorial/6Card/WBP_Tuto_ShopCardWidget.uexp" 1800
"C:/Unreal/Flip_Side/Content/ShopTutorial/6Card/WBP_Tuto_CardSelectModeWidget.uasset" 1801
"C:/Unreal/Flip_Side/Content/ShopTutorial/6Card/WBP_Tuto_CardSelectModeWidget.uexp" 1802
"C:/Unreal/Flip_Side/Content/ShopTutorial/WBP_Tuto_ShopWIdgetContainer.uasset" 1803
"C:/Unreal/Flip_Side/Content/ShopTutorial/WBP_Tuto_ShopWIdgetContainer.uexp" 1804
"C:/Unreal/Flip_Side/Content/Player/Player_Shop/Inputs/IMC_Shop.uasset" 1805
"C:/Unreal/Flip_Side/Content/Player/Player_Shop/Inputs/IMC_Shop.uexp" 1806
"C:/Unreal/Flip_Side/Content/ShopTutorial/1ShopMain/WBP_Tuto_ShopMainWidget.uasset" 1807
"C:/Unreal/Flip_Side/Content/ShopTutorial/1ShopMain/WBP_Tuto_ShopMainWidget.uexp" 1808
"C:/Unreal/Flip_Side/Content/ShopTutorial/BP_Tuto_ExplainShopController.uasset" 1809
"C:/Unreal/Flip_Side/Content/ShopTutorial/BP_Tuto_ExplainShopController.uexp" 1810
"C:/Unreal/Flip_Side/Content/ShopTutorial/BP_Tuto_ExplainShopLevelGameMode.uasset" 1811
"C:/Unreal/Flip_Side/Content/ShopTutorial/BP_Tuto_ExplainShopLevelGameMode.uexp" 1812
"C:/Unreal/Flip_Side/Content/ShopTutorial/BP_Tuto_Bloker.uasset" 1813
"C:/Unreal/Flip_Side/Content/ShopTutorial/BP_Tuto_Bloker.uexp" 1814
"C:/Unreal/Flip_Side/Content/UI/Texture/CoinBlueprint2_Mat.uasset" 1815
"C:/Unreal/Flip_Side/Content/UI/Texture/CoinBlueprint2_Mat.uexp" 1816
"C:/Unreal/Flip_Side/Content/UI/Shop_UnlockWeapon/M_UnlockGlass.uasset" 1817
"C:/Unreal/Flip_Side/Content/UI/Shop_UnlockWeapon/M_UnlockGlass.uexp" 1818
"C:/Unreal/Flip_Side/Content/UI/Shop_UnlockWeapon/Curve/UnlockCoinSizeCurve.uasset" 1819
"C:/Unreal/Flip_Side/Content/UI/Shop_UnlockWeapon/Curve/UnlockCoinSizeCurve.uexp" 1820
"C:/Unreal/Flip_Side/Content/UI/Shop_UnlockWeapon/Curve/UnlockCoinRiseCurve.uasset" 1821
"C:/Unreal/Flip_Side/Content/UI/Shop_UnlockWeapon/Curve/UnlockCoinRiseCurve.uexp" 1822
"C:/Unreal/Flip_Side/Content/UI/Shop_UnlockWeapon/Curve/UnlockCoinJitterCurve.uasset" 1823
"C:/Unreal/Flip_Side/Content/UI/Shop_UnlockWeapon/Curve/UnlockCoinJitterCurve.uexp" 1824
"C:/Unreal/Flip_Side/Content/UI/Shop_UnlockWeapon/BP_SelectUnlockWeaponUIActor.uasset" 1825
"C:/Unreal/Flip_Side/Content/UI/Shop_UnlockWeapon/BP_SelectUnlockWeaponUIActor.uexp" 1826
"C:/Unreal/Flip_Side/Content/UI/Shop_ItemSelect/Curve/ItemBuyShakeCurve.uasset" 1827
"C:/Unreal/Flip_Side/Content/UI/Shop_ItemSelect/Curve/ItemBuyShakeCurve.uexp" 1828
"C:/Unreal/Flip_Side/Content/UI/Shop_ItemSelect/BP_ShopItemUIActor.uasset" 1829
"C:/Unreal/Flip_Side/Content/UI/Shop_ItemSelect/BP_ShopItemUIActor.uexp" 1830
"C:/Unreal/Flip_Side/Content/UI/Shop_CardSelect/M_CardActor.uasset" 1831
"C:/Unreal/Flip_Side/Content/UI/Shop_CardSelect/M_CardActor.uexp" 1832
"C:/Unreal/Flip_Side/Content/UI/Shop_CardSelect/BP_CardActor.uasset" 1833
"C:/Unreal/Flip_Side/Content/UI/Shop_CardSelect/BP_CardActor.uexp" 1834
"../../../Engine/Content/EditorResources/MatineeCam_D.uasset" 1835
"../../../Engine/Content/EditorResources/MatineeCam_D.uexp" 1836
"../../../Engine/Content/EditorMaterials/MatineeCam_mat.uasset" 1837
"../../../Engine/Content/EditorMaterials/MatineeCam_mat.uexp" 1838
"../../../Engine/Content/EditorMeshes/MatineeCam_SM.ubulk" 1839
"../../../Engine/Content/EditorMeshes/MatineeCam_SM.uasset" 1840
"../../../Engine/Content/EditorMeshes/MatineeCam_SM.uexp" 1841
"C:/Unreal/Flip_Side/Content/Coin/Material/M_Grid.uasset" 1842
"C:/Unreal/Flip_Side/Content/Coin/Material/M_Grid.uexp" 1843
"C:/Unreal/Flip_Side/Content/Coin/Material/MI_Grid.uasset" 1844
"C:/Unreal/Flip_Side/Content/Coin/Material/MI_Grid.uexp" 1845
"C:/Unreal/Flip_Side/Content/Coin/Mesh/Grid.ubulk" 1846
"C:/Unreal/Flip_Side/Content/Coin/Mesh/Grid.uasset" 1847
"C:/Unreal/Flip_Side/Content/Coin/Mesh/Grid.uexp" 1848
"C:/Unreal/Flip_Side/Content/Coin/BP_Grid.uasset" 1849
"C:/Unreal/Flip_Side/Content/Coin/BP_Grid.uexp" 1850
"C:/Unreal/Flip_Side/Content/UI/Shop_BossInfo/BP_BossPatternPreviewActor.uasset" 1851
"C:/Unreal/Flip_Side/Content/UI/Shop_BossInfo/BP_BossPatternPreviewActor.uexp" 1852
"C:/Unreal/Flip_Side/Content/UI/Shop_BossInfo/BP_BossRangeCam.uasset" 1853
"C:/Unreal/Flip_Side/Content/UI/Shop_BossInfo/BP_BossRangeCam.uexp" 1854
"C:/Unreal/Flip_Side/Content/UI/Shop_CoinManager/Curve/CreateCoinTurnCurve.uasset" 1855
"C:/Unreal/Flip_Side/Content/UI/Shop_CoinManager/Curve/CreateCoinTurnCurve.uexp" 1856
"C:/Unreal/Flip_Side/Content/ShopTutorial/4CoinManage/BP_Tuto_ShopCreateCoin.uasset" 1857
"C:/Unreal/Flip_Side/Content/ShopTutorial/4CoinManage/BP_Tuto_ShopCreateCoin.uexp" 1858
"C:/Unreal/Flip_Side/Content/BackGroundProps/Mesh/Textures/Slots/ImshiSlots_DefaultMaterial_OcclusionRoughnessMetallic.ubulk" 1859
"C:/Unreal/Flip_Side/Content/BackGroundProps/Mesh/Textures/Slots/ImshiSlots_DefaultMaterial_OcclusionRoughnessMetallic.uasset" 1860
"C:/Unreal/Flip_Side/Content/BackGroundProps/Mesh/Textures/Slots/ImshiSlots_DefaultMaterial_OcclusionRoughnessMetallic.uexp" 1861
"C:/Unreal/Flip_Side/Content/BackGroundProps/Mesh/Textures/Slots/ImshiSlots_DefaultMaterial_Normal.ubulk" 1862
"C:/Unreal/Flip_Side/Content/BackGroundProps/Mesh/Textures/Slots/ImshiSlots_DefaultMaterial_Normal.uasset" 1863
"C:/Unreal/Flip_Side/Content/BackGroundProps/Mesh/Textures/Slots/ImshiSlots_DefaultMaterial_Normal.uexp" 1864
"C:/Unreal/Flip_Side/Content/BackGroundProps/Mesh/Textures/Slots/ImshiSlots_DefaultMaterial_Emissive.ubulk" 1865
"C:/Unreal/Flip_Side/Content/BackGroundProps/Mesh/Textures/Slots/ImshiSlots_DefaultMaterial_Emissive.uasset" 1866
"C:/Unreal/Flip_Side/Content/BackGroundProps/Mesh/Textures/Slots/ImshiSlots_DefaultMaterial_Emissive.uexp" 1867
"C:/Unreal/Flip_Side/Content/BackGroundProps/Mesh/Textures/Slots/ImshiSlots_DefaultMaterial_BaseColor.ubulk" 1868
"C:/Unreal/Flip_Side/Content/BackGroundProps/Mesh/Textures/Slots/ImshiSlots_DefaultMaterial_BaseColor.uasset" 1869
"C:/Unreal/Flip_Side/Content/BackGroundProps/Mesh/Textures/Slots/ImshiSlots_DefaultMaterial_BaseColor.uexp" 1870
"C:/Unreal/Flip_Side/Content/BackGroundProps/Mesh/Material/M_Slots.uasset" 1871
"C:/Unreal/Flip_Side/Content/BackGroundProps/Mesh/Material/M_Slots.uexp" 1872
"C:/Unreal/Flip_Side/Content/BackGroundProps/Mesh/CoinSlot.ubulk" 1873
"C:/Unreal/Flip_Side/Content/BackGroundProps/Mesh/CoinSlot.uasset" 1874
"C:/Unreal/Flip_Side/Content/BackGroundProps/Mesh/CoinSlot.uexp" 1875
"C:/Unreal/Flip_Side/Content/BackGroundProps/Mesh/Textures/Draw/Draw_DefaultMaterial_OcclusionRoughnessMetallic.ubulk" 1876
"C:/Unreal/Flip_Side/Content/BackGroundProps/Mesh/Textures/Draw/Draw_DefaultMaterial_OcclusionRoughnessMetallic.uasset" 1877
"C:/Unreal/Flip_Side/Content/BackGroundProps/Mesh/Textures/Draw/Draw_DefaultMaterial_OcclusionRoughnessMetallic.uexp" 1878
"C:/Unreal/Flip_Side/Content/BackGroundProps/Mesh/Textures/Draw/Draw_DefaultMaterial_Normal.ubulk" 1879
"C:/Unreal/Flip_Side/Content/BackGroundProps/Mesh/Textures/Draw/Draw_DefaultMaterial_Normal.uasset" 1880
"C:/Unreal/Flip_Side/Content/BackGroundProps/Mesh/Textures/Draw/Draw_DefaultMaterial_Normal.uexp" 1881
"C:/Unreal/Flip_Side/Content/BackGroundProps/Mesh/Textures/Draw/Draw_DefaultMaterial_BaseColor.ubulk" 1882
"C:/Unreal/Flip_Side/Content/BackGroundProps/Mesh/Textures/Draw/Draw_DefaultMaterial_BaseColor.uasset" 1883
"C:/Unreal/Flip_Side/Content/BackGroundProps/Mesh/Textures/Draw/Draw_DefaultMaterial_BaseColor.uexp" 1884
"C:/Unreal/Flip_Side/Content/BackGroundProps/Mesh/Material/M_Draw.uasset" 1885
"C:/Unreal/Flip_Side/Content/BackGroundProps/Mesh/Material/M_Draw.uexp" 1886
"C:/Unreal/Flip_Side/Content/BackGroundProps/Mesh/Draw.ubulk" 1887
"C:/Unreal/Flip_Side/Content/BackGroundProps/Mesh/Draw.uasset" 1888
"C:/Unreal/Flip_Side/Content/BackGroundProps/Mesh/Draw.uexp" 1889
"C:/Unreal/Flip_Side/Content/BackGroundProps/Mesh/Textures/Table/DeskVer2_DefaultMaterial_OcclusionRoughnessMetallic.ubulk" 1890
"C:/Unreal/Flip_Side/Content/BackGroundProps/Mesh/Textures/Table/DeskVer2_DefaultMaterial_OcclusionRoughnessMetallic.uasset" 1891
"C:/Unreal/Flip_Side/Content/BackGroundProps/Mesh/Textures/Table/DeskVer2_DefaultMaterial_OcclusionRoughnessMetallic.uexp" 1892
"C:/Unreal/Flip_Side/Content/BackGroundProps/Mesh/Textures/Table/DeskVer2_DefaultMaterial_Normal.ubulk" 1893
"C:/Unreal/Flip_Side/Content/BackGroundProps/Mesh/Textures/Table/DeskVer2_DefaultMaterial_Normal.uasset" 1894
"C:/Unreal/Flip_Side/Content/BackGroundProps/Mesh/Textures/Table/DeskVer2_DefaultMaterial_Normal.uexp" 1895
"C:/Unreal/Flip_Side/Content/BackGroundProps/Mesh/Textures/Table/DeskVer2_DefaultMaterial_BaseColor.ubulk" 1896
"C:/Unreal/Flip_Side/Content/BackGroundProps/Mesh/Textures/Table/DeskVer2_DefaultMaterial_BaseColor.uasset" 1897
"C:/Unreal/Flip_Side/Content/BackGroundProps/Mesh/Textures/Table/DeskVer2_DefaultMaterial_BaseColor.uexp" 1898
"C:/Unreal/Flip_Side/Content/BackGroundProps/Mesh/Material/M_Table.uasset" 1899
"C:/Unreal/Flip_Side/Content/BackGroundProps/Mesh/Material/M_Table.uexp" 1900
"C:/Unreal/Flip_Side/Content/BackGroundProps/Mesh/Table.ubulk" 1901
"C:/Unreal/Flip_Side/Content/BackGroundProps/Mesh/Table.uasset" 1902
"C:/Unreal/Flip_Side/Content/BackGroundProps/Mesh/Table.uexp" 1903
"C:/Unreal/Flip_Side/Content/BackGroundProps/Mesh/Textures/GasAndMaker/MakerAndGas_BaseMaterial_OcclusionRoughnessMetallic.ubulk" 1904
"C:/Unreal/Flip_Side/Content/BackGroundProps/Mesh/Textures/GasAndMaker/MakerAndGas_BaseMaterial_OcclusionRoughnessMetallic.uasset" 1905
"C:/Unreal/Flip_Side/Content/BackGroundProps/Mesh/Textures/GasAndMaker/MakerAndGas_BaseMaterial_OcclusionRoughnessMetallic.uexp" 1906
"C:/Unreal/Flip_Side/Content/BackGroundProps/Mesh/Textures/GasAndMaker/MakerAndGas_BaseMaterial_Normal.ubulk" 1907
"C:/Unreal/Flip_Side/Content/BackGroundProps/Mesh/Textures/GasAndMaker/MakerAndGas_BaseMaterial_Normal.uasset" 1908
"C:/Unreal/Flip_Side/Content/BackGroundProps/Mesh/Textures/GasAndMaker/MakerAndGas_BaseMaterial_Normal.uexp" 1909
"C:/Unreal/Flip_Side/Content/BackGroundProps/Mesh/Textures/GasAndMaker/MakerAndGas_BaseMaterial_Emissive.ubulk" 1910
"C:/Unreal/Flip_Side/Content/BackGroundProps/Mesh/Textures/GasAndMaker/MakerAndGas_BaseMaterial_Emissive.uasset" 1911
"C:/Unreal/Flip_Side/Content/BackGroundProps/Mesh/Textures/GasAndMaker/MakerAndGas_BaseMaterial_Emissive.uexp" 1912
"C:/Unreal/Flip_Side/Content/BackGroundProps/Mesh/Textures/GasAndMaker/MakerAndGas_BaseMaterial_BaseColor.ubulk" 1913
"C:/Unreal/Flip_Side/Content/BackGroundProps/Mesh/Textures/GasAndMaker/MakerAndGas_BaseMaterial_BaseColor.uasset" 1914
"C:/Unreal/Flip_Side/Content/BackGroundProps/Mesh/Textures/GasAndMaker/MakerAndGas_BaseMaterial_BaseColor.uexp" 1915
"C:/Unreal/Flip_Side/Content/BackGroundProps/Mesh/Material/M_GasAndMaker.uasset" 1916
"C:/Unreal/Flip_Side/Content/BackGroundProps/Mesh/Material/M_GasAndMaker.uexp" 1917
"C:/Unreal/Flip_Side/Content/BackGroundProps/Mesh/CoinMaker.ubulk" 1918
"C:/Unreal/Flip_Side/Content/BackGroundProps/Mesh/CoinMaker.uasset" 1919
"C:/Unreal/Flip_Side/Content/BackGroundProps/Mesh/CoinMaker.uexp" 1920
"C:/Unreal/Flip_Side/Content/BackGroundProps/Mesh/Textures/Floor/CoinMakeFloor_Normal.uasset" 1921
"C:/Unreal/Flip_Side/Content/BackGroundProps/Mesh/Textures/Floor/CoinMakeFloor_Normal.uexp" 1922
"C:/Unreal/Flip_Side/Content/BackGroundProps/Mesh/Textures/Floor/CoinMakeFloor_Diffuse.ubulk" 1923
"C:/Unreal/Flip_Side/Content/BackGroundProps/Mesh/Textures/Floor/CoinMakeFloor_Diffuse.uasset" 1924
"C:/Unreal/Flip_Side/Content/BackGroundProps/Mesh/Textures/Floor/CoinMakeFloor_Diffuse.uexp" 1925
"C:/Unreal/Flip_Side/Content/BackGroundProps/Mesh/Material/M_CoinMakeFloor.uasset" 1926
"C:/Unreal/Flip_Side/Content/BackGroundProps/Mesh/Material/M_CoinMakeFloor.uexp" 1927
"C:/Unreal/Flip_Side/Content/BackGroundProps/Mesh/CoinMakeFloor.ubulk" 1928
"C:/Unreal/Flip_Side/Content/BackGroundProps/Mesh/CoinMakeFloor.uasset" 1929
"C:/Unreal/Flip_Side/Content/BackGroundProps/Mesh/CoinMakeFloor.uexp" 1930
"C:/Unreal/Flip_Side/Content/Levels/L_Tutorial_TutoShop_Level.uexp" 1931
"C:/Unreal/Flip_Side/Content/Levels/L_Tutorial_TutoShop_Level.umap" 1932
"C:/Unreal/Flip_Side/Content/UI/Shop_UnlockWeapon/WBP_UnlockWeaponButton.uasset" 1933
"C:/Unreal/Flip_Side/Content/UI/Shop_UnlockWeapon/WBP_UnlockWeaponButton.uexp" 1934
"C:/Unreal/Flip_Side/Content/UI/Shop_UnlockWeapon/WBP_UnlockWeaponGrid.uasset" 1935
"C:/Unreal/Flip_Side/Content/UI/Shop_UnlockWeapon/WBP_UnlockWeaponGrid.uexp" 1936
"C:/Unreal/Flip_Side/Content/UI/Shop_UnlockWeapon/Widget/WBP_UnlockWeaponGridContainer.uasset" 1937
"C:/Unreal/Flip_Side/Content/UI/Shop_UnlockWeapon/Widget/WBP_UnlockWeaponGridContainer.uexp" 1938
"C:/Unreal/Flip_Side/Content/UI/Shop_UnlockWeapon/Widget/WBP_UnlockSelectWeaponButton.uasset" 1939
"C:/Unreal/Flip_Side/Content/UI/Shop_UnlockWeapon/Widget/WBP_UnlockSelectWeaponButton.uexp" 1940
"C:/Unreal/Flip_Side/Content/UI/Shop_UnlockWeapon/WBP_UnlockWeaponWidget.uasset" 1941
"C:/Unreal/Flip_Side/Content/UI/Shop_UnlockWeapon/WBP_UnlockWeaponWidget.uexp" 1942
"C:/Unreal/Flip_Side/Content/UI/Shop_BossInfo/WBP_ShopBossInfo.uasset" 1943
"C:/Unreal/Flip_Side/Content/UI/Shop_BossInfo/WBP_ShopBossInfo.uexp" 1944
"C:/Unreal/Flip_Side/Content/UI/Shop_CardSelect/WBP_PlayerCard.uasset" 1945
"C:/Unreal/Flip_Side/Content/UI/Shop_CardSelect/WBP_PlayerCard.uexp" 1946
"C:/Unreal/Flip_Side/Content/UI/Shop_CardSelect/WBP_ShopPlayerCards.uasset" 1947
"C:/Unreal/Flip_Side/Content/UI/Shop_CardSelect/WBP_ShopPlayerCards.uexp" 1948
"C:/Unreal/Flip_Side/Content/UI/Shop_CardSelect/WBP_CardSelectModeWidget.uasset" 1949
"C:/Unreal/Flip_Side/Content/UI/Shop_CardSelect/WBP_CardSelectModeWidget.uexp" 1950
"C:/Unreal/Flip_Side/Content/UI/Shop_CoinManager/Widget/WBP_WeaponGridContainer.uasset" 1951
"C:/Unreal/Flip_Side/Content/UI/Shop_CoinManager/Widget/WBP_WeaponGridContainer.uexp" 1952
"C:/Unreal/Flip_Side/Content/UI/Shop_CoinManager/Widget/WBP_Inc_CoinCountButton.uasset" 1953
"C:/Unreal/Flip_Side/Content/UI/Shop_CoinManager/Widget/WBP_Inc_CoinCountButton.uexp" 1954
"C:/Unreal/Flip_Side/Content/UI/Shop_CoinManager/Widget/WBP_CoinSlotWidget.uasset" 1955
"C:/Unreal/Flip_Side/Content/UI/Shop_CoinManager/Widget/WBP_CoinSlotWidget.uexp" 1956
"C:/Unreal/Flip_Side/Content/UI/Shop_CoinManager/Widget/WBP_CoinSlotContainer.uasset" 1957
"C:/Unreal/Flip_Side/Content/UI/Shop_CoinManager/Widget/WBP_CoinSlotContainer.uexp" 1958
"C:/Unreal/Flip_Side/Content/UI/Shop_CoinManager/Widget/WBP_CoinManageWidget.uasset" 1959
"C:/Unreal/Flip_Side/Content/UI/Shop_CoinManager/Widget/WBP_CoinManageWidget.uexp" 1960
"C:/Unreal/Flip_Side/Content/UI/Shop_ItemSelect/WBP_ShopSellItemGrid.uasset" 1961
"C:/Unreal/Flip_Side/Content/UI/Shop_ItemSelect/WBP_ShopSellItemGrid.uexp" 1962
"C:/Unreal/Flip_Side/Content/UI/Shop_ItemSelect/WBP_ShopInvenItemButton.uasset" 1963
"C:/Unreal/Flip_Side/Content/UI/Shop_ItemSelect/WBP_ShopInvenItemButton.uexp" 1964
"C:/Unreal/Flip_Side/Content/UI/Shop_ItemSelect/WBP_ShopItemInven.uasset" 1965
"C:/Unreal/Flip_Side/Content/UI/Shop_ItemSelect/WBP_ShopItemInven.uexp" 1966
"C:/Unreal/Flip_Side/Content/UI/Shop_ItemSelect/WBP_ShopItemWidget.uasset" 1967
"C:/Unreal/Flip_Side/Content/UI/Shop_ItemSelect/WBP_ShopItemWidget.uexp" 1968
"C:/Unreal/Flip_Side/Content/UI/WBP_ShopWIdgetContainer.uasset" 1969
"C:/Unreal/Flip_Side/Content/UI/WBP_ShopWIdgetContainer.uexp" 1970
"C:/Unreal/Flip_Side/Content/ShopTutorial/BP_Tuto_ShopController.uasset" 1971
"C:/Unreal/Flip_Side/Content/ShopTutorial/BP_Tuto_ShopController.uexp" 1972
"C:/Unreal/Flip_Side/Content/ShopTutorial/BP_Tuto_ShopLevelGameMode.uasset" 1973
"C:/Unreal/Flip_Side/Content/ShopTutorial/BP_Tuto_ShopLevelGameMode.uexp" 1974
"C:/Unreal/Flip_Side/Content/UI/Shop_CoinManager/BP_ShopCreateCoin.uasset" 1975
"C:/Unreal/Flip_Side/Content/UI/Shop_CoinManager/BP_ShopCreateCoin.uexp" 1976
"C:/Unreal/Flip_Side/Content/Levels/L_Tutorial_Shop_Level.uexp" 1977
"C:/Unreal/Flip_Side/Content/Levels/L_Tutorial_Shop_Level.umap" 1978
"../../../Engine/Plugins/Interchange/Assets/Content/Materials/UnlitMaterial.uasset" 1979
"../../../Engine/Plugins/Interchange/Assets/Content/Materials/UnlitMaterial.uexp" 1980
"C:/Unreal/Flip_Side/Content/PreviewGrid/BP_WeaponRangePreviewActor.uasset" 1981
"C:/Unreal/Flip_Side/Content/PreviewGrid/BP_WeaponRangePreviewActor.uexp" 1982
"C:/Unreal/Flip_Side/Content/BattleTutorial/M_Tutorial_DimMask.uasset" 1983
"C:/Unreal/Flip_Side/Content/BattleTutorial/M_Tutorial_DimMask.uexp" 1984
"C:/Unreal/Flip_Side/Content/BattleTutorial/WBP_BattleTutorialOverlay.uasset" 1985
"C:/Unreal/Flip_Side/Content/BattleTutorial/WBP_BattleTutorialOverlay.uexp" 1986
"C:/Unreal/Flip_Side/Content/UI/BattleUIs/capture/BP_FrontRangeCam.uasset" 1987
"C:/Unreal/Flip_Side/Content/UI/BattleUIs/capture/BP_FrontRangeCam.uexp" 1988
"C:/Unreal/Flip_Side/Content/UI/BattleUIs/capture/BP_BackRangeCam.uasset" 1989
"C:/Unreal/Flip_Side/Content/UI/BattleUIs/capture/BP_BackRangeCam.uexp" 1990
"C:/Unreal/Flip_Side/Content/Player/Player_Battle/BP_BattlePlayerPawn.uasset" 1991
"C:/Unreal/Flip_Side/Content/Player/Player_Battle/BP_BattlePlayerPawn.uexp" 1992
"C:/Unreal/Flip_Side/Content/Player/Player_Battle/Inupts/IMC_Battle.uasset" 1993
"C:/Unreal/Flip_Side/Content/Player/Player_Battle/Inupts/IMC_Battle.uexp" 1994
"C:/Unreal/Flip_Side/Content/Player/Player_Battle/BP_BattleController.uasset" 1995
"C:/Unreal/Flip_Side/Content/Player/Player_Battle/BP_BattleController.uexp" 1996
"C:/Unreal/Flip_Side/Content/Player/Player_Battle/BP_BattleLevelGameMode.uasset" 1997
"C:/Unreal/Flip_Side/Content/Player/Player_Battle/BP_BattleLevelGameMode.uexp" 1998
"C:/Unreal/Flip_Side/Content/BackGroundProps/Mesh/UseItemSlot.ubulk" 1999
"C:/Unreal/Flip_Side/Content/BackGroundProps/Mesh/UseItemSlot.uasset" 2000
"C:/Unreal/Flip_Side/Content/BackGroundProps/Mesh/UseItemSlot.uexp" 2001
"C:/Unreal/Flip_Side/Content/BackGroundProps/BP_UseItemSlot.uasset" 2002
"C:/Unreal/Flip_Side/Content/BackGroundProps/BP_UseItemSlot.uexp" 2003
"../../../Engine/Content/Engine_MI_Shaders/T_Emissive.uasset" 2004
"../../../Engine/Content/Engine_MI_Shaders/T_Emissive.uexp" 2005
"../../../Engine/Content/Engine_MI_Shaders/T_Reflection.uasset" 2006
"../../../Engine/Content/Engine_MI_Shaders/T_Reflection.uexp" 2007
"../../../Engine/Content/Engine_MI_Shaders/M_Shader_SimpleTranslucent.uasset" 2008
"../../../Engine/Content/Engine_MI_Shaders/M_Shader_SimpleTranslucent.uexp" 2009
"../../../Engine/Content/Engine_MI_Shaders/Instances/M_Shader_SimpleTranslucent_Invis.uasset" 2010
"../../../Engine/Content/Engine_MI_Shaders/Instances/M_Shader_SimpleTranslucent_Invis.uexp" 2011
"C:/Unreal/Flip_Side/Content/BackGroundProps/BP_Slot.uasset" 2012
"C:/Unreal/Flip_Side/Content/BackGroundProps/BP_Slot.uexp" 2013
"C:/Unreal/Flip_Side/Content/BackGroundProps/BP_Draw.uasset" 2014
"C:/Unreal/Flip_Side/Content/BackGroundProps/BP_Draw.uexp" 2015
"C:/Unreal/Flip_Side/Content/BackGroundProps/Mesh/Textures/Lever/LeverImsh_DefaultMaterial_OcclusionRoughnessMetallic.ubulk" 2016
"C:/Unreal/Flip_Side/Content/BackGroundProps/Mesh/Textures/Lever/LeverImsh_DefaultMaterial_OcclusionRoughnessMetallic.uasset" 2017
"C:/Unreal/Flip_Side/Content/BackGroundProps/Mesh/Textures/Lever/LeverImsh_DefaultMaterial_OcclusionRoughnessMetallic.uexp" 2018
"C:/Unreal/Flip_Side/Content/BackGroundProps/Mesh/Textures/Lever/LeverImsh_DefaultMaterial_Normal.ubulk" 2019
"C:/Unreal/Flip_Side/Content/BackGroundProps/Mesh/Textures/Lever/LeverImsh_DefaultMaterial_Normal.uasset" 2020
"C:/Unreal/Flip_Side/Content/BackGroundProps/Mesh/Textures/Lever/LeverImsh_DefaultMaterial_Normal.uexp" 2021
"C:/Unreal/Flip_Side/Content/BackGroundProps/Mesh/Textures/Lever/LeverImsh_DefaultMaterial_BaseColor.ubulk" 2022
"C:/Unreal/Flip_Side/Content/BackGroundProps/Mesh/Textures/Lever/LeverImsh_DefaultMaterial_BaseColor.uasset" 2023
"C:/Unreal/Flip_Side/Content/BackGroundProps/Mesh/Textures/Lever/LeverImsh_DefaultMaterial_BaseColor.uexp" 2024
"C:/Unreal/Flip_Side/Content/BackGroundProps/Mesh/Material/M_Lever.uasset" 2025
"C:/Unreal/Flip_Side/Content/BackGroundProps/Mesh/Material/M_Lever.uexp" 2026
"C:/Unreal/Flip_Side/Content/BackGroundProps/Mesh/Lever.ubulk" 2027
"C:/Unreal/Flip_Side/Content/BackGroundProps/Mesh/Lever.uasset" 2028
"C:/Unreal/Flip_Side/Content/BackGroundProps/Mesh/Lever.uexp" 2029
"C:/Unreal/Flip_Side/Content/BackGroundProps/Mesh/LeverBase.ubulk" 2030
"C:/Unreal/Flip_Side/Content/BackGroundProps/Mesh/LeverBase.uasset" 2031
"C:/Unreal/Flip_Side/Content/BackGroundProps/Mesh/LeverBase.uexp" 2032
"C:/Unreal/Flip_Side/Content/BackGroundProps/BP_BattleLever.uasset" 2033
"C:/Unreal/Flip_Side/Content/BackGroundProps/BP_BattleLever.uexp" 2034
"C:/Unreal/Flip_Side/Content/BackGroundProps/Mesh/DeskComponents_GameBoardBase.ubulk" 2035
"C:/Unreal/Flip_Side/Content/BackGroundProps/Mesh/DeskComponents_GameBoardBase.uasset" 2036
"C:/Unreal/Flip_Side/Content/BackGroundProps/Mesh/DeskComponents_GameBoardBase.uexp" 2037
"C:/Unreal/Flip_Side/Content/Boss/TextureAndMat/Material/Tutorial/M_SelectedOutline.uasset" 2038
"C:/Unreal/Flip_Side/Content/Boss/TextureAndMat/Material/Tutorial/M_SelectedOutline.uexp" 2039
"C:/Unreal/Flip_Side/Content/BattleTutorial/TBP_TutorialTP_ReadyCoin.uasset" 2040
"C:/Unreal/Flip_Side/Content/BattleTutorial/TBP_TutorialTP_ReadyCoin.uexp" 2041
"C:/Unreal/Flip_Side/Content/BattleTutorial/TBP_TutorialTargetPoint_Lever.uasset" 2042
"C:/Unreal/Flip_Side/Content/BattleTutorial/TBP_TutorialTargetPoint_Lever.uexp" 2043
"C:/Unreal/Flip_Side/Content/BattleTutorial/TBP_TutorialTargetPoint_ItemSlot.uasset" 2044
"C:/Unreal/Flip_Side/Content/BattleTutorial/TBP_TutorialTargetPoint_ItemSlot.uexp" 2045
"C:/Unreal/Flip_Side/Content/BattleTutorial/TBP_TutorialTargetPoint_Drawer.uasset" 2046
"C:/Unreal/Flip_Side/Content/BattleTutorial/TBP_TutorialTargetPoint_Drawer.uexp" 2047
"C:/Unreal/Flip_Side/Content/BattleTutorial/TBP_TutorialTargetPoint_CoinSlot.uasset" 2048
"C:/Unreal/Flip_Side/Content/BattleTutorial/TBP_TutorialTargetPoint_CoinSlot.uexp" 2049
"C:/Unreal/Flip_Side/Content/BattleTutorial/TBP_TutorialTargetPoint_Card.uasset" 2050
"C:/Unreal/Flip_Side/Content/BattleTutorial/TBP_TutorialTargetPoint_Card.uexp" 2051
"C:/Unreal/Flip_Side/Content/Levels/L_Stage_Battle_Tutorial.uexp" 2052
"C:/Unreal/Flip_Side/Content/Levels/L_Stage_Battle_Tutorial.umap" 2053
"C:/Unreal/Flip_Side/Content/Levels/L_StageOne.uexp" 2054
"C:/Unreal/Flip_Side/Content/Levels/L_StageOne.umap" 2055
"C:/Unreal/Flip_Side/Content/Player/Player_Shop/BP_ShopController.uasset" 2056
"C:/Unreal/Flip_Side/Content/Player/Player_Shop/BP_ShopController.uexp" 2057
"C:/Unreal/Flip_Side/Content/Player/Player_Shop/BP_ShopLevelGameMode.uasset" 2058
"C:/Unreal/Flip_Side/Content/Player/Player_Shop/BP_ShopLevelGameMode.uexp" 2059
"C:/Unreal/Flip_Side/Content/Levels/L_ShopLevel.uexp" 2060
"C:/Unreal/Flip_Side/Content/Levels/L_ShopLevel.umap" 2061
"C:/Unreal/Flip_Side/Content/Player/StartEnd/MP_Intro.uasset" 2062
"C:/Unreal/Flip_Side/Content/Player/StartEnd/MP_Intro.uexp" 2063
"C:/Unreal/Flip_Side/Content/Player/StartEnd/StartEndPawn.uasset" 2064
"C:/Unreal/Flip_Side/Content/Player/StartEnd/StartEndPawn.uexp" 2065
"C:/Unreal/Flip_Side/Content/Player/StartEnd/MT_Intro.uasset" 2066
"C:/Unreal/Flip_Side/Content/Player/StartEnd/MT_Intro.uexp" 2067
"C:/Unreal/Flip_Side/Content/Player/StartEnd/M_IntroVideo.uasset" 2068
"C:/Unreal/Flip_Side/Content/Player/StartEnd/M_IntroVideo.uexp" 2069
"C:/Unreal/Flip_Side/Content/Player/StartEnd/FMS_Intro.uasset" 2070
"C:/Unreal/Flip_Side/Content/Player/StartEnd/FMS_Intro.uexp" 2071
"C:/Unreal/Flip_Side/Content/Player/StartEnd/WBP_StartHud.uasset" 2072
"C:/Unreal/Flip_Side/Content/Player/StartEnd/WBP_StartHud.uexp" 2073
"C:/Unreal/Flip_Side/Content/Player/StartEnd/WBP_EndHud.uasset" 2074
"C:/Unreal/Flip_Side/Content/Player/StartEnd/WBP_EndHud.uexp" 2075
"C:/Unreal/Flip_Side/Content/Player/StartEnd/StartEndController.uasset" 2076
"C:/Unreal/Flip_Side/Content/Player/StartEnd/StartEndController.uexp" 2077
"C:/Unreal/Flip_Side/Content/Player/StartEnd/StartEndGameMode.uasset" 2078
"C:/Unreal/Flip_Side/Content/Player/StartEnd/StartEndGameMode.uexp" 2079
"C:/Unreal/Flip_Side/Content/Levels/L_GameStart.uexp" 2080
"C:/Unreal/Flip_Side/Content/Levels/L_GameStart.umap" 2081
