"C:/Users/jinso/Documents/GitHub/Flip_Side/Flip_Side.uproject" 1
"../../../../../../Users/jinso/Documents/GitHub/Flip_Side/Binaries/Win64/UnrealEditor.modules" 2
"../../../Engine/Plugins/BlueprintFileUtils/BlueprintFileUtils.uplugin" 3
"../../../Engine/Plugins/AudioGameplay/AudioGameplay.uplugin" 4
"../../../Engine/Plugins/AudioGameplayVolume/AudioGameplayVolume.uplugin" 5
"../../../Engine/Plugins/AudioInsights/AudioInsights.uplugin" 6
"../../../Engine/Plugins/ChaosClothAsset/ChaosClothAsset.uplugin" 7
"../../../Engine/Plugins/ChaosClothAssetEditor/ChaosClothAssetEditor.uplugin" 8
"../../../Engine/Plugins/ChaosCloth/ChaosCloth.uplugin" 9
"../../../Engine/Plugins/Chooser/Chooser.uplugin" 10
"../../../Engine/Plugins/DiscoveryBeaconReceiver/DiscoveryBeaconReceiver.uplugin" 11
"../../../Engine/Plugins/Bridge/Bridge.uplugin" 12
"../../../Engine/Plugins/ChaosVD/ChaosVD.uplugin" 13
"../../../Engine/Plugins/IoStoreInsights/IoStoreInsights.uplugin" 14
"../../../Engine/Plugins/CmdLinkServer/CmdLinkServer.uplugin" 15
"../../../Engine/Plugins/MeshPainting/MeshPainting.uplugin" 16
"../../../Engine/Plugins/ChaosInsights/ChaosInsights.uplugin" 17
"../../../Engine/Plugins/RenderGraphInsights/RenderGraphInsights.uplugin" 18
"../../../Engine/Plugins/MassInsights/MassInsights.uplugin" 19
"../../../Engine/Plugins/JsonBlueprintUtilities/JsonBlueprintUtilities.uplugin" 20
"../../../Engine/Plugins/MemoryUsageQueries/MemoryUsageQueries.uplugin" 21
"../../../Engine/Plugins/Fab/Fab.uplugin" 22
"../../../Engine/Plugins/EnhancedInput/EnhancedInput.uplugin" 23
"../../../Engine/Plugins/FastBuildController/FastBuildController.uplugin" 24
"../../../Engine/Plugins/PCG/PCG.uplugin" 25
"../../../Engine/Plugins/LightWeightInstancesEditor/LightWeightInstancesEditor.uplugin" 26
"../../../Engine/Plugins/Mutable/Mutable.uplugin" 27
"../../../Engine/Plugins/Cameras/CameraShakePreviewer/CameraShakePreviewer.uplugin" 28
"../../../Engine/Plugins/ScriptPlugin/ScriptPlugin.uplugin" 29
"../../../Engine/Plugins/Cameras/GameplayCameras/GameplayCameras.uplugin" 30
"../../../Engine/Plugins/Enterprise/DataprepEditor/DataprepEditor.uplugin" 31
"../../../Engine/Plugins/XGEController/XGEController.uplugin" 32
"../../../Engine/Plugins/WorldMetrics/WorldMetrics.uplugin" 33
"../../../Engine/Plugins/UbaController/UbaController.uplugin" 34
"../../../Engine/Plugins/Cameras/EngineCameras/EngineCameras.uplugin" 35
"../../../Engine/Plugins/Enterprise/DatasmithImporter/DatasmithImporter.uplugin" 36
"../../../Engine/Plugins/Enterprise/GLTFExporter/GLTFExporter.uplugin" 37
"../../../Engine/Plugins/Enterprise/DatasmithFBXImporter/DatasmithFBXImporter.uplugin" 38
"../../../Engine/Plugins/Enterprise/MDLImporter/MDLImporter.uplugin" 39
"../../../Engine/Plugins/Enterprise/DatasmithC4DImporter/DatasmithC4DImporter.uplugin" 40
"../../../Engine/Plugins/Enterprise/DatasmithCADImporter/DatasmithCADImporter.uplugin" 41
"../../../Engine/Plugins/TraceUtilities/TraceUtilities.uplugin" 42
"../../../Engine/Plugins/Enterprise/AxFImporter/AxFImporter.uplugin" 43
"../../../Engine/Plugins/Importers/USDImporterMDL/USDImporterMDL.uplugin" 44
"../../../Engine/Plugins/Importers/AlembicImporter/AlembicImporter.uplugin" 45
"../../../Engine/Plugins/Enterprise/DatasmithContent/DatasmithContent.uplugin" 46
"../../../Engine/Plugins/Enterprise/VariantManager/VariantManager.uplugin" 47
"../../../Engine/Plugins/Online/EOSShared/EOSShared.uplugin" 48
"../../../Engine/Plugins/TextureGraph/TextureGraph.uplugin" 49
"../../../Engine/Plugins/Online/OnlineBase/OnlineBase.uplugin" 50
"../../../Engine/Plugins/Online/OnlineServicesEpicCommon/OnlineServicesEpicCommon.uplugin" 51
"../../../Engine/Plugins/Importers/AlembicHairImporter/AlembicHairImporter.uplugin" 52
"../../../Engine/Plugins/Online/OnlineServicesEOS/OnlineServicesEOS.uplugin" 53
"../../../Engine/Plugins/Online/OnlineServices/OnlineServices.uplugin" 54
"../../../Engine/Plugins/Online/OnlineSubsystemAmazon/OnlineSubsystemAmazon.uplugin" 55
"../../../Engine/Plugins/Enterprise/VariantManagerContent/VariantManagerContent.uplugin" 56
"../../../Engine/Plugins/Online/OnlineFramework/OnlineFramework.uplugin" 57
"../../../Engine/Plugins/Online/OnlineSubsystemGoogle/OnlineSubsystemGoogle.uplugin" 58
"../../../Engine/Plugins/Online/EOSOverlayInputProvider/EOSOverlayInputProvider.uplugin" 59
"../../../Engine/Plugins/Online/OnlineSubsystemNull/OnlineSubsystemNull.uplugin" 60
"../../../Engine/Plugins/Importers/USDImporter/USDImporter.uplugin" 61
"../../../Engine/Plugins/Online/OnlineSubsystemUtils/OnlineSubsystemUtils.uplugin" 62
"../../../Engine/Plugins/Online/WebAuth/WebAuth.uplugin" 63
"../../../Engine/Plugins/Online/OnlineSubsystemSteam/OnlineSubsystemSteam.uplugin" 64
"../../../Engine/Plugins/Online/OnlineServicesOSSAdapter/OnlineServicesOSSAdapter.uplugin" 65
"../../../Engine/Plugins/Online/OnlineSubsystemTencent/OnlineSubsystemTencent.uplugin" 66
"../../../Engine/Plugins/Importers/USDMultiUser/USDMultiUser.uplugin" 67
"../../../Engine/Plugins/Online/OnlineSubsystemEOS/OnlineSubsystemEOS.uplugin" 68
"../../../Engine/Plugins/Online/OnlineSubsystem/OnlineSubsystem.uplugin" 69
"../../../Engine/Plugins/Online/OnlineServicesEOSGS/OnlineServicesEOSGS.uplugin" 70
"../../../Engine/Plugins/Protocols/MQTT/MQTT.uplugin" 71
"../../../Engine/Plugins/Developer/BlankPlugin/BlankPlugin.uplugin" 72
"../../../Engine/Plugins/Enterprise/LidarPointCloud/LidarPointCloud.uplugin" 73
"../../../Engine/Plugins/Developer/FieldNotificationTrace/FieldNotificationTrace.uplugin" 74
"../../../Engine/Plugins/Online/OnlineSubsystemFacebook/OnlineSubsystemFacebook.uplugin" 75
"../../../Engine/Plugins/Developer/AnimationSharing/AnimationSharing.uplugin" 76
"../../../Engine/Plugins/Developer/DirectoryPlaceholder/DirectoryPlaceholder.uplugin" 77
"../../../Engine/Plugins/Developer/DumpGPUServices/DumpGPUServices.uplugin" 78
"../../../Engine/Plugins/Developer/PixWinPlugin/PixWinPlugin.uplugin" 79
"../../../Engine/Plugins/Developer/ProjectLauncher/ProjectLauncher.uplugin" 80
"../../../Engine/Plugins/Online/OnlineServicesNull/OnlineServicesNull.uplugin" 81
"../../../Engine/Plugins/Developer/GitSourceControl/GitSourceControl.uplugin" 82
"../../../Engine/Plugins/Developer/PluginUtils/PluginUtils.uplugin" 83
"../../../Engine/Plugins/Developer/RiderSourceCodeAccess/RiderSourceCodeAccess.uplugin" 84
"../../../Engine/Plugins/Online/OnlineSubsystemApple/OnlineSubsystemApple.uplugin" 85
"../../../Engine/Plugins/Developer/CodeLiteSourceCodeAccess/CodeLiteSourceCodeAccess.uplugin" 86
"../../../Engine/Plugins/Developer/TraceSourceFiltering/TraceSourceFilters.uplugin" 87
"../../../Engine/Plugins/Developer/OneSkyLocalizationService/OneSkyLocalizationService.uplugin" 88
"../../../Engine/Plugins/Developer/SubversionSourceControl/SubversionSourceControl.uplugin" 89
"../../../Engine/Plugins/Developer/NullSourceCodeAccess/NullSourceCodeAccess.uplugin" 90
"../../../Engine/Plugins/Developer/XcodeGPUDebuggerPlugin/XcodeGPUDebuggerPlugin.uplugin" 91
"../../../Engine/Plugins/Developer/VisualStudioSourceCodeAccess/VisualStudioSourceCodeAccess.uplugin" 92
"../../../Engine/Plugins/Developer/VisualStudioCodeSourceCodeAccess/VisualStudioCodeSourceCodeAccess.uplugin" 93
"../../../Engine/Plugins/Developer/N10XSourceCodeAccess/N10XSourceCodeAccess.uplugin" 94
"../../../Engine/Plugins/Developer/PropertyAccessNode/PropertyAccessNode.uplugin" 95
"../../../Engine/Plugins/Online/SocketSubsystemSteamIP/SocketSubsystemSteamIP.uplugin" 96
"../../../Engine/Plugins/Editor/BlueprintHeaderView/BlueprintHeaderView.uplugin" 97
"../../../Engine/Plugins/Developer/NamingTokens/NamingTokens.uplugin" 98
"../../../Engine/Plugins/Developer/UObjectPlugin/UObjectPlugin.uplugin" 99
"../../../Engine/Plugins/Developer/PerforceSourceControl/PerforceSourceControl.uplugin" 100
"../../../Engine/Plugins/Online/SocketSubsystemEOS/SocketSubsystemEOS.uplugin" 101
"../../../Engine/Plugins/Editor/AssetSearch/AssetSearch.uplugin" 102
"../../../Engine/Plugins/Editor/AssetReferenceRestrictions/AssetReferenceRestrictions.uplugin" 103
"../../../Engine/Plugins/Editor/AssetRegistryExport/AssetRegistryExport.uplugin" 104
"../../../Engine/Plugins/Developer/XCodeSourceCodeAccess/XCodeSourceCodeAccess.uplugin" 105
"../../../Engine/Plugins/Editor/CurveEditorTools/CurveEditorTools.uplugin" 106
"../../../Engine/Plugins/Developer/CLionSourceCodeAccess/CLionSourceCodeAccess.uplugin" 107
"../../../Engine/Plugins/Editor/AssetManagerEditor/AssetManagerEditor.uplugin" 108
"../../../Engine/Plugins/Developer/TraceDataFiltering/TraceDataFilters.uplugin" 109
"../../../Engine/Plugins/Editor/BlueprintMaterialTextureNodes/BlueprintMaterialTextureNodes.uplugin" 110
"../../../Engine/Plugins/Developer/RenderDocPlugin/RenderDocPlugin.uplugin" 111
"../../../Engine/Plugins/Editor/EngineAssetDefinitions/EngineAssetDefinitions.uplugin" 112
"../../../Engine/Plugins/Developer/TextureFormatOodle/TextureFormatOodle.uplugin" 113
"../../../Engine/Plugins/Editor/ColorGrading/ColorGrading.uplugin" 114
"../../../Engine/Plugins/Developer/KDevelopSourceCodeAccess/KDevelopSourceCodeAccess.uplugin" 115
"../../../Engine/Plugins/Developer/PlasticSourceControl/PlasticSourceControl.uplugin" 116
"../../../Engine/Plugins/Editor/DataValidation/DataValidation.uplugin" 117
"../../../Engine/Plugins/Editor/MakeCookedEditorAsDLC/MakeCookedEditorAsDLC.uplugin" 118
"../../../Engine/Plugins/Editor/ConsoleVariablesEditor/ConsoleVariables.uplugin" 119
"../../../Engine/Plugins/Editor/EditorScriptingUtilities/EditorScriptingUtilities.uplugin" 120
"../../../Engine/Plugins/Editor/EditorDebugTools/EditorDebugTools.uplugin" 121
"../../../Engine/Plugins/Editor/ChangelistReview/ChangelistReview.uplugin" 122
"../../../Engine/Plugins/Editor/FacialAnimation/FacialAnimation.uplugin" 123
"../../../Engine/Plugins/Editor/MobileLauncherProfileWizard/MobileLauncherProfileWizard.uplugin" 124
"../../../Engine/Plugins/Editor/ProxyLODPlugin/ProxyLODPlugin.uplugin" 125
"../../../Engine/Plugins/Editor/SequencerAnimTools/SequencerAnimTools.uplugin" 126
"../../../Engine/Plugins/Editor/GameplayTagsEditor/GameplayTagsEditor.uplugin" 127
"../../../Engine/Plugins/Editor/ScriptableToolsEditorMode/ScriptableToolsEditorMode.uplugin" 128
"../../../Engine/Plugins/Editor/LiveUpdateForSlate/LiveUpdateForSlate.uplugin" 129
"../../../Engine/Plugins/Editor/GuidedTutorials/GuidedTutorials.uplugin" 130
"../../../Engine/Plugins/Editor/GeometryMode/GeometryMode.uplugin" 131
"../../../Engine/Plugins/Editor/DisplayClusterLaunch/DisplayClusterLaunch.uplugin" 132
"../../../Engine/Plugins/Editor/WaveformEditor/WaveformEditor.uplugin" 133
"../../../Engine/Plugins/Editor/CryptoKeys/CryptoKeys.uplugin" 134
"../../../Engine/Plugins/Media/AjaMedia/AjaMedia.uplugin" 135
"../../../Engine/Plugins/Editor/PluginBrowser/PluginBrowser.uplugin" 136
"../../../Engine/Plugins/Editor/MaterialAnalyzer/MaterialAnalyzer.uplugin" 137
"../../../Engine/Plugins/Editor/MeshLODToolset/MeshLODToolset.uplugin" 138
"../../../Engine/Plugins/Editor/StylusInput/StylusInput.uplugin" 139
"../../../Engine/Plugins/Editor/EditorSysConfigAssistant/EditorSysConfigAssistant.uplugin" 140
"../../../Engine/Plugins/Editor/ModelViewViewModelPreview/ModelViewViewModelPreview.uplugin" 141
"../../../Engine/Plugins/Editor/StaticMeshEditorModeling/StaticMeshEditorModeling.uplugin" 142
"../../../Engine/Plugins/Editor/ModelingToolsEditorMode/ModelingToolsEditorMode.uplugin" 143
"../../../Engine/Plugins/Editor/MacGraphicsSwitching/MacGraphicsSwitching.uplugin" 144
"../../../Engine/Plugins/Media/AppleProResMedia/AppleProResMedia.uplugin" 145
"../../../Engine/Plugins/Media/AvidDNxMedia/AvidDNxMedia.uplugin" 146
"../../../Engine/Plugins/Media/BlackmagicMedia/BlackmagicMedia.uplugin" 147
"../../../Engine/Plugins/Media/AndroidMedia/AndroidMedia.uplugin" 148
"../../../Engine/Plugins/Editor/UMGWidgetPreview/UMGWidgetPreview.uplugin" 149
"../../../Engine/Plugins/Media/D3D12VideoDecodersElectra/D3D12VideoDecodersElectra.uplugin" 150
"../../../Engine/Plugins/Editor/UVEditor/UVEditor.uplugin" 151
"../../../Engine/Plugins/Editor/WorldPartitionHLODUtilities/WorldPartitionHLODUtilities.uplugin" 152
"../../../Engine/Plugins/Media/MediaCompositing/MediaCompositing.uplugin" 153
"../../../Engine/Plugins/Media/BinkMedia/BinkMedia.uplugin" 154
"../../../Engine/Plugins/Editor/SpeedTreeImporter/SpeedTreeImporter.uplugin" 155
"../../../Engine/Plugins/Media/AudioCaptureTimecodeProvider/AudioCaptureTimecodeProvider.uplugin" 156
"../../../Engine/Plugins/Editor/SampleToolsEditorMode/SampleToolsEditorMode.uplugin" 157
"../../../Engine/Plugins/Media/ElectraCodecs/ElectraCodecs.uplugin" 158
"../../../Engine/Plugins/Media/ElectraSubtitles/ElectraSubtitles.uplugin" 159
"../../../Engine/Plugins/Media/AvfMedia/AvfMedia.uplugin" 160
"../../../Engine/Plugins/Media/MediaIOFramework/MediaIOFramework.uplugin" 161
"../../../Engine/Plugins/Media/ElectraPlayer/ElectraPlayer.uplugin" 162
"../../../Engine/Plugins/Media/AppleProResDecoderElectra/AppleProResDecoderElectra.uplugin" 163
"../../../Engine/Plugins/Media/LinearTimecode/LinearTimecode.uplugin" 164
"../../../Engine/Plugins/Media/MediaMovieStreamer/MediaMovieStreamer.uplugin" 165
"../../../Engine/Plugins/Media/HAPDecoderElectra/HAPDecoderElectra.uplugin" 166
"../../../Engine/Plugins/Media/AvidDNxHDDecoderElectra/AvidDNxHDDecoderElectra.uplugin" 167
"../../../Engine/Plugins/Media/ImgMedia/ImgMedia.uplugin" 168
"../../../Engine/Plugins/Media/AndroidCamera/AndroidCamera.uplugin" 169
"../../../Engine/Plugins/Media/ElectraUtil/ElectraUtil.uplugin" 170
"../../../Engine/Plugins/Media/HAPMedia/HAPMedia.uplugin" 171
"../../../Engine/Plugins/Media/MediaPlate/MediaPlate.uplugin" 172
"../../../Engine/Plugins/Media/HardwareEncoders/HardwareEncoders.uplugin" 173
"../../../Engine/Plugins/Media/ElectraCDM/ElectraCDM.uplugin" 174
"../../../Engine/Plugins/Media/NDIMedia/NDIMedia.uplugin" 175
"../../../Engine/Plugins/Performance/AutomatedPerfTesting/AutomatedPerfTesting.uplugin" 176
"../../../Engine/Plugins/NNE/NNERuntimeORT/NNERuntimeORT.uplugin" 177
"../../../Engine/Plugins/Media/MediaFrameworkUtilities/MediaFrameworkUtilities.uplugin" 178
"../../../Engine/Plugins/Slate/SlateInsights/SlateInsights.uplugin" 179
"../../../Engine/Plugins/Media/PixelStreaming2/PixelStreaming2.uplugin" 180
"../../../Engine/Plugins/Media/MfMedia/MfMedia.uplugin" 181
"../../../Engine/Plugins/Media/WmfMedia/WmfMedia.uplugin" 182
"../../../Engine/Plugins/Compositing/OpenCVLensDistortion/OpenCVLensDistortion.uplugin" 183
"../../../Engine/Plugins/Media/WebMMedia/WebMMedia.uplugin" 184
"../../../Engine/Plugins/Compositing/LensDistortion/LensDistortion.uplugin" 185
"../../../Engine/Plugins/Media/OpusDecoderElectra/OpusDecoderElectra.uplugin" 186
"../../../Engine/Plugins/Interchange/Assets/InterchangeAssets.uplugin" 187
"../../../Engine/Plugins/Media/TimecodeSynchronizer/TimecodeSynchronizer.uplugin" 188
"../../../Engine/Plugins/FX/ExampleCustomDataInterface/ExampleCustomDataInterface.uplugin" 189
"../../../Engine/Plugins/Compositing/Composure/Composure.uplugin" 190
"../../../Engine/Plugins/Media/MediaPlayerEditor/MediaPlayerEditor.uplugin" 191
"../../../Engine/Plugins/NNE/NNEDenoiser/NNEDenoiser.uplugin" 192
"../../../Engine/Plugins/Media/PixelStreaming/PixelStreaming.uplugin" 193
"../../../Engine/Plugins/Runtime/ActorLayerUtilities/ActorLayerUtilities.uplugin" 194
"../../../Engine/Plugins/FX/CascadeToNiagaraConverter/CascadeToNiagaraConverter.uplugin" 195
"../../../Engine/Plugins/MovieScene/ReplayTracks/ReplayTracks.uplugin" 196
"../../../Engine/Plugins/MovieScene/ActorSequence/ActorSequence.uplugin" 197
"../../../Engine/Plugins/MovieScene/CustomizableSequencerTracks/CustomizableSequencerTracks.uplugin" 198
"../../../Engine/Plugins/Media/FlacDecoderElectra/FlacDecoderElectra.uplugin" 199
"../../../Engine/Plugins/Media/VPxDecoderElectra/VPxDecoderElectra.uplugin" 200
"../../../Engine/Plugins/MovieScene/LevelSequenceEditor/LevelSequenceEditor.uplugin" 201
"../../../Engine/Plugins/Interchange/Editor/InterchangeEditor.uplugin" 202
"../../../Engine/Plugins/MovieScene/MovieSceneTextTrack/MovieSceneTextTrack.uplugin" 203
"../../../Engine/Plugins/Slate/SlateScripting/SlateScripting.uplugin" 204
"../../../Engine/Plugins/Runtime/AndroidBackgroundService/AndroidBackgroundService.uplugin" 205
"../../../Engine/Plugins/FX/NiagaraFluids/NiagaraFluids.uplugin" 206
"../../../Engine/Plugins/Interchange/Runtime/Interchange.uplugin" 207
"../../../Engine/Plugins/MovieScene/TemplateSequence/TemplateSequence.uplugin" 208
"../../../Engine/Plugins/Runtime/AndroidFileServer/AndroidFileServer.uplugin" 209
"../../../Engine/Plugins/Runtime/AndroidPermission/AndroidPermission.uplugin" 210
"../../../Engine/Plugins/FX/Niagara/Niagara.uplugin" 211
"../../../Engine/Plugins/Runtime/AppleImageUtils/AppleImageUtils.uplugin" 212
"../../../Engine/Plugins/Runtime/AndroidMoviePlayer/AndroidMoviePlayer.uplugin" 213
"../../../Engine/Plugins/Media/PixelCapture/PixelCapture.uplugin" 214
"../../../Engine/Plugins/Runtime/AndroidDeviceProfileSelector/AndroidDeviceProfileSelector.uplugin" 215
"../../../Engine/Plugins/Compositing/OpenColorIO/OpenColorIO.uplugin" 216
"../../../Engine/Plugins/FX/Cascade/Cascade.uplugin" 217
"../../../Engine/Plugins/Performance/PerformanceMonitor/PerformanceMonitor.uplugin" 218
"../../../Engine/Plugins/Runtime/CableComponent/CableComponent.uplugin" 219
"../../../Engine/Plugins/Runtime/AudioSynesthesia/AudioSynesthesia.uplugin" 220
"../../../Engine/Plugins/PCGInterops/PCGExternalDataInterop/PCGExternalDataInterop.uplugin" 221
"../../../Engine/Plugins/Runtime/ADM/ADM.uplugin" 222
"../../../Engine/Plugins/Runtime/CommonUI/CommonUI.uplugin" 223
"../../../Engine/Plugins/Runtime/ChunkDownloader/ChunkDownloader.uplugin" 224
"../../../Engine/Plugins/MovieScene/SequencerScripting/SequencerScripting.uplugin" 225
"../../../Engine/Plugins/PCGInterops/PCGGeometryScriptInterop/PCGGeometryScriptInterop.uplugin" 226
"../../../Engine/Plugins/MovieScene/MovieRenderPipeline/MovieRenderPipeline.uplugin" 227
"../../../Engine/Plugins/Runtime/AnimationBudgetAllocator/AnimationBudgetAllocator.uplugin" 228
"../../../Engine/Plugins/Runtime/AudioCapture/AudioCapture.uplugin" 229
"../../../Engine/Plugins/Runtime/ExampleDeviceProfileSelector/ExampleDeviceProfileSelector.uplugin" 230
"../../../Engine/Plugins/Runtime/ArchVisCharacter/ArchVisCharacter.uplugin" 231
"../../../Engine/Plugins/Runtime/GameFeatures/GameFeatures.uplugin" 232
"../../../Engine/Plugins/Runtime/Firebase/Firebase.uplugin" 233
"../../../Engine/Plugins/Runtime/AudioWidgets/AudioWidgets.uplugin" 234
"../../../Engine/Plugins/Runtime/AssetTags/AssetTags.uplugin" 235
"../../../Engine/Plugins/Runtime/DataRegistry/DataRegistry.uplugin" 236
"../../../Engine/Plugins/MovieScene/MoviePipelineMaskRenderPass/MoviePipelineMaskRenderPass.uplugin" 237
"../../../Engine/Plugins/Runtime/GameplayBehaviorSmartObjects/GameplayBehaviorSmartObjects.uplugin" 238
"../../../Engine/Plugins/Runtime/HairStrands/HairStrands.uplugin" 239
"../../../Engine/Plugins/FX/NiagaraSimCaching/NiagaraSimCaching.uplugin" 240
"../../../Engine/Plugins/Runtime/GoogleCloudMessaging/GoogleCloudMessaging.uplugin" 241
"../../../Engine/Plugins/Runtime/AudioMotorSim/AudioMotorSim.uplugin" 242
"../../../Engine/Plugins/Runtime/AppleMoviePlayer/AppleMoviePlayer.uplugin" 243
"../../../Engine/Plugins/Runtime/ApexDestruction/ApexDestruction.uplugin" 244
"../../../Engine/Plugins/Runtime/AudioModulation/AudioModulation.uplugin" 245
"../../../Engine/Plugins/Runtime/GeometryCache/GeometryCache.uplugin" 246
"../../../Engine/Plugins/Runtime/GeometryProcessing/GeometryProcessing.uplugin" 247
"../../../Engine/Plugins/FX/NiagaraMRQ/NiagaraMRQ.uplugin" 248
"../../../Engine/Plugins/Runtime/HDRIBackdrop/HDRIBackdrop.uplugin" 249
"../../../Engine/Plugins/Runtime/GameplayAbilities/GameplayAbilities.uplugin" 250
"../../../Engine/Plugins/Runtime/ComputeFramework/ComputeFramework.uplugin" 251
"../../../Engine/Plugins/Runtime/InstancedActors/InstancedActors.uplugin" 252
"../../../Engine/Plugins/Runtime/InputDebugging/InputDebugging.uplugin" 253
"../../../Engine/Plugins/Runtime/GameInput/GameInput.uplugin" 254
"../../../Engine/Plugins/Runtime/LinuxDeviceProfileSelector/LinuxDeviceProfileSelector.uplugin" 255
"../../../Engine/Plugins/Runtime/HTTPChunkInstaller/HTTPChunkInstaller.uplugin" 256
"../../../Engine/Plugins/Runtime/Metasound/Metasound.uplugin" 257
"../../../Engine/Plugins/Runtime/GameplayInteractions/GameplayInteractions.uplugin" 258
"../../../Engine/Plugins/Runtime/MassGameplay/MassGameplay.uplugin" 259
"../../../Engine/Plugins/Runtime/GeometryScripting/GeometryScripting.uplugin" 260
"../../../Engine/Plugins/Runtime/LocationServicesAndroidImpl/LocationServicesAndroidImpl.uplugin" 261
"../../../Engine/Plugins/Runtime/Harmonix/Harmonix.uplugin" 262
"../../../Engine/Plugins/Runtime/CustomMeshComponent/CustomMeshComponent.uplugin" 263
"../../../Engine/Plugins/Runtime/GooglePAD/GooglePAD.uplugin" 264
"../../../Engine/Plugins/Runtime/GeoReferencing/GeoReferencing.uplugin" 265
"../../../Engine/Plugins/Runtime/MobilePatchingUtils/MobilePatchingUtils.uplugin" 266
"../../../Engine/Plugins/Runtime/GameplayStateTree/GameplayStateTree.uplugin" 267
"../../../Engine/Plugins/Runtime/HPMotionController/HPMotionController.uplugin" 268
"../../../Engine/Plugins/Runtime/LevelStreamingPersistence/LevelStreamingPersistence.uplugin" 269
"../../../Engine/Plugins/Runtime/MobileFSR/MobileFSR.uplugin" 270
"../../../Engine/Plugins/Runtime/MIDIDevice/MIDIDevice.uplugin" 271
"../../../Engine/Plugins/Runtime/MusicEnvironment/MusicEnvironment.uplugin" 272
"../../../Engine/Plugins/Runtime/MultiServerReplication/MultiServerReplication.uplugin" 273
"../../../Engine/Plugins/Runtime/IOSDeviceProfileSelector/IOSDeviceProfileSelector.uplugin" 274
"../../../Engine/Plugins/Runtime/MassEntity/MassEntity.uplugin" 275
"../../../Engine/Plugins/Runtime/LiveLinkOvernDisplay/LiveLinkOverNDisplay.uplugin" 276
"../../../Engine/Plugins/Runtime/MsQuic/MsQuic.uplugin" 277
"../../../Engine/Plugins/Runtime/MeshModelingToolset/MeshModelingToolset.uplugin" 278
"../../../Engine/Plugins/Runtime/LocationServicesBPLibrary/LocationServicesBPLibrary.uplugin" 279
"../../../Engine/Plugins/Runtime/LocationServicesIOSImpl/LocationServicesIOSImpl.uplugin" 280
"../../../Engine/Plugins/Runtime/IOSReplayKit/IOSReplayKit.uplugin" 281
"../../../Engine/Plugins/Runtime/MixedRealityCaptureFramework/MixedRealityCaptureFramework.uplugin" 282
"../../../Engine/Plugins/Runtime/NavCorridor/NavCorridor.uplugin" 283
"../../../Engine/Plugins/Runtime/nDisplay/nDisplay.uplugin" 284
"../../../Engine/Plugins/Runtime/OpenCV/OpenCV.uplugin" 285
"../../../Engine/Plugins/Runtime/NetworkPredictionExtras/NetworkPredictionExtras.uplugin" 286
"../../../Engine/Plugins/Runtime/NetworkPrediction/NetworkPrediction.uplugin" 287
"../../../Engine/Plugins/Runtime/OpenXRMsftHandInteraction/OpenXRMsftHandInteraction.uplugin" 288
"../../../Engine/Plugins/Runtime/ProceduralMeshComponent/ProceduralMeshComponent.uplugin" 289
"../../../Engine/Plugins/Runtime/ModelViewViewModel/ModelViewViewModel.uplugin" 290
"../../../Engine/Plugins/Runtime/OSC/OSC.uplugin" 291
"../../../Engine/Plugins/Runtime/SoundFields/SoundFields.uplugin" 292
"../../../Engine/Plugins/Runtime/PropertyAccess/PropertyAccessEditor.uplugin" 293
"../../../Engine/Plugins/Runtime/OpenXR/OpenXR.uplugin" 294
"../../../Engine/Plugins/Runtime/nDisplayModularFeatures/nDisplayModularFeatures.uplugin" 295
"../../../Engine/Plugins/Runtime/RenderTrace/RenderTrace.uplugin" 296
"../../../Engine/Plugins/Runtime/OpenXREyeTracker/OpenXREyeTracker.uplugin" 297
"../../../Engine/Plugins/Runtime/ResonanceAudio/ResonanceAudio.uplugin" 298
"../../../Engine/Plugins/Runtime/NetworkPredictionInsights/NetworkPredictionInsights.uplugin" 299
"../../../Engine/Plugins/Runtime/OpenXRHandTracking/OpenXRHandTracking.uplugin" 300
"../../../Engine/Plugins/Runtime/SoundMod/SoundMod.uplugin" 301
"../../../Engine/Plugins/Runtime/MicrosoftSpatialAudio/MicroSoftSpatialSound.uplugin" 302
"../../../Engine/Plugins/Runtime/ReplicationSystemTestPlugin/ReplicationSystemTestPlugin.uplugin" 303
"../../../Engine/Plugins/Runtime/PreLoadScreenMoviePlayer/PreLoadScreenMoviePlayer.uplugin" 304
"../../../Engine/Plugins/Runtime/Soundscape/Soundscape.uplugin" 305
"../../../Engine/Plugins/Runtime/ScriptableToolsFramework/ScriptableToolsFramework.uplugin" 306
"../../../Engine/Plugins/Runtime/SmartObjects/SmartObjects.uplugin" 307
"../../../Engine/Plugins/Runtime/OpenXRViveTracker/OpenXRViveTracker.uplugin" 308
"../../../Engine/Plugins/Runtime/OptionalMobileFeaturesBPLibrary/OptionalMobileFeaturesBPLibrary.uplugin" 309
"../../../Engine/Plugins/Runtime/ReplicationGraph/ReplicationGraph.uplugin" 310
"../../../Engine/Plugins/Runtime/SoundUtilities/SoundUtilities.uplugin" 311
"../../../Engine/Plugins/Runtime/RigVM/RigVM.uplugin" 312
"../../../Engine/Plugins/Runtime/PropertyBindingUtils/PropertyBindingUtils.uplugin" 313
"../../../Engine/Plugins/Runtime/StateTree/StateTree.uplugin" 314
"../../../Engine/Plugins/Runtime/Synthesis/Synthesis.uplugin" 315
"../../../Engine/Plugins/Runtime/SoundCueTemplates/SoundCueTemplates.uplugin" 316
"../../../Engine/Plugins/Runtime/WarpUtils/WarpUtils.uplugin" 317
"../../../Engine/Plugins/Runtime/SignificanceManager/SignificanceManager.uplugin" 318
"../../../Engine/Plugins/Runtime/SkeletalMerging/SkeletalMerging.uplugin" 319
"../../../Engine/Plugins/Runtime/ZoneGraphAnnotations/ZoneGraphAnnotations.uplugin" 320
"../../../Engine/Plugins/Runtime/Spatialization/Spatialization.uplugin" 321
"../../../Engine/Plugins/Runtime/ZoneGraph/ZoneGraph.uplugin" 322
"../../../Engine/Plugins/Tests/InterchangeTests/InterchangeTests.uplugin" 323
"../../../Engine/Plugins/Tests/CQTest/CQTest.uplugin" 324
"../../../Engine/Plugins/Runtime/SunPosition/SunPosition.uplugin" 325
"../../../Engine/Plugins/Tests/FunctionalTestingEditor/FunctionalTestingEditor.uplugin" 326
"../../../Engine/Plugins/Tests/FbxAutomationTestBuilder/FbxAutomationTestBuilder.uplugin" 327
"../../../Engine/Plugins/Tests/PythonAutomationTest/PythonAutomationTest.uplugin" 328
"../../../Engine/Plugins/Runtime/WebBrowserNativeProxy/WebBrowserNativeProxy.uplugin" 329
"../../../Engine/Plugins/Runtime/ModularGameplay/ModularGameplay.uplugin" 330
"../../../Engine/Plugins/Runtime/WaveTable/WaveTable.uplugin" 331
"../../../Engine/Plugins/Runtime/USDCore/USDCore.uplugin" 332
"../../../Engine/Plugins/Tests/RuntimeTests/RuntimeTests.uplugin" 333
"../../../Engine/Plugins/Runtime/XRBase/XRBase.uplugin" 334
"../../../Engine/Plugins/Tests/EditorTests/EditorTests.uplugin" 335
"../../../Engine/Plugins/Web/HttpBlueprint/HttpBlueprint.uplugin" 336
"../../../Engine/Plugins/Animation/ACLPlugin/ACLPlugin.uplugin" 337
"../../../Engine/Plugins/Runtime/WorldConditions/WorldConditions.uplugin" 338
"../../../Engine/Plugins/2D/Paper2D/Paper2D.uplugin" 339
"../../../Engine/Plugins/Tests/AutomationDriverTests/AutomationDriverTests.uplugin" 340
"../../../Engine/Plugins/Animation/ControlRigSpline/ControlRigSpline.uplugin" 341
"../../../Engine/Plugins/Tests/RHITests/RHITests.uplugin" 342
"../../../Engine/Plugins/Runtime/WebMMoviePlayer/WebMMoviePlayer.uplugin" 343
"../../../Engine/Plugins/AI/EnvironmentQueryEditor/EnvironmentQueryEditor.uplugin" 344
"../../../Engine/Plugins/Animation/ControlRig/ControlRig.uplugin" 345
"../../../Engine/Plugins/AI/AISupport/AISupport.uplugin" 346
"../../../Engine/Plugins/Runtime/WindowsMoviePlayer/WindowsMoviePlayer.uplugin" 347
"../../../Engine/Plugins/Runtime/WebBrowserWidget/WebBrowserWidget.uplugin" 348
"../../../Engine/Plugins/Tests/WidgetAutomationTests/WidgetAutomationTests.uplugin" 349
"../../../Engine/Plugins/Animation/AnimationModifierLibrary/AnimationModifierLibrary.uplugin" 350
"../../../Engine/Plugins/AI/MassCrowd/MassCrowd.uplugin" 351
"../../../Engine/Plugins/AI/MLAdapter/MLAdapter.uplugin" 352
"../../../Engine/Plugins/AI/MassAI/MassAI.uplugin" 353
"../../../Engine/Plugins/AI/HTNPlanner/HTNPlanner.uplugin" 354
"../../../Engine/Plugins/Animation/AnimatorKit/AnimatorKit.uplugin" 355
"../../../Engine/Plugins/Animation/AnimationLocomotionLibrary/AnimationLocomotionLibrary.uplugin" 356
"../../../Engine/Plugins/Tests/CQTestEnhancedInput/CQTestEnhancedInput.uplugin" 357
"../../../Engine/Plugins/Animation/BlendStack/BlendStack.uplugin" 358
"../../../Engine/Plugins/Animation/IKRig/IKRig.uplugin" 359
"../../../Engine/Plugins/Animation/LiveLinkDevice/LiveLinkDevice.uplugin" 360
"../../../Engine/Plugins/Tests/TestFramework/TestFramework.uplugin" 361
"../../../Engine/Plugins/Animation/AnimationData/AnimationData.uplugin" 362
"../../../Engine/Plugins/Animation/LiveLinkCurveDebugUI/LiveLinkCurveDebugUI.uplugin" 363
"../../../Engine/Plugins/Animation/BlendSpaceMotionAnalysis/BlendSpaceMotionAnalysis.uplugin" 364
"../../../Engine/Plugins/Animation/LiveLinkExampleDevice/LiveLinkExampleDevice.uplugin" 365
"../../../Engine/Plugins/Animation/MotionWarping/MotionWarping.uplugin" 366
"../../../Engine/Plugins/Compression/OodleNetwork/OodleNetwork.uplugin" 367
"../../../Engine/Plugins/Tests/TestSamples/TestSamples.uplugin" 368
"../../../Engine/Plugins/Animation/LiveLinkHub/LiveLinkHub.uplugin" 369
"../../../Engine/Plugins/Animation/GeneSplicer/GeneSplicer.uplugin" 370
"../../../Engine/Plugins/Animation/ControlRigModules/ControlRigModules.uplugin" 371
"../../../Engine/Plugins/Experimental/AnimNextControlRig/AnimNextControlRig.uplugin" 372
"../../../Engine/Plugins/Experimental/ActorPalette/ActorPalette.uplugin" 373
"../../../Engine/Plugins/Animation/GameplayInsights/GameplayInsights.uplugin" 374
"../../../Engine/Plugins/Animation/DNACalib/DNACalib.uplugin" 375
"../../../Engine/Plugins/Animation/TweeningUtils/TweeningUtils.uplugin" 376
"../../../Engine/Plugins/Experimental/AnimNext/AnimNext.uplugin" 377
"../../../Engine/Plugins/Animation/AnimationWarping/AnimationWarping.uplugin" 378
"../../../Engine/Plugins/Animation/LiveLink/LiveLink.uplugin" 379
"../../../Engine/Plugins/Animation/SkeletalMeshModelingTools/SkeletalMeshModelingTools.uplugin" 380
"../../../Engine/Plugins/Experimental/AbilitySystemGameFeatureActions/AbilitySystemGameFeatureActions.uplugin" 381
"../../../Engine/Plugins/Experimental/AdvancedRenamer/AdvancedRenamer.uplugin" 382
"../../../Engine/Plugins/Animation/PoseSearch/PoseSearch.uplugin" 383
"../../../Engine/Plugins/Experimental/AnimNextAnimGraph/AnimNextAnimGraph.uplugin" 384
"../../../Engine/Plugins/Experimental/AutomationUtils/AutomationUtils.uplugin" 385
"../../../Engine/Plugins/Experimental/BackChannel/BackChannel.uplugin" 386
"../../../Engine/Plugins/Animation/PerformanceCaptureCore/PerformanceCaptureCore.uplugin" 387
"../../../Engine/Plugins/Experimental/AnimNextChooser/AnimNextChooser.uplugin" 388
"../../../Engine/Plugins/Animation/RigLogic/RigLogic.uplugin" 389
"../../../Engine/Plugins/Experimental/AvalancheSequenceNavigator/AvalancheSequenceNavigator.uplugin" 390
"../../../Engine/Plugins/Runtime/WindowsDeviceProfileSelector/WindowsDeviceProfileSelector.uplugin" 391
"../../../Engine/Plugins/Experimental/AnimToTexture/AnimToTexture.uplugin" 392
"../../../Engine/Plugins/Experimental/AvalancheDataLink/AvalancheDataLink.uplugin" 393
"../../../Engine/Plugins/Experimental/AsyncMessageSystemTests/AsyncMessageSystemTests.uplugin" 394
"../../../Engine/Plugins/Experimental/BlueprintSnapNodes/BlueprintSnapNodes.uplugin" 395
"../../../Engine/Plugins/Experimental/AnimNextPoseSearch/AnimNextPoseSearch.uplugin" 396
"../../../Engine/Plugins/Experimental/AnimNextStateTree/AnimNextStateTree.uplugin" 397
"../../../Engine/Plugins/Experimental/AsyncMessageSystem/AsyncMessageSystem.uplugin" 398
"../../../Engine/Plugins/Experimental/AnimNextWarping/AnimNextWarping.uplugin" 399
"../../../Engine/Plugins/Experimental/ChaosModularVehicle/ChaosModularVehicle.uplugin" 400
"../../../Engine/Plugins/Experimental/ChaosCaching/ChaosCaching.uplugin" 401
"../../../Engine/Plugins/Experimental/AvalancheDisplayCluster/AvalancheDisplayCluster.uplugin" 402
"../../../Engine/Plugins/Experimental/AvalancheSceneState/AvalancheSceneState.uplugin" 403
"../../../Engine/Plugins/Experimental/ChaosClothEditor/ChaosClothEditor.uplugin" 404
"../../../Engine/Plugins/Experimental/ChaosFlesh/ChaosFlesh.uplugin" 405
"../../../Engine/Plugins/Experimental/BlueprintStats/BlueprintStats.uplugin" 406
"../../../Engine/Plugins/Experimental/CelestialVault/CelestialVault.uplugin" 407
"../../../Engine/Plugins/Experimental/ChaosSolverPlugin/ChaosSolverPlugin.uplugin" 408
"../../../Engine/Plugins/Experimental/ChaosCachingUSD/ChaosCachingUSD.uplugin" 409
"../../../Engine/Plugins/Experimental/Dataflow/Dataflow.uplugin" 410
"../../../Engine/Plugins/Experimental/CharacterAI/CharacterAI.uplugin" 411
"../../../Engine/Plugins/Experimental/ChaosUserDataPT/ChaosUserDataPT.uplugin" 412
"../../../Engine/Plugins/Animation/DeformerGraph/DeformerGraph.uplugin" 413
"../../../Engine/Plugins/Experimental/Buoyancy/Buoyancy.uplugin" 414
"../../../Engine/Plugins/Experimental/ChaosVehiclesPlugin/ChaosVehiclesPlugin.uplugin" 415
"../../../Engine/Plugins/Experimental/CodeEditor/CodeEditor.uplugin" 416
"../../../Engine/Plugins/Experimental/CinematicPrestreaming/CinematicPrestreaming.uplugin" 417
"../../../Engine/Plugins/Experimental/CineCameraRigs/CineCameraRigs.uplugin" 418
"../../../Engine/Plugins/Experimental/ChaosNiagara/ChaosNiagara.uplugin" 419
"../../../Engine/Plugins/Experimental/CineCameraSceneCapture/CineCameraSceneCapture.uplugin" 420
"../../../Engine/Plugins/Experimental/DaySequence/DaySequence.uplugin" 421
"../../../Engine/Plugins/Experimental/ChaosMover/ChaosMover.uplugin" 422
"../../../Engine/Plugins/Experimental/DataLinkOAuth/DataLinkOAuth.uplugin" 423
"../../../Engine/Plugins/Experimental/ChaosOutfitAsset/ChaosOutfitAsset.uplugin" 424
"../../../Engine/Plugins/Experimental/DynamicMaterialMediaStreamBridge/DynamicMaterialMediaStreamBridge.uplugin" 425
"../../../Engine/Plugins/Experimental/CommonConversation/CommonConversation.uplugin" 426
"../../../Engine/Plugins/Experimental/ChaosEditor/ChaosEditor.uplugin" 427
"../../../Engine/Plugins/Experimental/EditorPerformance/EditorPerformance.uplugin" 428
"../../../Engine/Plugins/Experimental/ChaosModularVehicleExamples/ChaosModularVehicleExamples.uplugin" 429
"../../../Engine/Plugins/Experimental/CodeView/CodeView.uplugin" 430
"../../../Engine/Plugins/Experimental/GameplayBehaviors/GameplayBehaviors.uplugin" 431
"../../../Engine/Plugins/Experimental/EditorDataStorageFeatures/EditorDataStorageFeatures.uplugin" 432
"../../../Engine/Plugins/Experimental/Fracture/Fracture.uplugin" 433
"../../../Engine/Plugins/Experimental/ControlFlows/ControlFlows.uplugin" 434
"../../../Engine/Plugins/Experimental/GameplayTargetingSystem/TargetingSystem.uplugin" 435
"../../../Engine/Plugins/Experimental/FullBodyIK/FullBodyIK.uplugin" 436
"../../../Engine/Plugins/Experimental/ColorCorrectRegions/ColorCorrectRegions.uplugin" 437
"../../../Engine/Plugins/Experimental/EditorDataStorage/EditorDataStorage.uplugin" 438
"../../../Engine/Plugins/Experimental/GeometryCollectionPlugin/GeometryCollectionPlugin.uplugin" 439
"../../../Engine/Plugins/Experimental/GeometryCacheLevelSequenceBaker/GeometryCacheLevelSequenceBaker.uplugin" 440
"../../../Engine/Plugins/Experimental/FastGeoStreaming/FastGeoStreaming.uplugin" 441
"../../../Engine/Plugins/Experimental/Gauntlet/Gauntlet.uplugin" 442
"../../../Engine/Plugins/Experimental/GeometryDataflow/GeometryDataflow.uplugin" 443
"../../../Engine/Plugins/Experimental/FloatingProperties/FloatingProperties.uplugin" 444
"../../../Engine/Plugins/Experimental/EvaluationNotifies/EvaluationNotifies.uplugin" 445
"../../../Engine/Plugins/Experimental/DataLink/DataLink.uplugin" 446
"../../../Engine/Plugins/Experimental/FieldSystemPlugin/FieldSystemPlugin.uplugin" 447
"../../../Engine/Plugins/Experimental/HairModelingToolset/HairModelingToolset.uplugin" 448
"../../../Engine/Plugins/Experimental/DefaultInstallBundleManager/DefaultInstallBundleManager.uplugin" 449
"../../../Engine/Plugins/Experimental/InstanceDataObjectFixupTool/InstanceDataObjectFixupTool.uplugin" 450
"../../../Engine/Plugins/Experimental/ImageWidgets/ImageWidgets.uplugin" 451
"../../../Engine/Plugins/Experimental/GameplayGraph/GameplayGraph.uplugin" 452
"../../../Engine/Plugins/Experimental/HairCardGenerator/HairCardGenerator.uplugin" 453
"../../../Engine/Plugins/Experimental/EditorTelemetry/EditorTelemetry.uplugin" 454
"../../../Engine/Plugins/Experimental/GeometryFlow/GeometryFlow.uplugin" 455
"../../../Engine/Plugins/Experimental/GizmoEdMode/GizmoEdMode.uplugin" 456
"../../../Engine/Plugins/Experimental/ImpostorBaker/ImpostorBaker.uplugin" 457
"../../../Engine/Plugins/Experimental/GeometryCacheAbcFile/GeometryCacheAbcFile.uplugin" 458
"../../../Engine/Plugins/Experimental/HairStrandsMutable/HairStrandsMutable.uplugin" 459
"../../../Engine/Plugins/Experimental/GPULightmass/GPULightmass.uplugin" 460
"../../../Engine/Plugins/Experimental/GizmoFramework/GizmoFramework.uplugin" 461
"../../../Engine/Plugins/Experimental/Landmass/Landmass.uplugin" 462
"../../../Engine/Plugins/Experimental/Iris/Iris.uplugin" 463
"../../../Engine/Plugins/Experimental/LiveLinkOpenVR/LiveLinkOpenVR.uplugin" 464
"../../../Engine/Plugins/Experimental/MediaViewer/MediaViewer.uplugin" 465
"../../../Engine/Plugins/Experimental/LocalizableMessage/LocalizableMessage.uplugin" 466
"../../../Engine/Plugins/Experimental/GameInputWindows/GameInputWindows.uplugin" 467
"../../../Engine/Plugins/Experimental/InlineMaterialInstance/InlineMaterialInstance.uplugin" 468
"../../../Engine/Plugins/Experimental/MeshModelingToolsetExp/MeshModelingToolsetExp.uplugin" 469
"../../../Engine/Plugins/Experimental/Mover/Mover.uplugin" 470
"../../../Engine/Plugins/Experimental/LearningAgents/LearningAgents.uplugin" 471
"../../../Engine/Plugins/Experimental/MLflow/MLflow.uplugin" 472
"../../../Engine/Plugins/Experimental/LiveLinkControlRig/LiveLinkControlRig.uplugin" 473
"../../../Engine/Plugins/Experimental/NFORDenoise/NFORDenoise.uplugin" 474
"../../../Engine/Plugins/Experimental/JWT/JWT.uplugin" 475
"../../../Engine/Plugins/Experimental/LowLevelNetTrace/LowLevelNetTrace.uplugin" 476
"../../../Engine/Plugins/Experimental/MoverIntegrations/MoverIntegrations.uplugin" 477
"../../../Engine/Plugins/Experimental/ImagePlate/ImagePlate.uplugin" 478
"../../../Engine/Plugins/Experimental/MotoSynth/MotoSynth.uplugin" 479
"../../../Engine/Plugins/Experimental/LiveLinkFaceImporter/LiveLinkFaceImporter.uplugin" 480
"../../../Engine/Plugins/Experimental/MeshResizing/MeshResizing.uplugin" 481
"../../../Engine/Plugins/Experimental/LandscapePatch/LandscapePatch.uplugin" 482
"../../../Engine/Plugins/Experimental/MoverTests/MoverTests.uplugin" 483
"../../../Engine/Plugins/Experimental/LevelSequenceNavigatorBridge/LevelSequenceNavigatorBridge.uplugin" 484
"../../../Engine/Plugins/Experimental/MovieScenePoseSearchTracks/MovieScenePoseSearchTracks.uplugin" 485
"../../../Engine/Plugins/Experimental/InteractionInterface/InteractionInterface.uplugin" 486
"../../../Engine/Plugins/Experimental/MoverExamples/MoverExamples.uplugin" 487
"../../../Engine/Plugins/Experimental/NNERuntimeIREE/NNERuntimeIREE.uplugin" 488
"../../../Engine/Plugins/Experimental/NaniteDisplacedMesh/NaniteDisplacedMesh.uplugin" 489
"../../../Engine/Plugins/Experimental/NNERuntimeBasicCpu/NNERuntimeBasicCpu.uplugin" 490
"../../../Engine/Plugins/Experimental/PCGBiomeSample/PCGBiomeSample.uplugin" 491
"../../../Engine/Plugins/Experimental/PlatformCrypto/PlatformCrypto.uplugin" 492
"../../../Engine/Plugins/Experimental/NeuralRendering/NeuralRendering.uplugin" 493
"../../../Engine/Plugins/Experimental/MutableClothing/MutableClothing.uplugin" 494
"../../../Engine/Plugins/Experimental/PanoramicCapture/PanoramicCapture.uplugin" 495
"../../../Engine/Plugins/Experimental/MediaStream/MediaStream.uplugin" 496
"../../../Engine/Plugins/Experimental/NNERuntimeRDG/NNERuntimeRDG.uplugin" 497
"../../../Engine/Plugins/Experimental/NNERuntimeCoreML/NNERuntimeCoreML.uplugin" 498
"../../../Engine/Plugins/Experimental/MutablePopulation/MutablePopulation.uplugin" 499
"../../../Engine/Plugins/Experimental/MetasoundExperimental/MetasoundExperimental.uplugin" 500
"../../../Engine/Plugins/Experimental/MoverAnimNext/MoverAnimNext.uplugin" 501
"../../../Engine/Plugins/Experimental/PSDImporter/PSDImporter.uplugin" 502
"../../../Engine/Plugins/Experimental/MotorSimOutputMotoSynth/MotorSimOutputMotoSynth.uplugin" 503
"../../../Engine/Plugins/Experimental/PluginReferenceViewer/PluginReferenceViewer.uplugin" 504
"../../../Engine/Plugins/Experimental/PlainProps/PlainProps.uplugin" 505
"../../../Engine/Plugins/Experimental/RuntimeTelemetry/RuntimeTelemetry.uplugin" 506
"../../../Engine/Plugins/Experimental/PluginAudit/PluginAudit.uplugin" 507
"../../../Engine/Plugins/Experimental/PixelStreamingPlayer/PixelStreamingPlayer.uplugin" 508
"../../../Engine/Plugins/Experimental/OpenImageDenoise/OpenImageDenoise.uplugin" 509
"../../../Engine/Plugins/Experimental/OptiXDenoise/OptiXDenoise.uplugin" 510
"../../../Engine/Plugins/Experimental/PlainPropsUObject/PlainPropsUObject.uplugin" 511
"../../../Engine/Plugins/Experimental/PythonScriptPlugin/PythonScriptPlugin.uplugin" 512
"../../../Engine/Plugins/Experimental/QuicMessaging/QuicMessaging.uplugin" 513
"../../../Engine/Plugins/Experimental/RemoteControlComponents/RemoteControlComponents.uplugin" 514
"../../../Engine/Plugins/Experimental/PlanarCutPlugin/PlanarCut.uplugin" 515
"../../../Engine/Plugins/Experimental/SecuritySandbox/SecuritySandbox.uplugin" 516
"../../../Engine/Plugins/Experimental/PythonFoundationPackages/PythonFoundationPackages.uplugin" 517
"../../../Engine/Plugins/Experimental/PostProcessMaterialChainGraph/PostProcessMaterialChainGraph.uplugin" 518
"../../../Engine/Plugins/Experimental/PCGBiomeCore/PCGBiomeCore.uplugin" 519
"../../../Engine/Plugins/Experimental/PSDImporterMaterialDesignerBridge/PSDImporterMaterialDesignerBridge.uplugin" 520
"../../../Engine/Plugins/Experimental/RemoteSession/RemoteSession.uplugin" 521
"../../../Engine/Plugins/Experimental/RazerChromaDevices/RazerChromaDevices.uplugin" 522
"../../../Engine/Plugins/Experimental/SceneState/SceneState.uplugin" 523
"../../../Engine/Plugins/Experimental/SlateIM/SlateIM.uplugin" 524
"../../../Engine/Plugins/Experimental/RawInput/RawInput.uplugin" 525
"../../../Engine/Plugins/Experimental/RigLogicMutable/RigLogicMutable.uplugin" 526
"../../../Engine/Plugins/Experimental/RenderGrid/RenderGrid.uplugin" 527
"../../../Engine/Plugins/Experimental/MovieSceneAnimMixer/MovieSceneAnimMixer.uplugin" 528
"../../../Engine/Plugins/Experimental/SimpleHMD/SimpleHMD.uplugin" 529
"../../../Engine/Plugins/Experimental/PluginTemplateTool/PluginTemplateTool.uplugin" 530
"../../../Engine/Plugins/Experimental/SequenceNavigator/SequenceNavigator.uplugin" 531
"../../../Engine/Plugins/Experimental/StateGraph/StateGraph.uplugin" 532
"../../../Engine/Plugins/Experimental/SpatialReadiness/SpatialReadiness.uplugin" 533
"../../../Engine/Plugins/Experimental/Shotgrid/Shotgrid.uplugin" 534
"../../../Engine/Plugins/Experimental/PhysicsControl/PhysicsControl.uplugin" 535
"../../../Engine/Plugins/Experimental/SVGImporter/SVGImporter.uplugin" 536
"../../../Engine/Plugins/Experimental/Text3D/Text3D.uplugin" 537
"../../../Engine/Plugins/Experimental/SubtitlesAndClosedCaptions/SubtitlesAndClosedCaptions.uplugin" 538
"../../../Engine/Plugins/Experimental/Tensorboard/Tensorboard.uplugin" 539
"../../../Engine/Plugins/Experimental/TechAudioTools/TechAudioTools.uplugin" 540
"../../../Engine/Plugins/Experimental/SerializationUtils/SerializationUtils.uplugin" 541
"../../../Engine/Plugins/Experimental/SubmitToolEditor/SubmitToolEditor.uplugin" 542
"../../../Engine/Plugins/Experimental/StructUtils/StructUtils.uplugin" 543
"../../../Engine/Plugins/Experimental/ToolPresets/ToolPresets.uplugin" 544
"../../../Engine/Plugins/Experimental/SlateScreenReader/SlateScreenReader.uplugin" 545
"../../../Engine/Plugins/Experimental/RigLogicAnimNext/RigLogicAnimNext.uplugin" 546
"../../../Engine/Plugins/Experimental/SurfaceEffects/SurfaceEffects.uplugin" 547
"../../../Engine/Plugins/Experimental/UIFramework/UIFramework.uplugin" 548
"../../../Engine/Plugins/Experimental/SlateModelViewViewModel/SlateModelViewViewModel.uplugin" 549
"../../../Engine/Plugins/Experimental/TextureMediaPlayer/TextureMediaPlayer.uplugin" 550
"../../../Engine/Plugins/Experimental/WaveFunctionCollapse/WaveFunctionCollapse.uplugin" 551
"../../../Engine/Plugins/Experimental/VirtualProductionUtilities/VirtualProductionUtilities.uplugin" 552
"../../../Engine/Plugins/Experimental/TargetDeviceServicesScripting/TargetDeviceServicesScripting.uplugin" 553
"../../../Engine/Plugins/Experimental/UserToolBoxBasicCommand/UserToolBoxBasicCommand.uplugin" 554
"../../../Engine/Plugins/Experimental/SkeletalReduction/SkeletalReduction.uplugin" 555
"../../../Engine/Plugins/Messaging/UdpMessaging/UdpMessaging.uplugin" 556
"../../../Engine/Plugins/Experimental/TextToSpeech/TextToSpeech.uplugin" 557
"../../../Engine/Plugins/Experimental/TetMeshing/TetMeshing.uplugin" 558
"../../../Engine/Plugins/MetaHuman/MetaHumanSDK/MetaHumanSDK.uplugin" 559
"../../../Engine/Plugins/Experimental/WaterExtras/WaterExtras.uplugin" 560
"../../../Engine/Plugins/Experimental/ScreenReader/ScreenReader.uplugin" 561
"../../../Engine/Plugins/Experimental/WebSocketNetworking/WebSocketNetworking.uplugin" 562
"../../../Engine/Plugins/Experimental/WidgetEditorToolPalette/WidgetEditorToolPalette.uplugin" 563
"../../../Engine/Plugins/MetaHuman/MetaHumanAnimator/MetaHuman.uplugin" 564
"../../../Engine/Plugins/NetcodeUnitTest/NetcodeUnitTest/NetcodeUnitTest.uplugin" 565
"../../../Engine/Plugins/Experimental/Volumetrics/Volumetrics.uplugin" 566
"../../../Engine/Plugins/VirtualProduction/ActorModifier/ActorModifier.uplugin" 567
"../../../Engine/Plugins/Experimental/Water/Water.uplugin" 568
"../../../Engine/Plugins/Experimental/Workspace/Workspace.uplugin" 569
"../../../Engine/Plugins/VirtualProduction/CameraCalibration/CameraCalibration.uplugin" 570
"../../../Engine/Plugins/Experimental/VirtualHeightfieldMesh/VirtualHeightfieldMesh.uplugin" 571
"../../../Engine/Plugins/Messaging/MessagingDebugger/MessagingDebugger.uplugin" 572
"../../../Engine/Plugins/VirtualProduction/Avalanche/Avalanche.uplugin" 573
"../../../Engine/Plugins/MetaHuman/MetaHumanLiveLink/MetaHumanLiveLink.uplugin" 574
"../../../Engine/Plugins/VirtualProduction/CaptureData/CaptureData.uplugin" 575
"../../../Engine/Plugins/Messaging/TcpMessaging/TcpMessaging.uplugin" 576
"../../../Engine/Plugins/Experimental/WebSocketMessaging/WebSocketMessaging.uplugin" 577
"../../../Engine/Plugins/VirtualProduction/CompositePlane/CompositePlane.uplugin" 578
"../../../Engine/Plugins/MetaHuman/MetaHumanCoreTechLib/MetaHumanCoreTech.uplugin" 579
"../../../Engine/Plugins/Experimental/UserToolBoxCore/UserToolBoxCore.uplugin" 580
"../../../Engine/Plugins/VirtualProduction/CinematicAssemblyTools/CinematicAssemblyTools.uplugin" 581
"../../../Engine/Plugins/MetaHuman/MetaHumanCalibrationProcessing/MetaHumanCalibrationProcessing.uplugin" 582
"../../../Engine/Plugins/VirtualProduction/LensComponent/LensComponent.uplugin" 583
"../../../Engine/Plugins/VirtualProduction/CameraCalibrationCore/CameraCalibrationCore.uplugin" 584
"../../../Engine/Plugins/VirtualProduction/ActorModifierCore/ActorModifierCore.uplugin" 585
"../../../Engine/Plugins/VirtualProduction/LiveLinkFreeD/LiveLinkFreeD.uplugin" 586
"../../../Engine/Plugins/VirtualProduction/CameraCalibrationML/CameraCalibrationML.uplugin" 587
"../../../Engine/Plugins/VirtualProduction/CustomDetailsView/CustomDetailsView.uplugin" 588
"../../../Engine/Plugins/VirtualProduction/LiveLinkOpenTrackIO/LiveLinkOpenTrackIO.uplugin" 589
"../../../Engine/Plugins/MetaHuman/MetaHumanCharacter/MetaHumanCharacter.uplugin" 590
"../../../Engine/Plugins/VirtualProduction/LiveLinkXR/LiveLinkXR.uplugin" 591
"../../../Engine/Plugins/Experimental/WaterAdvanced/WaterAdvanced.uplugin" 592
"../../../Engine/Plugins/VirtualProduction/LiveLinkPrestonMDR/LiveLinkPrestonMDR.uplugin" 593
"../../../Engine/Plugins/VirtualProduction/LevelSnapshots/LevelSnapshots.uplugin" 594
"../../../Engine/Plugins/NetcodeUnitTest/NUTUnrealEngine/NUTUnrealEngine.uplugin" 595
"../../../Engine/Plugins/VirtualProduction/LiveLinkInputDevice/LiveLinkInputDevice.uplugin" 596
"../../../Engine/Plugins/VirtualProduction/ICVFXTesting/ICVFXTesting.uplugin" 597
"../../../Engine/Plugins/VirtualProduction/DynamicMaterial/DynamicMaterial.uplugin" 598
"../../../Engine/Plugins/VirtualProduction/PropertyAnimator/PropertyAnimator.uplugin" 599
"../../../Engine/Plugins/Portal/LauncherChunkInstaller/LauncherChunkInstaller.uplugin" 600
"../../../Engine/Plugins/VirtualProduction/LiveLinkLens/LiveLinkLens.uplugin" 601
"../../../Engine/Plugins/VirtualProduction/EpicStageApp/EpicStageApp.uplugin" 602
"../../../Engine/Plugins/VirtualProduction/LiveLinkCamera/LiveLinkCamera.uplugin" 603
"../../../Engine/Plugins/Experimental/XRCreativeFramework/XRCreativeFramework.uplugin" 604
"../../../Engine/Plugins/VirtualProduction/PropertyAnimatorCore/PropertyAnimatorCore.uplugin" 605
"../../../Engine/Plugins/VirtualProduction/LiveLinkVRPN/LiveLinkVRPN.uplugin" 606
"../../../Engine/Plugins/VirtualProduction/DataCharts/DataCharts.uplugin" 607
"../../../Engine/Plugins/VirtualProduction/ICVFX/ICVFX.uplugin" 608
"../../../Engine/Plugins/VirtualProduction/OperatorStack/OperatorStack.uplugin" 609
"../../../Engine/Plugins/VirtualProduction/ClonerEffector/ClonerEffector.uplugin" 610
"../../../Engine/Plugins/VirtualProduction/RemoteControlProtocolDMX/RemoteControlProtocolDMX.uplugin" 611
"../../../Engine/Plugins/VirtualProduction/RemoteControlWebInterface/RemoteControlWebInterface.uplugin" 612
"../../../Engine/Plugins/VirtualProduction/MultiUserTakes/MultiUserTakes.uplugin" 613
"../../../Engine/Plugins/VirtualProduction/GeometryMask/GeometryMask.uplugin" 614
"../../../Engine/Plugins/VirtualProduction/LiveLinkMasterLockit/LiveLinkMasterLockit.uplugin" 615
"../../../Engine/Plugins/VirtualProduction/Takes/Takes.uplugin" 616
"../../../Engine/Plugins/VirtualProduction/RemoteControl/RemoteControl.uplugin" 617
"../../../Engine/Plugins/VirtualProduction/VirtualCameraCore/VirtualCameraCore.uplugin" 618
"../../../Engine/Plugins/VirtualProduction/Switchboard/Switchboard.uplugin" 619
"../../../Engine/Plugins/VirtualProduction/PerformanceCaptureWorkflow/PerformanceCaptureWorkflow.uplugin" 620
"../../../Engine/Plugins/VirtualProduction/RemoteControlInterception/RemoteControlInterception.uplugin" 621
"../../../Engine/Plugins/VirtualProduction/TextureShare/TextureShare.uplugin" 622
"../../../Engine/Plugins/Online/IOS/OnlineSubsystemIOS/OnlineSubsystemIOS.uplugin" 623
"../../../Engine/Plugins/VirtualProduction/StageMonitoring/StageMonitoring.uplugin" 624
"../../../Engine/Plugins/VirtualProduction/SequencerPlaylists/SequencerPlaylists.uplugin" 625
"../../../Engine/Plugins/VirtualProduction/VirtualCamera/VirtualCamera.uplugin" 626
"../../../Engine/Plugins/VirtualProduction/TimedDataMonitor/TimedDataMonitor.uplugin" 627
"../../../Engine/Plugins/Online/Android/AndroidFetchBackgroundDownload/AndroidFetchBackgroundDownload.uplugin" 628
"../../../Engine/Plugins/VirtualProduction/StormSyncAvalancheBridge/StormSyncAvalancheBridge.uplugin" 629
"../../../Engine/Plugins/Developer/Concert/ConcertMain/ConcertMain.uplugin" 630
"../../../Engine/Plugins/Editor/Localization/PortableObjectFileDataSource/PortableObjectFileDataSource.uplugin" 631
"../../../Engine/Plugins/VirtualProduction/CaptureManager/CaptureManagerApp/CaptureManagerApp.uplugin" 632
"../../../Engine/Plugins/VirtualProduction/CaptureManager/CaptureManagerEditor/CaptureManagerEditor.uplugin" 633
"../../../Engine/Plugins/VirtualProduction/StormSync/StormSync.uplugin" 634
"../../../Engine/Plugins/Runtime/PacketHandlers/DTLSHandlerComponent/DTLSHandlerComponent.uplugin" 635
"../../../Engine/Plugins/VirtualProduction/RemoteControlProtocolOSC/RemoteControlProtocolOSC.uplugin" 636
"../../../Engine/Plugins/VirtualProduction/CaptureManager/CaptureManagerDevices/CaptureManagerDevices.uplugin" 637
"../../../Engine/Plugins/Runtime/Steam/SteamAudio/SteamAudio.uplugin" 638
"../../../Engine/Plugins/Runtime/Steam/SteamShared/SteamShared.uplugin" 639
"../../../Engine/Plugins/Runtime/MeshReconstruction/DummyMeshReconstructor/DummyMeshReconstructor.uplugin" 640
"../../../Engine/Plugins/Online/Android/OnlineSubsystemGooglePlay/OnlineSubsystemGooglePlay.uplugin" 641
"../../../Engine/Plugins/Runtime/Steam/SteamSockets/SteamSockets.uplugin" 642
"../../../Engine/Plugins/Runtime/PacketHandlers/AESHandlerComponent/AESHandlerComponent.uplugin" 643
"../../../Engine/Plugins/Experimental/PCGInterops/PCGInstancedActorsInterop/PCGInstancedActorsInterop.uplugin" 644
"../../../Engine/Plugins/Runtime/PacketHandlers/AESGCMHandlerComponent/AESGCMHandlerComponent.uplugin" 645
"../../../Engine/Plugins/VirtualProduction/CaptureManager/CaptureManagerCore/CaptureManagerCore.uplugin" 646
"../../../Engine/Plugins/VirtualProduction/DMX/DMXDisplayCluster/DMXDisplayCluster.uplugin" 647
"../../../Engine/Plugins/Experimental/PCGInterops/PCGWaterInterop/PCGWaterInterop.uplugin" 648
"../../../Engine/Plugins/Runtime/Steam/SteamController/SteamController.uplugin" 649
"../../../Engine/Plugins/VirtualProduction/DMX/DMXControlConsole/DMXControlConsole.uplugin" 650
"../../../Engine/Plugins/VirtualProduction/DMX/DatasmithMVR/DatasmithMVR.uplugin" 651
"../../../Engine/Plugins/Experimental/PCGInterops/PCGNiagaraInterop/PCGNiagaraInterop.uplugin" 652
"../../../Engine/Plugins/Runtime/AR/ARUtilities/ARUtilities.uplugin" 653
"../../../Engine/Plugins/Online/VoiceChat/EOSVoiceChat/EOSVoiceChat.uplugin" 654
"../../../Engine/Plugins/Editor/ObjectMixer/ObjectMixer/ObjectMixer.uplugin" 655
"../../../Engine/Plugins/VirtualProduction/DMX/DMXModularFeatures/DMXModularFeatures.uplugin" 656
"../../../Engine/Plugins/Editor/ContentBrowser/ContentBrowserAliasDataSource/ContentBrowserAliasDataSource.uplugin" 657
"../../../Engine/Plugins/Online/VoiceChat/VoiceChat/VoiceChat.uplugin" 658
"../../../Engine/Plugins/VirtualProduction/VirtualScouting/VirtualScouting.uplugin" 659
"../../../Engine/Plugins/Editor/ContentBrowser/ContentBrowserClassDataSource/ContentBrowserClassDataSource.uplugin" 660
"../../../Engine/Plugins/Runtime/Nvidia/Reflex/Reflex.uplugin" 661
"../../../Engine/Plugins/VirtualProduction/DMX/DMXProtocol/DMXProtocol.uplugin" 662
"../../../Engine/Plugins/Editor/ContentBrowser/ContentBrowserAssetDataSource/ContentBrowserAssetDataSource.uplugin" 663
"../../../Engine/Plugins/Editor/ContentBrowser/ContentBrowserFileDataSource/ContentBrowserFileDataSource.uplugin" 664
"../../../Engine/Plugins/VirtualProduction/RemoteControlProtocolMIDI/RemoteControlProtocolMIDI.uplugin" 665
"../../../Engine/Plugins/Runtime/Nvidia/GeForceNOWWrapper/GeForceNOWWrapper.uplugin" 666
"../../../Engine/Plugins/VirtualProduction/DMX/DMXFixtures/DMXFixtures.uplugin" 667
"../../../Engine/Plugins/Interchange/Extensions/OpenUSD/InterchangeOpenUSD.uplugin" 668
"../../../Engine/Plugins/Runtime/Database/SQLiteCore/SQLiteCore.uplugin" 669
"../../../Engine/Plugins/Runtime/Analytics/AnalyticsBlueprintLibrary/AnalyticsBlueprintLibrary.uplugin" 670
"../../../Engine/Plugins/Interchange/Extensions/OpenVDB/InterchangeOpenVDB.uplugin" 671
"../../../Engine/Plugins/Runtime/Analytics/Adjust/Adjust.uplugin" 672
"../../../Engine/Plugins/Runtime/Advertising/IOSTapJoy/IOSTapJoy.uplugin" 673
"../../../Engine/Plugins/Runtime/Windows/XInputDevice/XInputDevice.uplugin" 674
"../../../Engine/Plugins/Animation/MLDeformer/ChaosClothGenerator/ChaosClothGenerator.uplugin" 675
"../../../Engine/Plugins/Runtime/Database/DatabaseSupport/DatabaseSupport.uplugin" 676
"../../../Engine/Plugins/Runtime/Database/SQLiteSupport/SQLiteSupport.uplugin" 677
"../../../Engine/Plugins/VirtualProduction/DMX/DMXEngine/DMXEngine.uplugin" 678
"../../../Engine/Plugins/Runtime/Analytics/FileLogging/FileLogging.uplugin" 679
"../../../Engine/Plugins/VirtualProduction/DMX/DMXGDTF/DMXGDTF.uplugin" 680
"../../../Engine/Plugins/Animation/MLDeformer/ChaosFleshGenerator/ChaosFleshGenerator.uplugin" 681
"../../../Engine/Plugins/Animation/MLDeformer/MLDeformerFramework/MLDeformerFramework.uplugin" 682
"../../../Engine/Plugins/VirtualProduction/DMX/DMXPixelMapping/DMXPixelMapping.uplugin" 683
"../../../Engine/Plugins/Runtime/Database/RemoteDatabaseSupport/RemoteDatabaseSupport.uplugin" 684
"../../../Engine/Plugins/Animation/MLDeformer/NeuralMorphModel/NeuralMorphModel.uplugin" 685
"../../../Engine/Plugins/Experimental/MetaHuman/MetaHumanRuntime/MetaHumanRuntime.uplugin" 686
"../../../Engine/Plugins/Experimental/Enterprise/DatasmithInterchange/DatasmithInterchange.uplugin" 687
"../../../Engine/Plugins/Runtime/Analytics/AnalyticsMulticast/AnalyticsMulticast.uplugin" 688
"../../../Engine/Plugins/Editor/ObjectMixer/LightMixer/LightMixer.uplugin" 689
"../../../Engine/Plugins/Experimental/CharacterFXEditor/ExampleCharacterFXEditor/ExampleCharacterFXEditor.uplugin" 690
"../../../Engine/Plugins/Experimental/CharacterFXEditor/BaseCharacterFXEditor/BaseCharacterFXEditor.uplugin" 691
"../../../Engine/Plugins/Animation/MLDeformer/NearestNeighborModel/NearestNeighborModel.uplugin" 692
"../../../Engine/Plugins/Runtime/Database/ADOSupport/ADOSupport.uplugin" 693
"../../../Engine/Plugins/Experimental/Animation/CurveExpression/CurveExpression.uplugin" 694
"../../../Engine/Plugins/Runtime/Windows/WinDualShock/WinDualShock.uplugin" 695
"../../../Engine/Plugins/Experimental/Animation/Locomotor/Locomotor.uplugin" 696
"../../../Engine/Plugins/Experimental/Animation/RigMapper/RigMapper.uplugin" 697
"../../../Engine/Plugins/Runtime/XR/XRScribe/XRScribe.uplugin" 698
"../../../Engine/Plugins/Experimental/Web/WebAPI/WebAPI.uplugin" 699
"../../../Engine/Plugins/Animation/MLDeformer/VertexDeltaModel/VertexDeltaModel.uplugin" 700
"../../../Engine/Plugins/Experimental/Animation/TrajectoryTools/TrajectoryTools.uplugin" 701
"../../../Engine/Plugins/Experimental/Animation/SkeletonTemplateFramework/SkeletonTemplateFramework.uplugin" 702
"../../../Engine/Plugins/Runtime/XR/XRVisualization/XRVisualization.uplugin" 703
"../../../Engine/Plugins/Experimental/VirtualProduction/VPSettings/VPSettings.uplugin" 704
"../../../Engine/Plugins/Experimental/Animation/SkeletalMeshMorphTargetEditingTools/SkeletalMeshMorphTargetEditingTools.uplugin" 705
"../../../Engine/Plugins/Experimental/Animation/Optimus/Optimus.uplugin" 706
"../../../Engine/Plugins/Experimental/Enterprise/DataprepGeometryOperations/DataprepGeometryOperations.uplugin" 707
"../../../Engine/Plugins/Experimental/Compositing/HoldoutComposite/HoldoutComposite.uplugin" 708
"../../../Engine/Plugins/Experimental/VirtualProduction/VPRoles/VPRoles.uplugin" 709
"../../../Engine/Plugins/Experimental/Animation/MotionTrajectory/MotionTrajectory.uplugin" 710
"../../../Engine/Plugins/Experimental/Animation/HierarchyTableAnimation/HierarchyTableAnimation.uplugin" 711
"../../../Engine/Plugins/Experimental/AVCodecs/NVCodecs/NVCodecs.uplugin" 712
"../../../Engine/Plugins/Experimental/Animation/HierarchyTable/HierarchyTable.uplugin" 713
"../../../Engine/Plugins/Experimental/Animation/ContextualAnimation/ContextualAnimation.uplugin" 714
"../../../Engine/Plugins/Experimental/AVCodecs/VTCodecs/VTCodecs.uplugin" 715
"../../../Engine/Plugins/Experimental/AVCodecs/AVCodecsCore/AVCodecsCore.uplugin" 716
"../../../Engine/Plugins/VirtualProduction/Rivermax/RivermaxMedia/RivermaxMedia.uplugin" 717
"../../../Engine/Plugins/Experimental/Enterprise/DatasmithRuntime/DatasmithRuntime.uplugin" 718
"../../../Engine/Plugins/Experimental/VirtualProduction/LedWallCalibration/LedWallCalibration.uplugin" 719
"../../../Engine/Plugins/Experimental/Compositing/CompositeCore/CompositeCore.uplugin" 720
"../../../Engine/Plugins/VirtualProduction/Rivermax/RivermaxCore/RivermaxCore.uplugin" 721
"../../../Engine/Plugins/Developer/Concert/ConcertSync/ConcertSyncTest/ConcertSyncTest.uplugin" 722
"../../../Engine/Plugins/VirtualProduction/Rivermax/RivermaxSync/RivermaxSync.uplugin" 723
"../../../Engine/Plugins/Developer/Concert/ConcertSync/ConcertSyncServer/ConcertSyncServer.uplugin" 724
"../../../Engine/Plugins/Experimental/AVCodecs/AMFCodecs/AMFCodecs.uplugin" 725
"../../../Engine/Plugins/Experimental/AVCodecs/WMFCodecs/WMFCodecs.uplugin" 726
"../../../Engine/Plugins/Developer/Concert/ConcertInsights/ConcertInsightsClient/ConcertInsightsClient.uplugin" 727
"../../../Engine/Plugins/Developer/Concert/ConcertInsights/ConcertInsightsCore/ConcertInsightsCore.uplugin" 728
"../../../Engine/Plugins/Experimental/AVCodecs/LibVpxCodecs/LibVpxCodecs.uplugin" 729
"../../../Engine/Plugins/Developer/Concert/ConcertSync/ConcertSyncCore/ConcertSyncCore.uplugin" 730
"../../../Engine/Plugins/Developer/Concert/ConcertApp/MultiUserServer/MultiUserServer.uplugin" 731
"../../../Engine/Plugins/Developer/Concert/ConcertScripting/ConcertReplicationScripting/ConcertReplicationScripting.uplugin" 732
"../../../Engine/Plugins/Developer/Concert/ConcertApp/MultiUserClient/MultiUserClient.uplugin" 733
"../../../Engine/Plugins/Experimental/Animation/MLDeformer/DetailPoseModel/DetailPoseModel.uplugin" 734
"../../../Engine/Plugins/Experimental/Animation/PackedAttributes/PackedAttributes.uplugin" 735
"../../../Engine/Plugins/Runtime/AR/Google/GoogleARCoreServices/GoogleARCoreServices.uplugin" 736
"../../../Engine/Plugins/Developer/Concert/ConcertSync/ConcertSyncClient/ConcertSyncClient.uplugin" 737
"../../../Engine/Plugins/Developer/Concert/ConcertUI/ConcertSharedSlate/ConcertSharedSlate.uplugin" 738
"../../../Engine/Plugins/Runtime/AR/AppleAR/AppleARKit/AppleARKit.uplugin" 739
"../../../Engine/Plugins/Developer/Concert/ConcertUI/ConcertClientSharedSlate/ConcertClientSharedSlate.uplugin" 740
"../../../Engine/Plugins/Runtime/AR/Google/GoogleARCore/GoogleARCore.uplugin" 741
"../../../Engine/Plugins/Developer/Concert/ConcertInsights/ConcertInsightsVisualizer/ConcertInsightsVisualizer.uplugin" 742
"../../../Engine/Plugins/Runtime/AR/AppleAR/AppleARKitFaceSupport/AppleARKitFaceSupport.uplugin" 743
"../../../Engine/Plugins/Developer/Concert/ConcertInsights/ConcertInsightsServer/ConcertInsightsServer.uplugin" 744
"../../../Engine/Plugins/Developer/Concert/ConcertApp/DisasterRecoveryClient/DisasterRecoveryClient.uplugin" 745
"../../../Engine/Platforms/Android/Plugins/RigLogic/RigLogic_Android.uplugin" 746
"../../../Engine/Platforms/Android/Plugins/Animation/ACLPlugin/ACLPlugin_Android.uplugin" 747
"../../../Engine/Platforms/IOS/Plugins/RigLogic/RigLogic_IOS.uplugin" 748
"../../../Engine/Content/Internationalization/icudt64l/cnvalias.icu" 749
"../../../Engine/Content/Internationalization/icudt64l/res_index.res" 750
"../../../Engine/Content/Internationalization/icudt64l/plurals.res" 751
"../../../Engine/Content/Internationalization/icudt64l/lang/ko.res" 752
"../../../Engine/Content/Internationalization/icudt64l/lang/pool.res" 753
"../../../Engine/Content/Internationalization/icudt64l/lang/root.res" 754
"../../../Engine/Content/Internationalization/icudt64l/region/ko.res" 755
"../../../Engine/Content/Internationalization/icudt64l/region/pool.res" 756
"../../../Engine/Content/Internationalization/icudt64l/region/root.res" 757
"../../../Engine/Content/Internationalization/icudt64l/lang/en.res" 758
"../../../Engine/Content/Internationalization/icudt64l/region/en.res" 759
"../../../Engine/Content/Internationalization/icudt64l/windowsZones.res" 760
"../../../Engine/Content/Internationalization/icudt64l/zoneinfo64.res" 761
"../../../Engine/Content/Internationalization/icudt64l/keyTypeData.res" 762
"../../../Engine/Content/Internationalization/icudt64l/timezoneTypes.res" 763
"../../../Engine/Content/Internationalization/icudt64l/likelySubtags.res" 764
"../../../Engine/Content/Internationalization/icudt64l/ko_KR.res" 765
"../../../Engine/Content/Internationalization/icudt64l/pool.res" 766
"../../../Engine/Content/Internationalization/icudt64l/ko.res" 767
"../../../Engine/Content/Internationalization/icudt64l/root.res" 768
"../../../Engine/Content/Internationalization/icudt64l/supplementalData.res" 769
"../../../Engine/Config/ConfigRedirects.ini" 770
"C:/Users/jinso/AppData/Local/UnrealEngine/5.6/Saved/Config/WindowsEditor/Manifest.ini" 771
"../../../Engine/Config/BaseEngine.ini" 772
"../../../Engine/Config/Windows/BaseWindowsEngine.ini" 773
"../../../../../../Users/jinso/Documents/GitHub/Flip_Side/Config/DefaultEngine.ini" 774
"../../../Engine/Config/BaseGame.ini" 775
"../../../../../../Users/jinso/Documents/GitHub/Flip_Side/Config/DefaultGame.ini" 776
"../../../Engine/Config/Windows/WindowsGame.ini" 777
"C:/Users/jinso/Documents/GitHub/Flip_Side/Saved/Config/WindowsEditor/Game.ini" 778
"../../../Engine/Config/BaseInput.ini" 779
"../../../Engine/Config/Windows/BaseWindowsInput.ini" 780
"../../../../../../Users/jinso/Documents/GitHub/Flip_Side/Config/DefaultInput.ini" 781
"../../../Engine/Config/Windows/WindowsInput.ini" 782
"../../../Engine/Config/BaseDeviceProfiles.ini" 783
"../../../Engine/Config/BaseGameUserSettings.ini" 784
"C:/Users/jinso/Documents/GitHub/Flip_Side/Saved/Config/WindowsEditor/GameUserSettings.ini" 785
"../../../Engine/Config/BaseScalability.ini" 786
"../../../Engine/Config/BaseRuntimeOptions.ini" 787
"../../../Engine/Config/BaseInstallBundle.ini" 788
"../../../Engine/Config/BaseHardware.ini" 789
"../../../Engine/Config/BaseCompat.ini" 790
"../../../Engine/Config/BaseLightmass.ini" 791
"../../../Engine/Config/BaseEditor.ini" 792
"../../../../../../Users/jinso/Documents/GitHub/Flip_Side/Config/DefaultEditor.ini" 793
"C:/Users/jinso/Documents/GitHub/Flip_Side/Saved/Config/WindowsEditor/Editor.ini" 794
"../../../Engine/Config/BaseMaterialExpressions.ini" 795
"../../../Engine/Config/BaseEditorPerProjectUserSettings.ini" 796
"../../../Engine/Config/Windows/WindowsEditorPerProjectUserSettings.ini" 797
"C:/Users/jinso/Documents/GitHub/Flip_Side/Saved/Config/WindowsEditor/EditorPerProjectUserSettings.ini" 798
"../../../Engine/Config/BaseEditorSettings.ini" 799
"../../../Engine/Config/Windows/WindowsEditorSettings.ini" 800
"C:/Users/jinso/AppData/Local/UnrealEngine/5.6/Saved/Config/WindowsEditor/EditorSettings.ini" 801
"../../../Engine/Config/BaseEditorKeyBindings.ini" 802
"C:/Users/jinso/AppData/Local/UnrealEngine/5.6/Saved/Config/WindowsEditor/EditorLayout.ini" 803
"../../../Engine/Config/IOS/BaseIOSEngine.ini" 804
"../../../Engine/Config/Mac/BaseMacEngine.ini" 805
"../../../Engine/Config/Linux/BaseLinuxEngine.ini" 806
"../../../Engine/Config/Android/BaseAndroidEngine.ini" 807
"../../../Engine/Platforms/VisionOS/Config/BaseVisionOSEngine.ini" 808
"../../../Engine/Config/Android/AndroidEngine.ini" 809
"../../../Engine/Config/Unix/UnixEngine.ini" 810
"../../../Engine/Config/TVOS/TVOSEngine.ini" 811
"../../../Engine/Config/Linux/LinuxEngine.ini" 812
"../../../Engine/Platforms/VisionOS/Config/VisionOSEngine.ini" 813
"../../../Engine/Config/IOS/BaseIOSGame.ini" 814
"../../../Engine/Config/Android/BaseAndroidGame.ini" 815
"../../../Engine/Config/IOS/IOSGame.ini" 816
"../../../../../../Users/jinso/Documents/GitHub/Flip_Side/Binaries/Win64/Flip_Side.target" 817
"../../../Engine/Config/Mac/MacGame.ini" 818
"../../../Engine/Config/IOS/BaseIOSInput.ini" 819
"../../../Engine/Config/Linux/LinuxGame.ini" 820
"../../../Engine/Config/Android/BaseAndroidInput.ini" 821
"../../../Engine/Config/Mac/BaseMacInput.ini" 822
"../../../../../../Users/jinso/Documents/GitHub/Flip_Side/Binaries/Win64/Flip_SideEditor.target" 823
"../../../Engine/Config/IOS/IOSScalability.ini" 824
"../../../Engine/Config/Android/AndroidScalability.ini" 825
"../../../Engine/Config/IOS/BaseIOSInstallBundle.ini" 826
"../../../Engine/Config/Android/BaseAndroidInstallBundle.ini" 827
"../../../Engine/Config/PluginBase.ini" 828
"../../../Engine/Plugins/ChaosVD/Config/DefaultChaosVD.ini" 829
"../../../Engine/Plugins/EnhancedInput/Config/BaseEnhancedInput.ini" 830
"../../../Engine/Plugins/Fab/Config/BaseFab.ini" 831
"../../../Engine/Plugins/TraceUtilities/Config/BaseTraceUtilities.ini" 832
"../../../Engine/Plugins/Cameras/GameplayCameras/Config/BaseGameplayCameras.ini" 833
"../../../Engine/Plugins/Enterprise/DatasmithContent/Config/BaseDatasmithContent.ini" 834
"../../../Engine/Plugins/Enterprise/GLTFExporter/Config/BaseGLTFExporter.ini" 835
"../../../Engine/Plugins/Enterprise/GLTFExporter/Config/DefaultGLTFExporter.ini" 836
"../../../Engine/Plugins/Enterprise/VariantManagerContent/Config/BaseVariantManagerContent.ini" 837
"../../../Engine/Plugins/Editor/EditorScriptingUtilities/Config/BaseEditorScriptingUtilities.ini" 838
"../../../Engine/Plugins/FX/Niagara/Config/BaseNiagara.ini" 839
"../../../Engine/Plugins/Interchange/Assets/Config/BaseInterchangeAssets.ini" 840
"../../../Engine/Plugins/Interchange/Runtime/Config/BaseInterchange.ini" 841
"../../../Engine/Plugins/Runtime/HairStrands/Config/BaseHairStrands.ini" 842
"../../../Engine/Plugins/Runtime/Metasound/Config/BaseMetasound.ini" 843
"../../../Engine/Plugins/Runtime/Metasound/Config/DefaultMetasound.ini" 844
"../../../Engine/Plugins/Runtime/PropertyBindingUtils/Config/BasePropertyBindingUtils.ini" 845
"../../../Engine/Plugins/Runtime/RigVM/Config/BaseRigVM.ini" 846
"../../../Engine/Plugins/Runtime/StateTree/Config/BaseStateTree.ini" 847
"../../../Engine/Plugins/Runtime/Synthesis/Config/BaseSynthesis.ini" 848
"../../../Engine/Plugins/2D/Paper2D/Config/BasePaper2D.ini" 849
"../../../Engine/Plugins/Animation/ControlRig/Config/BaseControlRig.ini" 850
"../../../Engine/Plugins/Animation/DeformerGraph/Config/BaseDeformerGraph.ini" 851
"../../../Engine/Plugins/Animation/IKRig/Config/BaseIKRig.ini" 852
"../../../Engine/Plugins/Experimental/FullBodyIK/Config/BaseFullBodyIK.ini" 853
"../../../Engine/Plugins/Experimental/ToolPresets/Config/BaseToolPresets.ini" 854
"../../../Engine/Plugins/MetaHuman/MetaHumanSDK/Config/BaseMetaHumanSDK.ini" 855
"../../../Engine/Plugins/VirtualProduction/CameraCalibrationCore/Config/BaseCameraCalibrationCore.ini" 856
"../../../Engine/Plugins/VirtualProduction/Takes/Config/BaseTakes.ini" 857
"../../../Engine/Plugins/Experimental/Compositing/CompositeCore/Config/BaseCompositeCore.ini" 858
"../../../Engine/Plugins/ChaosVD/Config/Engine.ini" 859
"../../../Engine/Plugins/EnhancedInput/Config/Input.ini" 860
"../../../Engine/Plugins/Runtime/InputDebugging/Config/Input.ini" 861
"../../../Engine/Plugins/Runtime/Windows/XInputDevice/Config/Input.ini" 862
"../../../Engine/Plugins/Online/OnlineSubsystemUtils/Config/Editor.ini" 863
"../../../Engine/Plugins/Runtime/RigVM/Config/Editor.ini" 864
"../../../Engine/Plugins/NNE/NNEDenoiser/Config/Game.ini" 865
"../../../Engine/Plugins/Editor/ModelingToolsEditorMode/Binaries/Win64/UnrealEditor.modules" 866
"../../../Engine/Plugins/Runtime/MeshModelingToolset/Binaries/Win64/UnrealEditor.modules" 867
"../../../Engine/Plugins/Experimental/MeshModelingToolsetExp/Binaries/Win64/UnrealEditor.modules" 868
"../../../Engine/Plugins/Editor/MeshLODToolset/Binaries/Win64/UnrealEditor.modules" 869
"../../../Engine/Plugins/Experimental/ToolPresets/Binaries/Win64/UnrealEditor.modules" 870
"../../../Engine/Plugins/Editor/StylusInput/Binaries/Win64/UnrealEditor.modules" 871
"../../../Engine/Plugins/Runtime/GeometryProcessing/Binaries/Win64/UnrealEditor.modules" 872
"../../../Engine/Plugins/Editor/ProxyLODPlugin/Binaries/Win64/UnrealEditor.modules" 873
"../../../Engine/Plugins/Experimental/PlanarCutPlugin/Binaries/Win64/UnrealEditor.modules" 874
"../../../Engine/Plugins/Runtime/GeometryCache/Binaries/Win64/UnrealEditor.modules" 875
"../../../Engine/Plugins/Experimental/GeometryFlow/Binaries/Win64/UnrealEditor.modules" 876
"../../../Engine/Plugins/Editor/EditorScriptingUtilities/Binaries/Win64/UnrealEditor.modules" 877
"../../../Engine/Plugins/FX/Niagara/Binaries/Win64/UnrealEditor.modules" 878
"../../../Engine/Plugins/Experimental/PythonScriptPlugin/Binaries/Win64/UnrealEditor.modules" 879
"../../../Engine/Plugins/Editor/ContentBrowser/ContentBrowserFileDataSource/Binaries/Win64/UnrealEditor.modules" 880
"../../../Engine/Plugins/Runtime/Database/SQLiteCore/Binaries/Win64/UnrealEditor.modules" 881
"../../../Engine/Plugins/Runtime/Database/SQLiteSupport/Binaries/Win64/UnrealEditor.modules" 882
"../../../Engine/Plugins/Runtime/Database/DatabaseSupport/Binaries/Win64/UnrealEditor.modules" 883
"../../../Engine/Plugins/Runtime/HDRIBackdrop/Binaries/Win64/UnrealEditor.modules" 884
"../../../Engine/Plugins/Experimental/ChaosEditor/Binaries/Win64/UnrealEditor.modules" 885
"../../../Engine/Plugins/Experimental/GeometryCollectionPlugin/Binaries/Win64/UnrealEditor.modules" 886
"../../../Engine/Plugins/Experimental/Fracture/Binaries/Win64/UnrealEditor.modules" 887
"../../../Engine/Plugins/Runtime/ProceduralMeshComponent/Binaries/Win64/UnrealEditor.modules" 888
"../../../Engine/Plugins/Experimental/ChaosSolverPlugin/Binaries/Win64/UnrealEditor.modules" 889
"../../../Engine/Plugins/Experimental/Dataflow/Binaries/Win64/UnrealEditor.modules" 890
"../../../Engine/Plugins/Experimental/GeometryDataflow/Binaries/Win64/UnrealEditor.modules" 891
"../../../Engine/Plugins/Experimental/CharacterFXEditor/BaseCharacterFXEditor/Binaries/Win64/UnrealEditor.modules" 892
"../../../Engine/Plugins/Experimental/ChaosCaching/Binaries/Win64/UnrealEditor.modules" 893
"../../../Engine/Plugins/Experimental/EditorDataStorage/Binaries/Win64/UnrealEditor.modules" 894
"../../../Engine/Plugins/Experimental/EditorDataStorageFeatures/Binaries/Win64/UnrealEditor.modules" 895
"../../../Engine/Plugins/VirtualProduction/Takes/Binaries/Win64/UnrealEditor.modules" 896
"../../../Engine/Plugins/Runtime/AudioCapture/Binaries/Win64/UnrealEditor.modules" 897
"../../../Engine/Plugins/MovieScene/LevelSequenceEditor/Binaries/Win64/UnrealEditor.modules" 898
"../../../Engine/Plugins/Developer/NamingTokens/Binaries/Win64/UnrealEditor.modules" 899
"../../../Engine/Plugins/MovieScene/SequencerScripting/Binaries/Win64/UnrealEditor.modules" 900
"../../../Engine/Plugins/Editor/EngineAssetDefinitions/Binaries/Win64/UnrealEditor.modules" 901
"../../../Engine/Plugins/ChaosCloth/Binaries/Win64/UnrealEditor.modules" 902
"../../../Engine/Plugins/Bridge/Binaries/Win64/UnrealEditor.modules" 903
"../../../Engine/Plugins/MetaHuman/MetaHumanSDK/Binaries/Win64/UnrealEditor.modules" 904
"../../../Engine/Plugins/Animation/ControlRig/Binaries/Win64/UnrealEditor.modules" 905
"../../../Engine/Plugins/Runtime/HairStrands/Binaries/Win64/UnrealEditor.modules" 906
"../../../Engine/Plugins/Animation/RigLogic/Binaries/Win64/UnrealEditor.modules" 907
"../../../Engine/Plugins/Online/EOSShared/Binaries/Win64/UnrealEditor.modules" 908
"../../../Engine/Plugins/Runtime/RigVM/Binaries/Win64/UnrealEditor.modules" 909
"../../../Engine/Plugins/Runtime/PropertyAccess/Binaries/Win64/UnrealEditor.modules" 910
"../../../Engine/Plugins/Animation/TweeningUtils/Binaries/Win64/UnrealEditor.modules" 911
"../../../Engine/Plugins/Animation/DeformerGraph/Binaries/Win64/UnrealEditor.modules" 912
"../../../Engine/Plugins/Runtime/ComputeFramework/Binaries/Win64/UnrealEditor.modules" 913
"../../../Engine/Plugins/ChaosVD/Binaries/Win64/UnrealEditor.modules" 914
"../../../Engine/Plugins/ChaosInsights/Binaries/Win64/UnrealEditor.modules" 915
"../../../Engine/Plugins/CmdLinkServer/Binaries/Win64/UnrealEditor.modules" 916
"../../../Engine/Plugins/EnhancedInput/Binaries/Win64/UnrealEditor.modules" 917
"../../../Engine/Plugins/Editor/DataValidation/Binaries/Win64/UnrealEditor.modules" 918
"../../../Engine/Plugins/Fab/Binaries/Win64/UnrealEditor.modules" 919
"../../../Engine/Plugins/Interchange/Runtime/Binaries/Win64/UnrealEditor.modules" 920
"../../../Engine/Plugins/Enterprise/VariantManagerContent/Binaries/Win64/UnrealEditor.modules" 921
"../../../Engine/Plugins/Enterprise/VariantManager/Binaries/Win64/UnrealEditor.modules" 922
"../../../Engine/Plugins/Interchange/Assets/Binaries/Win64/UnrealEditor.modules" 923
"../../../Engine/Plugins/FastBuildController/Binaries/Win64/UnrealEditor.modules" 924
"../../../Engine/Plugins/IoStoreInsights/Binaries/Win64/UnrealEditor.modules" 925
"../../../Engine/Plugins/MassInsights/Binaries/Win64/UnrealEditor.modules" 926
"../../../Engine/Plugins/MeshPainting/Binaries/Win64/UnrealEditor.modules" 927
"../../../Engine/Plugins/Interchange/Editor/Binaries/Win64/UnrealEditor.modules" 928
"../../../Engine/Plugins/RenderGraphInsights/Binaries/Win64/UnrealEditor.modules" 929
"../../../Engine/Plugins/TraceUtilities/Binaries/Win64/UnrealEditor.modules" 930
"../../../Engine/Plugins/WorldMetrics/Binaries/Win64/UnrealEditor.modules" 931
"../../../Engine/Plugins/UbaController/Binaries/Win64/UnrealEditor.modules" 932
"../../../Engine/Plugins/XGEController/Binaries/Win64/UnrealEditor.modules" 933
"../../../Engine/Plugins/Cameras/EngineCameras/Binaries/Win64/UnrealEditor.modules" 934
"../../../Engine/Plugins/MovieScene/TemplateSequence/Binaries/Win64/UnrealEditor.modules" 935
"../../../Engine/Plugins/Cameras/GameplayCameras/Binaries/Win64/UnrealEditor.modules" 936
"../../../Engine/Plugins/VirtualProduction/CameraCalibrationCore/Binaries/Win64/UnrealEditor.modules" 937
"../../../Engine/Plugins/Runtime/StateTree/Binaries/Win64/UnrealEditor.modules" 938
"../../../Engine/Plugins/Animation/GameplayInsights/Binaries/Win64/UnrealEditor.modules" 939
"../../../Engine/Plugins/Runtime/PropertyBindingUtils/Binaries/Win64/UnrealEditor.modules" 940
"../../../Engine/Plugins/Enterprise/DatasmithContent/Binaries/Win64/UnrealEditor.modules" 941
"../../../Engine/Plugins/Cameras/CameraShakePreviewer/Binaries/Win64/UnrealEditor.modules" 942
"../../../Engine/Plugins/Enterprise/GLTFExporter/Binaries/Win64/UnrealEditor.modules" 943
"../../../Engine/Plugins/Importers/AlembicImporter/Binaries/Win64/UnrealEditor.modules" 944
"../../../Engine/Plugins/Online/OnlineBase/Binaries/Win64/UnrealEditor.modules" 945
"../../../Engine/Plugins/Online/OnlineSubsystem/Binaries/Win64/UnrealEditor.modules" 946
"../../../Engine/Plugins/Online/OnlineSubsystemNull/Binaries/Win64/UnrealEditor.modules" 947
"../../../Engine/Plugins/Online/OnlineSubsystemUtils/Binaries/Win64/UnrealEditor.modules" 948
"../../../Engine/Plugins/Online/OnlineServices/Binaries/Win64/UnrealEditor.modules" 949
"../../../Engine/Plugins/Developer/AnimationSharing/Binaries/Win64/UnrealEditor.modules" 950
"../../../Engine/Plugins/Runtime/SignificanceManager/Binaries/Win64/UnrealEditor.modules" 951
"../../../Engine/Plugins/Developer/DumpGPUServices/Binaries/Win64/UnrealEditor.modules" 952
"../../../Engine/Plugins/Developer/CLionSourceCodeAccess/Binaries/Win64/UnrealEditor.modules" 953
"../../../Engine/Plugins/Developer/GitSourceControl/Binaries/Win64/UnrealEditor.modules" 954
"../../../Engine/Plugins/Developer/PixWinPlugin/Binaries/Win64/UnrealEditor.modules" 955
"../../../Engine/Plugins/Developer/N10XSourceCodeAccess/Binaries/Win64/UnrealEditor.modules" 956
"../../../Engine/Plugins/Developer/RenderDocPlugin/Binaries/Win64/UnrealEditor.modules" 957
"../../../Engine/Plugins/Developer/PlasticSourceControl/Binaries/Win64/UnrealEditor.modules" 958
"../../../Engine/Plugins/Developer/PluginUtils/Binaries/Win64/UnrealEditor.modules" 959
"../../../Engine/Plugins/Developer/ProjectLauncher/Binaries/Win64/UnrealEditor.modules" 960
"../../../Engine/Plugins/Developer/RiderSourceCodeAccess/Binaries/Win64/UnrealEditor.modules" 961
"../../../Engine/Plugins/Developer/PropertyAccessNode/Binaries/Win64/UnrealEditor.modules" 962
"../../../Engine/Plugins/Developer/PerforceSourceControl/Binaries/Win64/UnrealEditor.modules" 963
"../../../Engine/Plugins/Developer/UObjectPlugin/Binaries/Win64/UnrealEditor.modules" 964
"../../../Engine/Plugins/Developer/SubversionSourceControl/Binaries/Win64/UnrealEditor.modules" 965
"../../../Engine/Plugins/Developer/VisualStudioSourceCodeAccess/Binaries/Win64/UnrealEditor.modules" 966
"../../../Engine/Plugins/Developer/VisualStudioCodeSourceCodeAccess/Binaries/Win64/UnrealEditor.modules" 967
"../../../Engine/Plugins/Developer/TextureFormatOodle/Binaries/Win64/UnrealEditor.modules" 968
"../../../Engine/Plugins/Editor/AssetManagerEditor/Binaries/Win64/UnrealEditor.modules" 969
"../../../Engine/Plugins/Editor/ContentBrowser/ContentBrowserAssetDataSource/Binaries/Win64/UnrealEditor.modules" 970
"../../../Engine/Plugins/Editor/BlueprintHeaderView/Binaries/Win64/UnrealEditor.modules" 971
"../../../Engine/Plugins/Editor/ChangelistReview/Binaries/Win64/UnrealEditor.modules" 972
"../../../Engine/Plugins/Editor/ColorGrading/Binaries/Win64/UnrealEditor.modules" 973
"../../../Engine/Plugins/Editor/ObjectMixer/ObjectMixer/Binaries/Win64/UnrealEditor.modules" 974
"../../../Engine/Plugins/Editor/CurveEditorTools/Binaries/Win64/UnrealEditor.modules" 975
"../../../Engine/Plugins/Editor/EditorDebugTools/Binaries/Win64/UnrealEditor.modules" 976
"../../../Engine/Plugins/Editor/FacialAnimation/Binaries/Win64/UnrealEditor.modules" 977
"../../../Engine/Plugins/Editor/CryptoKeys/Binaries/Win64/UnrealEditor.modules" 978
"../../../Engine/Plugins/Editor/GameplayTagsEditor/Binaries/Win64/UnrealEditor.modules" 979
"../../../Engine/Plugins/Editor/GeometryMode/Binaries/Win64/UnrealEditor.modules" 980
"../../../Engine/Plugins/Editor/MaterialAnalyzer/Binaries/Win64/UnrealEditor.modules" 981
"../../../Engine/Plugins/Editor/MobileLauncherProfileWizard/Binaries/Win64/UnrealEditor.modules" 982
"../../../Engine/Plugins/Editor/SequencerAnimTools/Binaries/Win64/UnrealEditor.modules" 983
"../../../Engine/Plugins/Editor/SpeedTreeImporter/Binaries/Win64/UnrealEditor.modules" 984
"../../../Engine/Plugins/Editor/PluginBrowser/Binaries/Win64/UnrealEditor.modules" 985
"../../../Engine/Plugins/Editor/UVEditor/Binaries/Win64/UnrealEditor.modules" 986
"../../../Engine/Plugins/Editor/WorldPartitionHLODUtilities/Binaries/Win64/UnrealEditor.modules" 987
"../../../Engine/Plugins/Editor/UMGWidgetPreview/Binaries/Win64/UnrealEditor.modules" 988
"../../../Engine/Plugins/Media/AvfMedia/Binaries/Win64/UnrealEditor.modules" 989
"../../../Engine/Plugins/Media/AndroidMedia/Binaries/Win64/UnrealEditor.modules" 990
"../../../Engine/Plugins/Media/ImgMedia/Binaries/Win64/UnrealEditor.modules" 991
"../../../Engine/Plugins/Media/MediaPlayerEditor/Binaries/Win64/UnrealEditor.modules" 992
"../../../Engine/Plugins/Media/MediaCompositing/Binaries/Win64/UnrealEditor.modules" 993
"../../../Engine/Plugins/Media/MediaPlate/Binaries/Win64/UnrealEditor.modules" 994
"../../../Engine/Plugins/Experimental/Compositing/CompositeCore/Binaries/Win64/UnrealEditor.modules" 995
"../../../Engine/Plugins/Media/WmfMedia/Binaries/Win64/UnrealEditor.modules" 996
"../../../Engine/Plugins/NNE/NNEDenoiser/Binaries/Win64/UnrealEditor.modules" 997
"../../../Engine/Plugins/NNE/NNERuntimeORT/Binaries/Win64/UnrealEditor.modules" 998
"../../../Engine/Plugins/FX/Cascade/Binaries/Win64/UnrealEditor.modules" 999
"../../../Engine/Plugins/FX/NiagaraSimCaching/Binaries/Win64/UnrealEditor.modules" 1000
"../../../Engine/Plugins/MovieScene/ActorSequence/Binaries/Win64/UnrealEditor.modules" 1001
"../../../Engine/Plugins/Runtime/ActorLayerUtilities/Binaries/Win64/UnrealEditor.modules" 1002
"../../../Engine/Plugins/Runtime/AndroidFileServer/Binaries/Win64/UnrealEditor.modules" 1003
"../../../Engine/Plugins/Runtime/AndroidPermission/Binaries/Win64/UnrealEditor.modules" 1004
"../../../Engine/Plugins/Runtime/AppleImageUtils/Binaries/Win64/UnrealEditor.modules" 1005
"../../../Engine/Plugins/Runtime/AndroidDeviceProfileSelector/Binaries/Win64/UnrealEditor.modules" 1006
"../../../Engine/Plugins/Runtime/ArchVisCharacter/Binaries/Win64/UnrealEditor.modules" 1007
"../../../Engine/Plugins/Runtime/AssetTags/Binaries/Win64/UnrealEditor.modules" 1008
"../../../Engine/Plugins/Runtime/CableComponent/Binaries/Win64/UnrealEditor.modules" 1009
"../../../Engine/Plugins/Runtime/ChunkDownloader/Binaries/Win64/UnrealEditor.modules" 1010
"../../../Engine/Plugins/Runtime/ExampleDeviceProfileSelector/Binaries/Win64/UnrealEditor.modules" 1011
"../../../Engine/Plugins/Runtime/CustomMeshComponent/Binaries/Win64/UnrealEditor.modules" 1012
"../../../Engine/Plugins/Runtime/GooglePAD/Binaries/Win64/UnrealEditor.modules" 1013
"../../../Engine/Plugins/Runtime/InputDebugging/Binaries/Win64/UnrealEditor.modules" 1014
"../../../Engine/Plugins/Runtime/LocationServicesBPLibrary/Binaries/Win64/UnrealEditor.modules" 1015
"../../../Engine/Plugins/Runtime/Metasound/Binaries/Win64/UnrealEditor.modules" 1016
"../../../Engine/Plugins/Runtime/AudioWidgets/Binaries/Win64/UnrealEditor.modules" 1017
"../../../Engine/Plugins/Runtime/AudioSynesthesia/Binaries/Win64/UnrealEditor.modules" 1018
"../../../Engine/Plugins/Runtime/WaveTable/Binaries/Win64/UnrealEditor.modules" 1019
"../../../Engine/Plugins/Runtime/MobilePatchingUtils/Binaries/Win64/UnrealEditor.modules" 1020
"../../../Engine/Plugins/Runtime/MsQuic/Binaries/Win64/UnrealEditor.modules" 1021
"../../../Engine/Plugins/Runtime/ResonanceAudio/Binaries/Win64/UnrealEditor.modules" 1022
"../../../Engine/Plugins/Runtime/SoundFields/Binaries/Win64/UnrealEditor.modules" 1023
"../../../Engine/Plugins/Runtime/Synthesis/Binaries/Win64/UnrealEditor.modules" 1024
"../../../Engine/Plugins/Runtime/WindowsDeviceProfileSelector/Binaries/Win64/UnrealEditor.modules" 1025
"../../../Engine/Plugins/Runtime/WebMMoviePlayer/Binaries/Win64/UnrealEditor.modules" 1026
"../../../Engine/Plugins/Media/WebMMedia/Binaries/Win64/UnrealEditor.modules" 1027
"../../../Engine/Plugins/Runtime/WindowsMoviePlayer/Binaries/Win64/UnrealEditor.modules" 1028
"../../../Engine/Plugins/Tests/InterchangeTests/Binaries/Win64/UnrealEditor.modules" 1029
"../../../Engine/Plugins/AI/AISupport/Binaries/Win64/UnrealEditor.modules" 1030
"../../../Engine/Plugins/2D/Paper2D/Binaries/Win64/UnrealEditor.modules" 1031
"../../../Engine/Plugins/Animation/ACLPlugin/Binaries/Win64/UnrealEditor.modules" 1032
"../../../Engine/Plugins/AI/EnvironmentQueryEditor/Binaries/Win64/UnrealEditor.modules" 1033
"../../../Engine/Plugins/Animation/ControlRigSpline/Binaries/Win64/UnrealEditor.modules" 1034
"../../../Engine/Plugins/Animation/IKRig/Binaries/Win64/UnrealEditor.modules" 1035
"../../../Engine/Plugins/Experimental/FullBodyIK/Binaries/Win64/UnrealEditor.modules" 1036
"../../../Engine/Plugins/Animation/AnimationModifierLibrary/Binaries/Win64/UnrealEditor.modules" 1037
"../../../Engine/Plugins/Animation/AnimationData/Binaries/Win64/UnrealEditor.modules" 1038
"../../../Engine/Plugins/Animation/BlendSpaceMotionAnalysis/Binaries/Win64/UnrealEditor.modules" 1039
"../../../Engine/Plugins/Compression/OodleNetwork/Binaries/Win64/UnrealEditor.modules" 1040
"../../../Engine/Plugins/Animation/SkeletalMeshModelingTools/Binaries/Win64/UnrealEditor.modules" 1041
"../../../Engine/Plugins/Experimental/AutomationUtils/Binaries/Win64/UnrealEditor.modules" 1042
"../../../Engine/Plugins/Experimental/AdvancedRenamer/Binaries/Win64/UnrealEditor.modules" 1043
"../../../Engine/Plugins/Experimental/BackChannel/Binaries/Win64/UnrealEditor.modules" 1044
"../../../Engine/Plugins/Experimental/ChaosNiagara/Binaries/Win64/UnrealEditor.modules" 1045
"../../../Engine/Plugins/Experimental/CharacterAI/Binaries/Win64/UnrealEditor.modules" 1046
"../../../Engine/Plugins/Experimental/ChaosUserDataPT/Binaries/Win64/UnrealEditor.modules" 1047
"../../../Engine/Plugins/Experimental/EditorTelemetry/Binaries/Win64/UnrealEditor.modules" 1048
"../../../Engine/Plugins/Experimental/EditorPerformance/Binaries/Win64/UnrealEditor.modules" 1049
"../../../Engine/Plugins/Experimental/LevelSequenceNavigatorBridge/Binaries/Win64/UnrealEditor.modules" 1050
"../../../Engine/Plugins/Experimental/SequenceNavigator/Binaries/Win64/UnrealEditor.modules" 1051
"../../../Engine/Plugins/Experimental/LocalizableMessage/Binaries/Win64/UnrealEditor.modules" 1052
"../../../Engine/Plugins/Experimental/NFORDenoise/Binaries/Win64/UnrealEditor.modules" 1053
"../../../Engine/Plugins/Experimental/PlatformCrypto/Binaries/Win64/UnrealEditor.modules" 1054
"../../../Engine/Plugins/Experimental/RuntimeTelemetry/Binaries/Win64/UnrealEditor.modules" 1055
"../../../Engine/Plugins/Experimental/SkeletalReduction/Binaries/Win64/UnrealEditor.modules" 1056
"../../../Engine/Plugins/Messaging/UdpMessaging/Binaries/Win64/UnrealEditor.modules" 1057
"../../../Engine/Plugins/Messaging/TcpMessaging/Binaries/Win64/UnrealEditor.modules" 1058
"../../../Engine/Plugins/Portal/LauncherChunkInstaller/Binaries/Win64/UnrealEditor.modules" 1059
"../../../Engine/Plugins/Editor/Localization/PortableObjectFileDataSource/Binaries/Win64/UnrealEditor.modules" 1060
"../../../Engine/Plugins/Editor/ObjectMixer/LightMixer/Binaries/Win64/UnrealEditor.modules" 1061
"../../../Engine/Plugins/Editor/ContentBrowser/ContentBrowserClassDataSource/Binaries/Win64/UnrealEditor.modules" 1062
"../../../Engine/Plugins/Runtime/Windows/XInputDevice/Binaries/Win64/UnrealEditor.modules" 1063
"../../../Engine/Config/BaseSourceControlSettings.ini" 1064
"../../../Engine/Content/Internationalization/icudt64l/coll/ucadata.icu" 1065
"../../../Engine/Content/Internationalization/icudt64l/coll/ko.res" 1066
"../../../Engine/Content/Internationalization/icudt64l/coll/root.res" 1067
"../../../Engine/Content/Certificates/ThirdParty/cacert.pem" 1068
"../../../Engine/Config/ConsoleVariables.ini" 1069
"../../../Engine/Binaries/Win64/Android/UnrealEditor.modules" 1070
"../../../Engine/Binaries/Win64/IOS/UnrealEditor.modules" 1071
"../../../Engine/Binaries/Win64/Linux/UnrealEditor.modules" 1072
"../../../Engine/Content/Localization/Editor/ko/Editor.locres" 1073
"../../../Engine/Content/Localization/EditorTutorials/ko/EditorTutorials.locres" 1074
"../../../Engine/Content/Localization/Keywords/ko/Keywords.locres" 1075
"../../../Engine/Content/Localization/Category/ko/Category.locres" 1076
"../../../Engine/Content/Localization/ToolTips/ko/ToolTips.locres" 1077
"../../../Engine/Content/Localization/PropertyNames/ko/PropertyNames.locres" 1078
"../../../Engine/Content/Localization/Engine/ko/Engine.locres" 1079
"../../../Engine/Plugins/Online/OnlineSubsystem/Content/Localization/OnlineSubsystem/ko/OnlineSubsystem.locres" 1080
"../../../Engine/Plugins/Online/OnlineSubsystemUtils/Content/Localization/OnlineSubsystemUtils/ko/OnlineSubsystemUtils.locres" 1081
"../../../Engine/Plugins/MetaHuman/MetaHumanSDK/Content/Localization/MetaHumanSDK/ko/MetaHumanSDK.locres" 1082
"../../../Engine/Plugins/Online/IOS/OnlineSubsystemIOS/Content/Localization/OnlineSubsystemIOS/ko/OnlineSubsystemIOS.locres" 1083
"../../../Engine/Plugins/Online/Android/OnlineSubsystemGooglePlay/Content/Localization/OnlineSubsystemGooglePlay/ko/OnlineSubsystemGooglePlay.locres" 1084
"../../../Engine/Content/Internationalization/icudt64l/numberingSystems.res" 1085
"../../../Engine/Content/Internationalization/icudt64l/curr/supplementalData.res" 1086
"../../../Engine/Content/Internationalization/icudt64l/curr/ko.res" 1087
"../../../Engine/Content/Internationalization/icudt64l/curr/pool.res" 1088
"../../../Engine/Content/Internationalization/icudt64l/curr/root.res" 1089
"../../../Engine/Content/Internationalization/icudt64l/lang/af.res" 1090
"../../../Engine/Content/Internationalization/icudt64l/region/af.res" 1091
"../../../Engine/Content/Internationalization/icudt64l/lang/agq.res" 1092
"../../../Engine/Content/Internationalization/icudt64l/region/agq.res" 1093
"../../../Engine/Content/Internationalization/icudt64l/lang/ak.res" 1094
"../../../Engine/Content/Internationalization/icudt64l/region/ak.res" 1095
"../../../Engine/Content/Internationalization/icudt64l/lang/am.res" 1096
"../../../Engine/Content/Internationalization/icudt64l/region/am.res" 1097
"../../../Engine/Content/Internationalization/icudt64l/lang/ar.res" 1098
"../../../Engine/Content/Internationalization/icudt64l/region/ar.res" 1099
"../../../Engine/Content/Internationalization/icudt64l/region/ar_AE.res" 1100
"../../../Engine/Content/Internationalization/icudt64l/lang/ar_EG.res" 1101
"../../../Engine/Content/Internationalization/icudt64l/lang/ar_LY.res" 1102
"../../../Engine/Content/Internationalization/icudt64l/region/ar_LY.res" 1103
"../../../Engine/Content/Internationalization/icudt64l/lang/ar_SA.res" 1104
"../../../Engine/Content/Internationalization/icudt64l/region/ar_SA.res" 1105
"../../../Engine/Content/Internationalization/icudt64l/lang/as.res" 1106
"../../../Engine/Content/Internationalization/icudt64l/region/as.res" 1107
"../../../Engine/Content/Internationalization/icudt64l/lang/asa.res" 1108
"../../../Engine/Content/Internationalization/icudt64l/region/asa.res" 1109
"../../../Engine/Content/Internationalization/icudt64l/lang/ast.res" 1110
"../../../Engine/Content/Internationalization/icudt64l/region/ast.res" 1111
"../../../Engine/Content/Internationalization/icudt64l/lang/az.res" 1112
"../../../Engine/Content/Internationalization/icudt64l/lang/az_Cyrl.res" 1113
"../../../Engine/Content/Internationalization/icudt64l/lang/az_AZ.res" 1114
"../../../Engine/Content/Internationalization/icudt64l/lang/az_Latn_AZ.res" 1115
"../../../Engine/Content/Internationalization/icudt64l/lang/az_Latn.res" 1116
"../../../Engine/Content/Internationalization/icudt64l/region/az_AZ.res" 1117
"../../../Engine/Content/Internationalization/icudt64l/region/az_Latn_AZ.res" 1118
"../../../Engine/Content/Internationalization/icudt64l/region/az_Latn.res" 1119
"../../../Engine/Content/Internationalization/icudt64l/region/az.res" 1120
"../../../Engine/Content/Internationalization/icudt64l/region/az_Cyrl.res" 1121
"../../../Engine/Content/Internationalization/icudt64l/lang/bas.res" 1122
"../../../Engine/Content/Internationalization/icudt64l/region/bas.res" 1123
"../../../Engine/Content/Internationalization/icudt64l/lang/be.res" 1124
"../../../Engine/Content/Internationalization/icudt64l/region/be.res" 1125
"../../../Engine/Content/Internationalization/icudt64l/lang/bem.res" 1126
"../../../Engine/Content/Internationalization/icudt64l/region/bem.res" 1127
"../../../Engine/Content/Internationalization/icudt64l/lang/bez.res" 1128
"../../../Engine/Content/Internationalization/icudt64l/region/bez.res" 1129
"../../../Engine/Content/Internationalization/icudt64l/lang/bg.res" 1130
"../../../Engine/Content/Internationalization/icudt64l/region/bg.res" 1131
"../../../Engine/Content/Internationalization/icudt64l/lang/bm.res" 1132
"../../../Engine/Content/Internationalization/icudt64l/region/bm.res" 1133
"../../../Engine/Content/Internationalization/icudt64l/lang/bn.res" 1134
"../../../Engine/Content/Internationalization/icudt64l/region/bn.res" 1135
"../../../Engine/Content/Internationalization/icudt64l/lang/bn_IN.res" 1136
"../../../Engine/Content/Internationalization/icudt64l/region/bn_IN.res" 1137
"../../../Engine/Content/Internationalization/icudt64l/lang/bo.res" 1138
"../../../Engine/Content/Internationalization/icudt64l/region/bo.res" 1139
"../../../Engine/Content/Internationalization/icudt64l/region/bo_IN.res" 1140
"../../../Engine/Content/Internationalization/icudt64l/lang/br.res" 1141
"../../../Engine/Content/Internationalization/icudt64l/region/br.res" 1142
"../../../Engine/Content/Internationalization/icudt64l/lang/brx.res" 1143
"../../../Engine/Content/Internationalization/icudt64l/region/brx.res" 1144
"../../../Engine/Content/Internationalization/icudt64l/lang/bs.res" 1145
"../../../Engine/Content/Internationalization/icudt64l/lang/bs_Cyrl.res" 1146
"../../../Engine/Content/Internationalization/icudt64l/lang/bs_BA.res" 1147
"../../../Engine/Content/Internationalization/icudt64l/lang/bs_Latn_BA.res" 1148
"../../../Engine/Content/Internationalization/icudt64l/lang/bs_Latn.res" 1149
"../../../Engine/Content/Internationalization/icudt64l/region/bs_BA.res" 1150
"../../../Engine/Content/Internationalization/icudt64l/region/bs_Latn_BA.res" 1151
"../../../Engine/Content/Internationalization/icudt64l/region/bs_Latn.res" 1152
"../../../Engine/Content/Internationalization/icudt64l/region/bs.res" 1153
"../../../Engine/Content/Internationalization/icudt64l/region/bs_Cyrl.res" 1154
"../../../Engine/Content/Internationalization/icudt64l/lang/ca.res" 1155
"../../../Engine/Content/Internationalization/icudt64l/region/ca.res" 1156
"../../../Engine/Content/Internationalization/icudt64l/lang/ccp.res" 1157
"../../../Engine/Content/Internationalization/icudt64l/region/ccp.res" 1158
"../../../Engine/Content/Internationalization/icudt64l/lang/ce.res" 1159
"../../../Engine/Content/Internationalization/icudt64l/region/ce.res" 1160
"../../../Engine/Content/Internationalization/icudt64l/lang/ceb.res" 1161
"../../../Engine/Content/Internationalization/icudt64l/region/ceb.res" 1162
"../../../Engine/Content/Internationalization/icudt64l/lang/cgg.res" 1163
"../../../Engine/Content/Internationalization/icudt64l/region/cgg.res" 1164
"../../../Engine/Content/Internationalization/icudt64l/lang/chr.res" 1165
"../../../Engine/Content/Internationalization/icudt64l/region/chr.res" 1166
"../../../Engine/Content/Internationalization/icudt64l/lang/ckb.res" 1167
"../../../Engine/Content/Internationalization/icudt64l/region/ckb.res" 1168
"../../../Engine/Content/Internationalization/icudt64l/lang/cs.res" 1169
"../../../Engine/Content/Internationalization/icudt64l/region/cs.res" 1170
"../../../Engine/Content/Internationalization/icudt64l/lang/cy.res" 1171
"../../../Engine/Content/Internationalization/icudt64l/region/cy.res" 1172
"../../../Engine/Content/Internationalization/icudt64l/lang/da.res" 1173
"../../../Engine/Content/Internationalization/icudt64l/region/da.res" 1174
"../../../Engine/Content/Internationalization/icudt64l/lang/dav.res" 1175
"../../../Engine/Content/Internationalization/icudt64l/region/dav.res" 1176
"../../../Engine/Content/Internationalization/icudt64l/lang/de.res" 1177
"../../../Engine/Content/Internationalization/icudt64l/lang/de_AT.res" 1178
"../../../Engine/Content/Internationalization/icudt64l/region/de_AT.res" 1179
"../../../Engine/Content/Internationalization/icudt64l/region/de.res" 1180
"../../../Engine/Content/Internationalization/icudt64l/lang/de_CH.res" 1181
"../../../Engine/Content/Internationalization/icudt64l/region/de_CH.res" 1182
"../../../Engine/Content/Internationalization/icudt64l/lang/de_LU.res" 1183
"../../../Engine/Content/Internationalization/icudt64l/lang/dje.res" 1184
"../../../Engine/Content/Internationalization/icudt64l/region/dje.res" 1185
"../../../Engine/Content/Internationalization/icudt64l/lang/dsb.res" 1186
"../../../Engine/Content/Internationalization/icudt64l/region/dsb.res" 1187
"../../../Engine/Content/Internationalization/icudt64l/lang/dua.res" 1188
"../../../Engine/Content/Internationalization/icudt64l/region/dua.res" 1189
"../../../Engine/Content/Internationalization/icudt64l/lang/dyo.res" 1190
"../../../Engine/Content/Internationalization/icudt64l/region/dyo.res" 1191
"../../../Engine/Content/Internationalization/icudt64l/lang/dz.res" 1192
"../../../Engine/Content/Internationalization/icudt64l/region/dz.res" 1193
"../../../Engine/Content/Internationalization/icudt64l/lang/ebu.res" 1194
"../../../Engine/Content/Internationalization/icudt64l/region/ebu.res" 1195
"../../../Engine/Content/Internationalization/icudt64l/lang/ee.res" 1196
"../../../Engine/Content/Internationalization/icudt64l/region/ee.res" 1197
"../../../Engine/Content/Internationalization/icudt64l/lang/el.res" 1198
"../../../Engine/Content/Internationalization/icudt64l/region/el.res" 1199
"../../../Engine/Content/Internationalization/icudt64l/lang/en_001.res" 1200
"../../../Engine/Content/Internationalization/icudt64l/lang/en_150.res" 1201
"../../../Engine/Content/Internationalization/icudt64l/region/en_150.res" 1202
"../../../Engine/Content/Internationalization/icudt64l/lang/en_AG.res" 1203
"../../../Engine/Content/Internationalization/icudt64l/region/en_AG.res" 1204
"../../../Engine/Content/Internationalization/icudt64l/lang/en_AI.res" 1205
"../../../Engine/Content/Internationalization/icudt64l/region/en_AI.res" 1206
"../../../Engine/Content/Internationalization/icudt64l/lang/en_AT.res" 1207
"../../../Engine/Content/Internationalization/icudt64l/region/en_AT.res" 1208
"../../../Engine/Content/Internationalization/icudt64l/lang/en_AU.res" 1209
"../../../Engine/Content/Internationalization/icudt64l/region/en_AU.res" 1210
"../../../Engine/Content/Internationalization/icudt64l/lang/en_BB.res" 1211
"../../../Engine/Content/Internationalization/icudt64l/region/en_BB.res" 1212
"../../../Engine/Content/Internationalization/icudt64l/lang/en_BE.res" 1213
"../../../Engine/Content/Internationalization/icudt64l/region/en_BE.res" 1214
"../../../Engine/Content/Internationalization/icudt64l/lang/en_BM.res" 1215
"../../../Engine/Content/Internationalization/icudt64l/region/en_BM.res" 1216
"../../../Engine/Content/Internationalization/icudt64l/lang/en_BS.res" 1217
"../../../Engine/Content/Internationalization/icudt64l/region/en_BS.res" 1218
"../../../Engine/Content/Internationalization/icudt64l/lang/en_BW.res" 1219
"../../../Engine/Content/Internationalization/icudt64l/region/en_BW.res" 1220
"../../../Engine/Content/Internationalization/icudt64l/lang/en_BZ.res" 1221
"../../../Engine/Content/Internationalization/icudt64l/region/en_BZ.res" 1222
"../../../Engine/Content/Internationalization/icudt64l/lang/en_CA.res" 1223
"../../../Engine/Content/Internationalization/icudt64l/region/en_CA.res" 1224
"../../../Engine/Content/Internationalization/icudt64l/lang/en_CC.res" 1225
"../../../Engine/Content/Internationalization/icudt64l/region/en_CC.res" 1226
"../../../Engine/Content/Internationalization/icudt64l/lang/en_CH.res" 1227
"../../../Engine/Content/Internationalization/icudt64l/region/en_CH.res" 1228
"../../../Engine/Content/Internationalization/icudt64l/lang/en_CK.res" 1229
"../../../Engine/Content/Internationalization/icudt64l/region/en_CK.res" 1230
"../../../Engine/Content/Internationalization/icudt64l/lang/en_CM.res" 1231
"../../../Engine/Content/Internationalization/icudt64l/region/en_CM.res" 1232
"../../../Engine/Content/Internationalization/icudt64l/lang/en_CX.res" 1233
"../../../Engine/Content/Internationalization/icudt64l/region/en_CX.res" 1234
"../../../Engine/Content/Internationalization/icudt64l/lang/en_CY.res" 1235
"../../../Engine/Content/Internationalization/icudt64l/region/en_CY.res" 1236
"../../../Engine/Content/Internationalization/icudt64l/lang/en_DE.res" 1237
"../../../Engine/Content/Internationalization/icudt64l/region/en_DE.res" 1238
"../../../Engine/Content/Internationalization/icudt64l/lang/en_DG.res" 1239
"../../../Engine/Content/Internationalization/icudt64l/region/en_DG.res" 1240
"../../../Engine/Content/Internationalization/icudt64l/lang/en_DK.res" 1241
"../../../Engine/Content/Internationalization/icudt64l/region/en_DK.res" 1242
"../../../Engine/Content/Internationalization/icudt64l/lang/en_DM.res" 1243
"../../../Engine/Content/Internationalization/icudt64l/region/en_DM.res" 1244
"../../../Engine/Content/Internationalization/icudt64l/lang/en_ER.res" 1245
"../../../Engine/Content/Internationalization/icudt64l/region/en_ER.res" 1246
"../../../Engine/Content/Internationalization/icudt64l/lang/en_FI.res" 1247
"../../../Engine/Content/Internationalization/icudt64l/region/en_FI.res" 1248
"../../../Engine/Content/Internationalization/icudt64l/lang/en_FJ.res" 1249
"../../../Engine/Content/Internationalization/icudt64l/region/en_FJ.res" 1250
"../../../Engine/Content/Internationalization/icudt64l/lang/en_FK.res" 1251
"../../../Engine/Content/Internationalization/icudt64l/region/en_FK.res" 1252
"../../../Engine/Content/Internationalization/icudt64l/lang/en_FM.res" 1253
"../../../Engine/Content/Internationalization/icudt64l/region/en_FM.res" 1254
"../../../Engine/Content/Internationalization/icudt64l/lang/en_GB.res" 1255
"../../../Engine/Content/Internationalization/icudt64l/region/en_GB.res" 1256
"../../../Engine/Content/Internationalization/icudt64l/lang/en_GD.res" 1257
"../../../Engine/Content/Internationalization/icudt64l/region/en_GD.res" 1258
"../../../Engine/Content/Internationalization/icudt64l/lang/en_GG.res" 1259
"../../../Engine/Content/Internationalization/icudt64l/region/en_GG.res" 1260
"../../../Engine/Content/Internationalization/icudt64l/lang/en_GH.res" 1261
"../../../Engine/Content/Internationalization/icudt64l/region/en_GH.res" 1262
"../../../Engine/Content/Internationalization/icudt64l/lang/en_GI.res" 1263
"../../../Engine/Content/Internationalization/icudt64l/region/en_GI.res" 1264
"../../../Engine/Content/Internationalization/icudt64l/lang/en_GM.res" 1265
"../../../Engine/Content/Internationalization/icudt64l/region/en_GM.res" 1266
"../../../Engine/Content/Internationalization/icudt64l/lang/en_GY.res" 1267
"../../../Engine/Content/Internationalization/icudt64l/region/en_GY.res" 1268
"../../../Engine/Content/Internationalization/icudt64l/lang/en_HK.res" 1269
"../../../Engine/Content/Internationalization/icudt64l/region/en_HK.res" 1270
"../../../Engine/Content/Internationalization/icudt64l/lang/en_IE.res" 1271
"../../../Engine/Content/Internationalization/icudt64l/region/en_IE.res" 1272
"../../../Engine/Content/Internationalization/icudt64l/lang/en_IL.res" 1273
"../../../Engine/Content/Internationalization/icudt64l/region/en_IL.res" 1274
"../../../Engine/Content/Internationalization/icudt64l/lang/en_IM.res" 1275
"../../../Engine/Content/Internationalization/icudt64l/region/en_IM.res" 1276
"../../../Engine/Content/Internationalization/icudt64l/lang/en_IN.res" 1277
"../../../Engine/Content/Internationalization/icudt64l/region/en_IN.res" 1278
"../../../Engine/Content/Internationalization/icudt64l/lang/en_IO.res" 1279
"../../../Engine/Content/Internationalization/icudt64l/region/en_IO.res" 1280
"../../../Engine/Content/Internationalization/icudt64l/lang/en_JE.res" 1281
"../../../Engine/Content/Internationalization/icudt64l/region/en_JE.res" 1282
"../../../Engine/Content/Internationalization/icudt64l/lang/en_JM.res" 1283
"../../../Engine/Content/Internationalization/icudt64l/region/en_JM.res" 1284
"../../../Engine/Content/Internationalization/icudt64l/lang/en_KE.res" 1285
"../../../Engine/Content/Internationalization/icudt64l/region/en_KE.res" 1286
"../../../Engine/Content/Internationalization/icudt64l/lang/en_KI.res" 1287
"../../../Engine/Content/Internationalization/icudt64l/region/en_KI.res" 1288
"../../../Engine/Content/Internationalization/icudt64l/lang/en_KN.res" 1289
"../../../Engine/Content/Internationalization/icudt64l/region/en_KN.res" 1290
"../../../Engine/Content/Internationalization/icudt64l/lang/en_KY.res" 1291
"../../../Engine/Content/Internationalization/icudt64l/region/en_KY.res" 1292
"../../../Engine/Content/Internationalization/icudt64l/lang/en_LC.res" 1293
"../../../Engine/Content/Internationalization/icudt64l/region/en_LC.res" 1294
"../../../Engine/Content/Internationalization/icudt64l/lang/en_LR.res" 1295
"../../../Engine/Content/Internationalization/icudt64l/region/en_LR.res" 1296
"../../../Engine/Content/Internationalization/icudt64l/lang/en_LS.res" 1297
"../../../Engine/Content/Internationalization/icudt64l/region/en_LS.res" 1298
"../../../Engine/Content/Internationalization/icudt64l/lang/en_MG.res" 1299
"../../../Engine/Content/Internationalization/icudt64l/region/en_MG.res" 1300
"../../../Engine/Content/Internationalization/icudt64l/lang/en_MO.res" 1301
"../../../Engine/Content/Internationalization/icudt64l/region/en_MO.res" 1302
"../../../Engine/Content/Internationalization/icudt64l/lang/en_MS.res" 1303
"../../../Engine/Content/Internationalization/icudt64l/region/en_MS.res" 1304
"../../../Engine/Content/Internationalization/icudt64l/lang/en_MT.res" 1305
"../../../Engine/Content/Internationalization/icudt64l/region/en_MT.res" 1306
"../../../Engine/Content/Internationalization/icudt64l/lang/en_MU.res" 1307
"../../../Engine/Content/Internationalization/icudt64l/region/en_MU.res" 1308
"../../../Engine/Content/Internationalization/icudt64l/lang/en_MW.res" 1309
"../../../Engine/Content/Internationalization/icudt64l/region/en_MW.res" 1310
"../../../Engine/Content/Internationalization/icudt64l/lang/en_MY.res" 1311
"../../../Engine/Content/Internationalization/icudt64l/region/en_MY.res" 1312
"../../../Engine/Content/Internationalization/icudt64l/lang/en_NA.res" 1313
"../../../Engine/Content/Internationalization/icudt64l/region/en_NA.res" 1314
"../../../Engine/Content/Internationalization/icudt64l/lang/en_NF.res" 1315
"../../../Engine/Content/Internationalization/icudt64l/region/en_NF.res" 1316
"../../../Engine/Content/Internationalization/icudt64l/lang/en_NG.res" 1317
"../../../Engine/Content/Internationalization/icudt64l/region/en_NG.res" 1318
"../../../Engine/Content/Internationalization/icudt64l/lang/en_NL.res" 1319
"../../../Engine/Content/Internationalization/icudt64l/region/en_NL.res" 1320
"../../../Engine/Content/Internationalization/icudt64l/lang/en_NR.res" 1321
"../../../Engine/Content/Internationalization/icudt64l/region/en_NR.res" 1322
"../../../Engine/Content/Internationalization/icudt64l/lang/en_NU.res" 1323
"../../../Engine/Content/Internationalization/icudt64l/region/en_NU.res" 1324
"../../../Engine/Content/Internationalization/icudt64l/lang/en_NZ.res" 1325
"../../../Engine/Content/Internationalization/icudt64l/region/en_NZ.res" 1326
"../../../Engine/Content/Internationalization/icudt64l/lang/en_PG.res" 1327
"../../../Engine/Content/Internationalization/icudt64l/region/en_PG.res" 1328
"../../../Engine/Content/Internationalization/icudt64l/lang/en_PH.res" 1329
"../../../Engine/Content/Internationalization/icudt64l/region/en_PH.res" 1330
"../../../Engine/Content/Internationalization/icudt64l/lang/en_PK.res" 1331
"../../../Engine/Content/Internationalization/icudt64l/region/en_PK.res" 1332
"../../../Engine/Content/Internationalization/icudt64l/lang/en_PN.res" 1333
"../../../Engine/Content/Internationalization/icudt64l/region/en_PN.res" 1334
"../../../Engine/Content/Internationalization/icudt64l/lang/en_PW.res" 1335
"../../../Engine/Content/Internationalization/icudt64l/region/en_PW.res" 1336
"../../../Engine/Content/Internationalization/icudt64l/lang/en_RW.res" 1337
"../../../Engine/Content/Internationalization/icudt64l/region/en_RW.res" 1338
"../../../Engine/Content/Internationalization/icudt64l/lang/en_SB.res" 1339
"../../../Engine/Content/Internationalization/icudt64l/region/en_SB.res" 1340
"../../../Engine/Content/Internationalization/icudt64l/lang/en_SC.res" 1341
"../../../Engine/Content/Internationalization/icudt64l/region/en_SC.res" 1342
"../../../Engine/Content/Internationalization/icudt64l/lang/en_SD.res" 1343
"../../../Engine/Content/Internationalization/icudt64l/region/en_SD.res" 1344
"../../../Engine/Content/Internationalization/icudt64l/lang/en_SE.res" 1345
"../../../Engine/Content/Internationalization/icudt64l/region/en_SE.res" 1346
"../../../Engine/Content/Internationalization/icudt64l/lang/en_SG.res" 1347
"../../../Engine/Content/Internationalization/icudt64l/region/en_SG.res" 1348
"../../../Engine/Content/Internationalization/icudt64l/lang/en_SH.res" 1349
"../../../Engine/Content/Internationalization/icudt64l/region/en_SH.res" 1350
"../../../Engine/Content/Internationalization/icudt64l/lang/en_SI.res" 1351
"../../../Engine/Content/Internationalization/icudt64l/region/en_SI.res" 1352
"../../../Engine/Content/Internationalization/icudt64l/lang/en_SL.res" 1353
"../../../Engine/Content/Internationalization/icudt64l/region/en_SL.res" 1354
"../../../Engine/Content/Internationalization/icudt64l/lang/en_SS.res" 1355
"../../../Engine/Content/Internationalization/icudt64l/region/en_SS.res" 1356
"../../../Engine/Content/Internationalization/icudt64l/lang/en_SX.res" 1357
"../../../Engine/Content/Internationalization/icudt64l/region/en_SX.res" 1358
"../../../Engine/Content/Internationalization/icudt64l/lang/en_SZ.res" 1359
"../../../Engine/Content/Internationalization/icudt64l/region/en_SZ.res" 1360
"../../../Engine/Content/Internationalization/icudt64l/lang/en_TC.res" 1361
"../../../Engine/Content/Internationalization/icudt64l/region/en_TC.res" 1362
"../../../Engine/Content/Internationalization/icudt64l/lang/en_TK.res" 1363
"../../../Engine/Content/Internationalization/icudt64l/region/en_TK.res" 1364
"../../../Engine/Content/Internationalization/icudt64l/lang/en_TO.res" 1365
"../../../Engine/Content/Internationalization/icudt64l/region/en_TO.res" 1366
"../../../Engine/Content/Internationalization/icudt64l/lang/en_TT.res" 1367
"../../../Engine/Content/Internationalization/icudt64l/region/en_TT.res" 1368
"../../../Engine/Content/Internationalization/icudt64l/lang/en_TV.res" 1369
"../../../Engine/Content/Internationalization/icudt64l/region/en_TV.res" 1370
"../../../Engine/Content/Internationalization/icudt64l/lang/en_TZ.res" 1371
"../../../Engine/Content/Internationalization/icudt64l/region/en_TZ.res" 1372
"../../../Engine/Content/Internationalization/icudt64l/lang/en_UG.res" 1373
"../../../Engine/Content/Internationalization/icudt64l/region/en_UG.res" 1374
"../../../Engine/Content/Internationalization/icudt64l/lang/en_VC.res" 1375
"../../../Engine/Content/Internationalization/icudt64l/region/en_VC.res" 1376
"../../../Engine/Content/Internationalization/icudt64l/lang/en_VG.res" 1377
"../../../Engine/Content/Internationalization/icudt64l/region/en_VG.res" 1378
"../../../Engine/Content/Internationalization/icudt64l/lang/en_VU.res" 1379
"../../../Engine/Content/Internationalization/icudt64l/region/en_VU.res" 1380
"../../../Engine/Content/Internationalization/icudt64l/lang/en_WS.res" 1381
"../../../Engine/Content/Internationalization/icudt64l/region/en_WS.res" 1382
"../../../Engine/Content/Internationalization/icudt64l/lang/en_ZA.res" 1383
"../../../Engine/Content/Internationalization/icudt64l/region/en_ZA.res" 1384
"../../../Engine/Content/Internationalization/icudt64l/lang/en_ZM.res" 1385
"../../../Engine/Content/Internationalization/icudt64l/region/en_ZM.res" 1386
"../../../Engine/Content/Internationalization/icudt64l/lang/en_ZW.res" 1387
"../../../Engine/Content/Internationalization/icudt64l/region/en_ZW.res" 1388
"../../../Engine/Content/Internationalization/icudt64l/lang/eo.res" 1389
"../../../Engine/Content/Internationalization/icudt64l/region/eo.res" 1390
"../../../Engine/Content/Internationalization/icudt64l/lang/es.res" 1391
"../../../Engine/Content/Internationalization/icudt64l/lang/es_419.res" 1392
"../../../Engine/Content/Internationalization/icudt64l/region/es_419.res" 1393
"../../../Engine/Content/Internationalization/icudt64l/region/es.res" 1394
"../../../Engine/Content/Internationalization/icudt64l/lang/es_AR.res" 1395
"../../../Engine/Content/Internationalization/icudt64l/region/es_AR.res" 1396
"../../../Engine/Content/Internationalization/icudt64l/lang/es_BO.res" 1397
"../../../Engine/Content/Internationalization/icudt64l/region/es_BO.res" 1398
"../../../Engine/Content/Internationalization/icudt64l/lang/es_BR.res" 1399
"../../../Engine/Content/Internationalization/icudt64l/region/es_BR.res" 1400
"../../../Engine/Content/Internationalization/icudt64l/lang/es_BZ.res" 1401
"../../../Engine/Content/Internationalization/icudt64l/region/es_BZ.res" 1402
"../../../Engine/Content/Internationalization/icudt64l/lang/es_CL.res" 1403
"../../../Engine/Content/Internationalization/icudt64l/region/es_CL.res" 1404
"../../../Engine/Content/Internationalization/icudt64l/lang/es_CO.res" 1405
"../../../Engine/Content/Internationalization/icudt64l/region/es_CO.res" 1406
"../../../Engine/Content/Internationalization/icudt64l/lang/es_CR.res" 1407
"../../../Engine/Content/Internationalization/icudt64l/region/es_CR.res" 1408
"../../../Engine/Content/Internationalization/icudt64l/lang/es_CU.res" 1409
"../../../Engine/Content/Internationalization/icudt64l/region/es_CU.res" 1410
"../../../Engine/Content/Internationalization/icudt64l/lang/es_DO.res" 1411
"../../../Engine/Content/Internationalization/icudt64l/region/es_DO.res" 1412
"../../../Engine/Content/Internationalization/icudt64l/lang/es_EC.res" 1413
"../../../Engine/Content/Internationalization/icudt64l/region/es_EC.res" 1414
"../../../Engine/Content/Internationalization/icudt64l/lang/es_GT.res" 1415
"../../../Engine/Content/Internationalization/icudt64l/region/es_GT.res" 1416
"../../../Engine/Content/Internationalization/icudt64l/lang/es_HN.res" 1417
"../../../Engine/Content/Internationalization/icudt64l/region/es_HN.res" 1418
"../../../Engine/Content/Internationalization/icudt64l/lang/es_MX.res" 1419
"../../../Engine/Content/Internationalization/icudt64l/region/es_MX.res" 1420
"../../../Engine/Content/Internationalization/icudt64l/lang/es_NI.res" 1421
"../../../Engine/Content/Internationalization/icudt64l/region/es_NI.res" 1422
"../../../Engine/Content/Internationalization/icudt64l/lang/es_PA.res" 1423
"../../../Engine/Content/Internationalization/icudt64l/region/es_PA.res" 1424
"../../../Engine/Content/Internationalization/icudt64l/lang/es_PE.res" 1425
"../../../Engine/Content/Internationalization/icudt64l/region/es_PE.res" 1426
"../../../Engine/Content/Internationalization/icudt64l/lang/es_PR.res" 1427
"../../../Engine/Content/Internationalization/icudt64l/region/es_PR.res" 1428
"../../../Engine/Content/Internationalization/icudt64l/lang/es_PY.res" 1429
"../../../Engine/Content/Internationalization/icudt64l/region/es_PY.res" 1430
"../../../Engine/Content/Internationalization/icudt64l/lang/es_SV.res" 1431
"../../../Engine/Content/Internationalization/icudt64l/region/es_SV.res" 1432
"../../../Engine/Content/Internationalization/icudt64l/lang/es_US.res" 1433
"../../../Engine/Content/Internationalization/icudt64l/region/es_US.res" 1434
"../../../Engine/Content/Internationalization/icudt64l/lang/es_UY.res" 1435
"../../../Engine/Content/Internationalization/icudt64l/region/es_UY.res" 1436
"../../../Engine/Content/Internationalization/icudt64l/lang/es_VE.res" 1437
"../../../Engine/Content/Internationalization/icudt64l/region/es_VE.res" 1438
"../../../Engine/Content/Internationalization/icudt64l/lang/et.res" 1439
"../../../Engine/Content/Internationalization/icudt64l/region/et.res" 1440
"../../../Engine/Content/Internationalization/icudt64l/lang/eu.res" 1441
"../../../Engine/Content/Internationalization/icudt64l/region/eu.res" 1442
"../../../Engine/Content/Internationalization/icudt64l/lang/ewo.res" 1443
"../../../Engine/Content/Internationalization/icudt64l/region/ewo.res" 1444
"../../../Engine/Content/Internationalization/icudt64l/lang/fa.res" 1445
"../../../Engine/Content/Internationalization/icudt64l/lang/fa_AF.res" 1446
"../../../Engine/Content/Internationalization/icudt64l/region/fa_AF.res" 1447
"../../../Engine/Content/Internationalization/icudt64l/region/fa.res" 1448
"../../../Engine/Content/Internationalization/icudt64l/lang/ff.res" 1449
"../../../Engine/Content/Internationalization/icudt64l/lang/ff_Latn.res" 1450
"../../../Engine/Content/Internationalization/icudt64l/region/ff.res" 1451
"../../../Engine/Content/Internationalization/icudt64l/region/ff_Latn.res" 1452
"../../../Engine/Content/Internationalization/icudt64l/lang/ff_CM.res" 1453
"../../../Engine/Content/Internationalization/icudt64l/lang/ff_Latn_CM.res" 1454
"../../../Engine/Content/Internationalization/icudt64l/region/ff_CM.res" 1455
"../../../Engine/Content/Internationalization/icudt64l/region/ff_Latn_CM.res" 1456
"../../../Engine/Content/Internationalization/icudt64l/lang/ff_GN.res" 1457
"../../../Engine/Content/Internationalization/icudt64l/lang/ff_Latn_GN.res" 1458
"../../../Engine/Content/Internationalization/icudt64l/region/ff_GN.res" 1459
"../../../Engine/Content/Internationalization/icudt64l/region/ff_Latn_GN.res" 1460
"../../../Engine/Content/Internationalization/icudt64l/lang/ff_MR.res" 1461
"../../../Engine/Content/Internationalization/icudt64l/lang/ff_Latn_MR.res" 1462
"../../../Engine/Content/Internationalization/icudt64l/region/ff_MR.res" 1463
"../../../Engine/Content/Internationalization/icudt64l/region/ff_Latn_MR.res" 1464
"../../../Engine/Content/Internationalization/icudt64l/lang/ff_SN.res" 1465
"../../../Engine/Content/Internationalization/icudt64l/lang/ff_Latn_SN.res" 1466
"../../../Engine/Content/Internationalization/icudt64l/region/ff_SN.res" 1467
"../../../Engine/Content/Internationalization/icudt64l/region/ff_Latn_SN.res" 1468
"../../../Engine/Content/Internationalization/icudt64l/lang/fi.res" 1469
"../../../Engine/Content/Internationalization/icudt64l/region/fi.res" 1470
"../../../Engine/Content/Internationalization/icudt64l/lang/fil.res" 1471
"../../../Engine/Content/Internationalization/icudt64l/lang/fil_PH.res" 1472
"../../../Engine/Content/Internationalization/icudt64l/region/fil_PH.res" 1473
"../../../Engine/Content/Internationalization/icudt64l/region/fil.res" 1474
"../../../Engine/Content/Internationalization/icudt64l/lang/fo.res" 1475
"../../../Engine/Content/Internationalization/icudt64l/region/fo.res" 1476
"../../../Engine/Content/Internationalization/icudt64l/lang/fr.res" 1477
"../../../Engine/Content/Internationalization/icudt64l/lang/fr_BE.res" 1478
"../../../Engine/Content/Internationalization/icudt64l/region/fr_BE.res" 1479
"../../../Engine/Content/Internationalization/icudt64l/region/fr.res" 1480
"../../../Engine/Content/Internationalization/icudt64l/lang/fr_CA.res" 1481
"../../../Engine/Content/Internationalization/icudt64l/region/fr_CA.res" 1482
"../../../Engine/Content/Internationalization/icudt64l/lang/fr_CH.res" 1483
"../../../Engine/Content/Internationalization/icudt64l/lang/fur.res" 1484
"../../../Engine/Content/Internationalization/icudt64l/region/fur.res" 1485
"../../../Engine/Content/Internationalization/icudt64l/lang/fy.res" 1486
"../../../Engine/Content/Internationalization/icudt64l/region/fy.res" 1487
"../../../Engine/Content/Internationalization/icudt64l/lang/ga.res" 1488
"../../../Engine/Content/Internationalization/icudt64l/region/ga.res" 1489
"../../../Engine/Content/Internationalization/icudt64l/lang/gd.res" 1490
"../../../Engine/Content/Internationalization/icudt64l/region/gd.res" 1491
"../../../Engine/Content/Internationalization/icudt64l/lang/gl.res" 1492
"../../../Engine/Content/Internationalization/icudt64l/region/gl.res" 1493
"../../../Engine/Content/Internationalization/icudt64l/lang/gsw.res" 1494
"../../../Engine/Content/Internationalization/icudt64l/region/gsw.res" 1495
"../../../Engine/Content/Internationalization/icudt64l/lang/gu.res" 1496
"../../../Engine/Content/Internationalization/icudt64l/region/gu.res" 1497
"../../../Engine/Content/Internationalization/icudt64l/lang/guz.res" 1498
"../../../Engine/Content/Internationalization/icudt64l/region/guz.res" 1499
"../../../Engine/Content/Internationalization/icudt64l/lang/gv.res" 1500
"../../../Engine/Content/Internationalization/icudt64l/region/gv.res" 1501
"../../../Engine/Content/Internationalization/icudt64l/lang/ha.res" 1502
"../../../Engine/Content/Internationalization/icudt64l/region/ha.res" 1503
"../../../Engine/Content/Internationalization/icudt64l/lang/ha_NE.res" 1504
"../../../Engine/Content/Internationalization/icudt64l/region/ha_NE.res" 1505
"../../../Engine/Content/Internationalization/icudt64l/lang/haw.res" 1506
"../../../Engine/Content/Internationalization/icudt64l/region/haw.res" 1507
"../../../Engine/Content/Internationalization/icudt64l/lang/he.res" 1508
"../../../Engine/Content/Internationalization/icudt64l/lang/he_IL.res" 1509
"../../../Engine/Content/Internationalization/icudt64l/region/he_IL.res" 1510
"../../../Engine/Content/Internationalization/icudt64l/region/he.res" 1511
"../../../Engine/Content/Internationalization/icudt64l/lang/hi.res" 1512
"../../../Engine/Content/Internationalization/icudt64l/region/hi.res" 1513
"../../../Engine/Content/Internationalization/icudt64l/lang/hr.res" 1514
"../../../Engine/Content/Internationalization/icudt64l/region/hr.res" 1515
"../../../Engine/Content/Internationalization/icudt64l/lang/hsb.res" 1516
"../../../Engine/Content/Internationalization/icudt64l/region/hsb.res" 1517
"../../../Engine/Content/Internationalization/icudt64l/lang/hu.res" 1518
"../../../Engine/Content/Internationalization/icudt64l/region/hu.res" 1519
"../../../Engine/Content/Internationalization/icudt64l/lang/hy.res" 1520
"../../../Engine/Content/Internationalization/icudt64l/region/hy.res" 1521
"../../../Engine/Content/Internationalization/icudt64l/lang/ia.res" 1522
"../../../Engine/Content/Internationalization/icudt64l/region/ia.res" 1523
"../../../Engine/Content/Internationalization/icudt64l/lang/id.res" 1524
"../../../Engine/Content/Internationalization/icudt64l/lang/id_ID.res" 1525
"../../../Engine/Content/Internationalization/icudt64l/region/id_ID.res" 1526
"../../../Engine/Content/Internationalization/icudt64l/region/id.res" 1527
"../../../Engine/Content/Internationalization/icudt64l/lang/ig.res" 1528
"../../../Engine/Content/Internationalization/icudt64l/region/ig.res" 1529
"../../../Engine/Content/Internationalization/icudt64l/lang/ii.res" 1530
"../../../Engine/Content/Internationalization/icudt64l/region/ii.res" 1531
"../../../Engine/Content/Internationalization/icudt64l/lang/is.res" 1532
"../../../Engine/Content/Internationalization/icudt64l/region/is.res" 1533
"../../../Engine/Content/Internationalization/icudt64l/lang/it.res" 1534
"../../../Engine/Content/Internationalization/icudt64l/region/it.res" 1535
"../../../Engine/Content/Internationalization/icudt64l/lang/ja.res" 1536
"../../../Engine/Content/Internationalization/icudt64l/lang/ja_JP.res" 1537
"../../../Engine/Content/Internationalization/icudt64l/region/ja_JP.res" 1538
"../../../Engine/Content/Internationalization/icudt64l/region/ja.res" 1539
"../../../Engine/Content/Internationalization/icudt64l/lang/jgo.res" 1540
"../../../Engine/Content/Internationalization/icudt64l/region/jgo.res" 1541
"../../../Engine/Content/Internationalization/icudt64l/lang/jmc.res" 1542
"../../../Engine/Content/Internationalization/icudt64l/region/jmc.res" 1543
"../../../Engine/Content/Internationalization/icudt64l/lang/jv.res" 1544
"../../../Engine/Content/Internationalization/icudt64l/region/jv.res" 1545
"../../../Engine/Content/Internationalization/icudt64l/lang/ka.res" 1546
"../../../Engine/Content/Internationalization/icudt64l/region/ka.res" 1547
"../../../Engine/Content/Internationalization/icudt64l/lang/kab.res" 1548
"../../../Engine/Content/Internationalization/icudt64l/region/kab.res" 1549
"../../../Engine/Content/Internationalization/icudt64l/lang/kam.res" 1550
"../../../Engine/Content/Internationalization/icudt64l/region/kam.res" 1551
"../../../Engine/Content/Internationalization/icudt64l/lang/kde.res" 1552
"../../../Engine/Content/Internationalization/icudt64l/region/kde.res" 1553
"../../../Engine/Content/Internationalization/icudt64l/lang/kea.res" 1554
"../../../Engine/Content/Internationalization/icudt64l/region/kea.res" 1555
"../../../Engine/Content/Internationalization/icudt64l/lang/khq.res" 1556
"../../../Engine/Content/Internationalization/icudt64l/region/khq.res" 1557
"../../../Engine/Content/Internationalization/icudt64l/lang/ki.res" 1558
"../../../Engine/Content/Internationalization/icudt64l/region/ki.res" 1559
"../../../Engine/Content/Internationalization/icudt64l/lang/kk.res" 1560
"../../../Engine/Content/Internationalization/icudt64l/region/kk.res" 1561
"../../../Engine/Content/Internationalization/icudt64l/lang/kkj.res" 1562
"../../../Engine/Content/Internationalization/icudt64l/region/kkj.res" 1563
"../../../Engine/Content/Internationalization/icudt64l/lang/kl.res" 1564
"../../../Engine/Content/Internationalization/icudt64l/region/kl.res" 1565
"../../../Engine/Content/Internationalization/icudt64l/lang/kln.res" 1566
"../../../Engine/Content/Internationalization/icudt64l/region/kln.res" 1567
"../../../Engine/Content/Internationalization/icudt64l/lang/km.res" 1568
"../../../Engine/Content/Internationalization/icudt64l/region/km.res" 1569
"../../../Engine/Content/Internationalization/icudt64l/lang/kn.res" 1570
"../../../Engine/Content/Internationalization/icudt64l/region/kn.res" 1571
"../../../Engine/Content/Internationalization/icudt64l/region/ko_KP.res" 1572
"../../../Engine/Content/Internationalization/icudt64l/lang/kok.res" 1573
"../../../Engine/Content/Internationalization/icudt64l/region/kok.res" 1574
"../../../Engine/Content/Internationalization/icudt64l/lang/ks.res" 1575
"../../../Engine/Content/Internationalization/icudt64l/region/ks.res" 1576
"../../../Engine/Content/Internationalization/icudt64l/lang/ksb.res" 1577
"../../../Engine/Content/Internationalization/icudt64l/region/ksb.res" 1578
"../../../Engine/Content/Internationalization/icudt64l/lang/ksf.res" 1579
"../../../Engine/Content/Internationalization/icudt64l/region/ksf.res" 1580
"../../../Engine/Content/Internationalization/icudt64l/lang/ksh.res" 1581
"../../../Engine/Content/Internationalization/icudt64l/region/ksh.res" 1582
"../../../Engine/Content/Internationalization/icudt64l/lang/ku.res" 1583
"../../../Engine/Content/Internationalization/icudt64l/region/ku.res" 1584
"../../../Engine/Content/Internationalization/icudt64l/lang/kw.res" 1585
"../../../Engine/Content/Internationalization/icudt64l/region/kw.res" 1586
"../../../Engine/Content/Internationalization/icudt64l/lang/ky.res" 1587
"../../../Engine/Content/Internationalization/icudt64l/region/ky.res" 1588
"../../../Engine/Content/Internationalization/icudt64l/lang/lag.res" 1589
"../../../Engine/Content/Internationalization/icudt64l/region/lag.res" 1590
"../../../Engine/Content/Internationalization/icudt64l/lang/lb.res" 1591
"../../../Engine/Content/Internationalization/icudt64l/region/lb.res" 1592
"../../../Engine/Content/Internationalization/icudt64l/lang/lg.res" 1593
"../../../Engine/Content/Internationalization/icudt64l/region/lg.res" 1594
"../../../Engine/Content/Internationalization/icudt64l/lang/lkt.res" 1595
"../../../Engine/Content/Internationalization/icudt64l/region/lkt.res" 1596
"../../../Engine/Content/Internationalization/icudt64l/lang/ln.res" 1597
"../../../Engine/Content/Internationalization/icudt64l/region/ln.res" 1598
"../../../Engine/Content/Internationalization/icudt64l/lang/lo.res" 1599
"../../../Engine/Content/Internationalization/icudt64l/region/lo.res" 1600
"../../../Engine/Content/Internationalization/icudt64l/lang/lrc.res" 1601
"../../../Engine/Content/Internationalization/icudt64l/region/lrc.res" 1602
"../../../Engine/Content/Internationalization/icudt64l/lang/lt.res" 1603
"../../../Engine/Content/Internationalization/icudt64l/region/lt.res" 1604
"../../../Engine/Content/Internationalization/icudt64l/lang/lu.res" 1605
"../../../Engine/Content/Internationalization/icudt64l/region/lu.res" 1606
"../../../Engine/Content/Internationalization/icudt64l/lang/luo.res" 1607
"../../../Engine/Content/Internationalization/icudt64l/region/luo.res" 1608
"../../../Engine/Content/Internationalization/icudt64l/lang/luy.res" 1609
"../../../Engine/Content/Internationalization/icudt64l/region/luy.res" 1610
"../../../Engine/Content/Internationalization/icudt64l/lang/lv.res" 1611
"../../../Engine/Content/Internationalization/icudt64l/region/lv.res" 1612
"../../../Engine/Content/Internationalization/icudt64l/lang/mas.res" 1613
"../../../Engine/Content/Internationalization/icudt64l/region/mas.res" 1614
"../../../Engine/Content/Internationalization/icudt64l/lang/mer.res" 1615
"../../../Engine/Content/Internationalization/icudt64l/region/mer.res" 1616
"../../../Engine/Content/Internationalization/icudt64l/lang/mfe.res" 1617
"../../../Engine/Content/Internationalization/icudt64l/region/mfe.res" 1618
"../../../Engine/Content/Internationalization/icudt64l/lang/mg.res" 1619
"../../../Engine/Content/Internationalization/icudt64l/region/mg.res" 1620
"../../../Engine/Content/Internationalization/icudt64l/lang/mgh.res" 1621
"../../../Engine/Content/Internationalization/icudt64l/region/mgh.res" 1622
"../../../Engine/Content/Internationalization/icudt64l/lang/mgo.res" 1623
"../../../Engine/Content/Internationalization/icudt64l/region/mgo.res" 1624
"../../../Engine/Content/Internationalization/icudt64l/lang/mi.res" 1625
"../../../Engine/Content/Internationalization/icudt64l/region/mi.res" 1626
"../../../Engine/Content/Internationalization/icudt64l/lang/mk.res" 1627
"../../../Engine/Content/Internationalization/icudt64l/region/mk.res" 1628
"../../../Engine/Content/Internationalization/icudt64l/lang/ml.res" 1629
"../../../Engine/Content/Internationalization/icudt64l/region/ml.res" 1630
"../../../Engine/Content/Internationalization/icudt64l/lang/mn.res" 1631
"../../../Engine/Content/Internationalization/icudt64l/region/mn.res" 1632
"../../../Engine/Content/Internationalization/icudt64l/lang/mr.res" 1633
"../../../Engine/Content/Internationalization/icudt64l/region/mr.res" 1634
"../../../Engine/Content/Internationalization/icudt64l/lang/ms.res" 1635
"../../../Engine/Content/Internationalization/icudt64l/region/ms.res" 1636
"../../../Engine/Content/Internationalization/icudt64l/lang/mt.res" 1637
"../../../Engine/Content/Internationalization/icudt64l/region/mt.res" 1638
"../../../Engine/Content/Internationalization/icudt64l/lang/mua.res" 1639
"../../../Engine/Content/Internationalization/icudt64l/region/mua.res" 1640
"../../../Engine/Content/Internationalization/icudt64l/lang/my.res" 1641
"../../../Engine/Content/Internationalization/icudt64l/region/my.res" 1642
"../../../Engine/Content/Internationalization/icudt64l/lang/mzn.res" 1643
"../../../Engine/Content/Internationalization/icudt64l/region/mzn.res" 1644
"../../../Engine/Content/Internationalization/icudt64l/lang/naq.res" 1645
"../../../Engine/Content/Internationalization/icudt64l/region/naq.res" 1646
"../../../Engine/Content/Internationalization/icudt64l/lang/nb.res" 1647
"../../../Engine/Content/Internationalization/icudt64l/lang/nb_NO.res" 1648
"../../../Engine/Content/Internationalization/icudt64l/region/nb_NO.res" 1649
"../../../Engine/Content/Internationalization/icudt64l/region/nb.res" 1650
"../../../Engine/Content/Internationalization/icudt64l/lang/nd.res" 1651
"../../../Engine/Content/Internationalization/icudt64l/region/nd.res" 1652
"../../../Engine/Content/Internationalization/icudt64l/lang/nds.res" 1653
"../../../Engine/Content/Internationalization/icudt64l/region/nds.res" 1654
"../../../Engine/Content/Internationalization/icudt64l/lang/ne.res" 1655
"../../../Engine/Content/Internationalization/icudt64l/region/ne.res" 1656
"../../../Engine/Content/Internationalization/icudt64l/lang/nl.res" 1657
"../../../Engine/Content/Internationalization/icudt64l/region/nl.res" 1658
"../../../Engine/Content/Internationalization/icudt64l/lang/nmg.res" 1659
"../../../Engine/Content/Internationalization/icudt64l/region/nmg.res" 1660
"../../../Engine/Content/Internationalization/icudt64l/lang/nn.res" 1661
"../../../Engine/Content/Internationalization/icudt64l/lang/nn_NO.res" 1662
"../../../Engine/Content/Internationalization/icudt64l/region/nn_NO.res" 1663
"../../../Engine/Content/Internationalization/icudt64l/region/nn.res" 1664
"../../../Engine/Content/Internationalization/icudt64l/lang/nnh.res" 1665
"../../../Engine/Content/Internationalization/icudt64l/region/nnh.res" 1666
"../../../Engine/Content/Internationalization/icudt64l/lang/nus.res" 1667
"../../../Engine/Content/Internationalization/icudt64l/region/nus.res" 1668
"../../../Engine/Content/Internationalization/icudt64l/lang/nyn.res" 1669
"../../../Engine/Content/Internationalization/icudt64l/region/nyn.res" 1670
"../../../Engine/Content/Internationalization/icudt64l/lang/om.res" 1671
"../../../Engine/Content/Internationalization/icudt64l/region/om.res" 1672
"../../../Engine/Content/Internationalization/icudt64l/lang/or.res" 1673
"../../../Engine/Content/Internationalization/icudt64l/region/or.res" 1674
"../../../Engine/Content/Internationalization/icudt64l/lang/os.res" 1675
"../../../Engine/Content/Internationalization/icudt64l/region/os.res" 1676
"../../../Engine/Content/Internationalization/icudt64l/lang/pa.res" 1677
"../../../Engine/Content/Internationalization/icudt64l/lang/pa_Arab.res" 1678
"../../../Engine/Content/Internationalization/icudt64l/lang/pa_PK.res" 1679
"../../../Engine/Content/Internationalization/icudt64l/lang/pa_Arab_PK.res" 1680
"../../../Engine/Content/Internationalization/icudt64l/region/pa_PK.res" 1681
"../../../Engine/Content/Internationalization/icudt64l/region/pa_Arab_PK.res" 1682
"../../../Engine/Content/Internationalization/icudt64l/region/pa_Arab.res" 1683
"../../../Engine/Content/Internationalization/icudt64l/lang/pa_Guru.res" 1684
"../../../Engine/Content/Internationalization/icudt64l/lang/pa_IN.res" 1685
"../../../Engine/Content/Internationalization/icudt64l/lang/pa_Guru_IN.res" 1686
"../../../Engine/Content/Internationalization/icudt64l/region/pa_IN.res" 1687
"../../../Engine/Content/Internationalization/icudt64l/region/pa_Guru_IN.res" 1688
"../../../Engine/Content/Internationalization/icudt64l/region/pa_Guru.res" 1689
"../../../Engine/Content/Internationalization/icudt64l/region/pa.res" 1690
"../../../Engine/Content/Internationalization/icudt64l/lang/pl.res" 1691
"../../../Engine/Content/Internationalization/icudt64l/region/pl.res" 1692
"../../../Engine/Content/Internationalization/icudt64l/lang/ps.res" 1693
"../../../Engine/Content/Internationalization/icudt64l/region/ps.res" 1694
"../../../Engine/Content/Internationalization/icudt64l/lang/ps_PK.res" 1695
"../../../Engine/Content/Internationalization/icudt64l/region/ps_PK.res" 1696
"../../../Engine/Content/Internationalization/icudt64l/lang/pt.res" 1697
"../../../Engine/Content/Internationalization/icudt64l/lang/pt_AO.res" 1698
"../../../Engine/Content/Internationalization/icudt64l/lang/pt_PT.res" 1699
"../../../Engine/Content/Internationalization/icudt64l/region/pt_AO.res" 1700
"../../../Engine/Content/Internationalization/icudt64l/region/pt_PT.res" 1701
"../../../Engine/Content/Internationalization/icudt64l/region/pt.res" 1702
"../../../Engine/Content/Internationalization/icudt64l/lang/pt_CH.res" 1703
"../../../Engine/Content/Internationalization/icudt64l/region/pt_CH.res" 1704
"../../../Engine/Content/Internationalization/icudt64l/lang/pt_CV.res" 1705
"../../../Engine/Content/Internationalization/icudt64l/region/pt_CV.res" 1706
"../../../Engine/Content/Internationalization/icudt64l/lang/pt_GQ.res" 1707
"../../../Engine/Content/Internationalization/icudt64l/region/pt_GQ.res" 1708
"../../../Engine/Content/Internationalization/icudt64l/lang/pt_GW.res" 1709
"../../../Engine/Content/Internationalization/icudt64l/region/pt_GW.res" 1710
"../../../Engine/Content/Internationalization/icudt64l/lang/pt_LU.res" 1711
"../../../Engine/Content/Internationalization/icudt64l/region/pt_LU.res" 1712
"../../../Engine/Content/Internationalization/icudt64l/lang/pt_MO.res" 1713
"../../../Engine/Content/Internationalization/icudt64l/region/pt_MO.res" 1714
"../../../Engine/Content/Internationalization/icudt64l/lang/pt_MZ.res" 1715
"../../../Engine/Content/Internationalization/icudt64l/region/pt_MZ.res" 1716
"../../../Engine/Content/Internationalization/icudt64l/lang/pt_ST.res" 1717
"../../../Engine/Content/Internationalization/icudt64l/region/pt_ST.res" 1718
"../../../Engine/Content/Internationalization/icudt64l/lang/pt_TL.res" 1719
"../../../Engine/Content/Internationalization/icudt64l/region/pt_TL.res" 1720
"../../../Engine/Content/Internationalization/icudt64l/lang/qu.res" 1721
"../../../Engine/Content/Internationalization/icudt64l/region/qu.res" 1722
"../../../Engine/Content/Internationalization/icudt64l/lang/rm.res" 1723
"../../../Engine/Content/Internationalization/icudt64l/region/rm.res" 1724
"../../../Engine/Content/Internationalization/icudt64l/lang/rn.res" 1725
"../../../Engine/Content/Internationalization/icudt64l/region/rn.res" 1726
"../../../Engine/Content/Internationalization/icudt64l/lang/ro.res" 1727
"../../../Engine/Content/Internationalization/icudt64l/lang/ro_MD.res" 1728
"../../../Engine/Content/Internationalization/icudt64l/region/ro_MD.res" 1729
"../../../Engine/Content/Internationalization/icudt64l/region/ro.res" 1730
"../../../Engine/Content/Internationalization/icudt64l/lang/rof.res" 1731
"../../../Engine/Content/Internationalization/icudt64l/region/rof.res" 1732
"../../../Engine/Content/Internationalization/icudt64l/lang/ru.res" 1733
"../../../Engine/Content/Internationalization/icudt64l/region/ru.res" 1734
"../../../Engine/Content/Internationalization/icudt64l/region/ru_UA.res" 1735
"../../../Engine/Content/Internationalization/icudt64l/lang/rw.res" 1736
"../../../Engine/Content/Internationalization/icudt64l/region/rw.res" 1737
"../../../Engine/Content/Internationalization/icudt64l/lang/rwk.res" 1738
"../../../Engine/Content/Internationalization/icudt64l/region/rwk.res" 1739
"../../../Engine/Content/Internationalization/icudt64l/lang/sah.res" 1740
"../../../Engine/Content/Internationalization/icudt64l/region/sah.res" 1741
"../../../Engine/Content/Internationalization/icudt64l/lang/saq.res" 1742
"../../../Engine/Content/Internationalization/icudt64l/region/saq.res" 1743
"../../../Engine/Content/Internationalization/icudt64l/lang/sbp.res" 1744
"../../../Engine/Content/Internationalization/icudt64l/region/sbp.res" 1745
"../../../Engine/Content/Internationalization/icudt64l/lang/sd.res" 1746
"../../../Engine/Content/Internationalization/icudt64l/region/sd.res" 1747
"../../../Engine/Content/Internationalization/icudt64l/lang/se.res" 1748
"../../../Engine/Content/Internationalization/icudt64l/lang/se_FI.res" 1749
"../../../Engine/Content/Internationalization/icudt64l/region/se_FI.res" 1750
"../../../Engine/Content/Internationalization/icudt64l/region/se.res" 1751
"../../../Engine/Content/Internationalization/icudt64l/lang/seh.res" 1752
"../../../Engine/Content/Internationalization/icudt64l/region/seh.res" 1753
"../../../Engine/Content/Internationalization/icudt64l/lang/ses.res" 1754
"../../../Engine/Content/Internationalization/icudt64l/region/ses.res" 1755
"../../../Engine/Content/Internationalization/icudt64l/lang/sg.res" 1756
"../../../Engine/Content/Internationalization/icudt64l/region/sg.res" 1757
"../../../Engine/Content/Internationalization/icudt64l/lang/shi.res" 1758
"../../../Engine/Content/Internationalization/icudt64l/lang/shi_Latn.res" 1759
"../../../Engine/Content/Internationalization/icudt64l/lang/shi_MA.res" 1760
"../../../Engine/Content/Internationalization/icudt64l/lang/shi_Tfng_MA.res" 1761
"../../../Engine/Content/Internationalization/icudt64l/lang/shi_Tfng.res" 1762
"../../../Engine/Content/Internationalization/icudt64l/region/shi_MA.res" 1763
"../../../Engine/Content/Internationalization/icudt64l/region/shi_Tfng_MA.res" 1764
"../../../Engine/Content/Internationalization/icudt64l/region/shi_Tfng.res" 1765
"../../../Engine/Content/Internationalization/icudt64l/region/shi.res" 1766
"../../../Engine/Content/Internationalization/icudt64l/region/shi_Latn.res" 1767
"../../../Engine/Content/Internationalization/icudt64l/lang/si.res" 1768
"../../../Engine/Content/Internationalization/icudt64l/region/si.res" 1769
"../../../Engine/Content/Internationalization/icudt64l/lang/sk.res" 1770
"../../../Engine/Content/Internationalization/icudt64l/region/sk.res" 1771
"../../../Engine/Content/Internationalization/icudt64l/lang/sl.res" 1772
"../../../Engine/Content/Internationalization/icudt64l/region/sl.res" 1773
"../../../Engine/Content/Internationalization/icudt64l/lang/smn.res" 1774
"../../../Engine/Content/Internationalization/icudt64l/region/smn.res" 1775
"../../../Engine/Content/Internationalization/icudt64l/lang/sn.res" 1776
"../../../Engine/Content/Internationalization/icudt64l/region/sn.res" 1777
"../../../Engine/Content/Internationalization/icudt64l/lang/so.res" 1778
"../../../Engine/Content/Internationalization/icudt64l/region/so.res" 1779
"../../../Engine/Content/Internationalization/icudt64l/lang/sq.res" 1780
"../../../Engine/Content/Internationalization/icudt64l/region/sq.res" 1781
"../../../Engine/Content/Internationalization/icudt64l/lang/sr.res" 1782
"../../../Engine/Content/Internationalization/icudt64l/lang/sr_Cyrl.res" 1783
"../../../Engine/Content/Internationalization/icudt64l/lang/sr_BA.res" 1784
"../../../Engine/Content/Internationalization/icudt64l/lang/sr_Cyrl_BA.res" 1785
"../../../Engine/Content/Internationalization/icudt64l/region/sr_BA.res" 1786
"../../../Engine/Content/Internationalization/icudt64l/region/sr_Cyrl_BA.res" 1787
"../../../Engine/Content/Internationalization/icudt64l/region/sr_Cyrl.res" 1788
"../../../Engine/Content/Internationalization/icudt64l/region/sr.res" 1789
"../../../Engine/Content/Internationalization/icudt64l/lang/sr_ME.res" 1790
"../../../Engine/Content/Internationalization/icudt64l/lang/sr_Latn_ME.res" 1791
"../../../Engine/Content/Internationalization/icudt64l/lang/sr_Latn.res" 1792
"../../../Engine/Content/Internationalization/icudt64l/region/sr_ME.res" 1793
"../../../Engine/Content/Internationalization/icudt64l/region/sr_Latn_ME.res" 1794
"../../../Engine/Content/Internationalization/icudt64l/region/sr_Latn.res" 1795
"../../../Engine/Content/Internationalization/icudt64l/lang/sr_Cyrl_ME.res" 1796
"../../../Engine/Content/Internationalization/icudt64l/region/sr_Cyrl_ME.res" 1797
"../../../Engine/Content/Internationalization/icudt64l/lang/sr_RS.res" 1798
"../../../Engine/Content/Internationalization/icudt64l/lang/sr_Cyrl_RS.res" 1799
"../../../Engine/Content/Internationalization/icudt64l/region/sr_RS.res" 1800
"../../../Engine/Content/Internationalization/icudt64l/region/sr_Cyrl_RS.res" 1801
"../../../Engine/Content/Internationalization/icudt64l/lang/sr_XK.res" 1802
"../../../Engine/Content/Internationalization/icudt64l/lang/sr_Cyrl_XK.res" 1803
"../../../Engine/Content/Internationalization/icudt64l/region/sr_XK.res" 1804
"../../../Engine/Content/Internationalization/icudt64l/region/sr_Cyrl_XK.res" 1805
"../../../Engine/Content/Internationalization/icudt64l/lang/sr_Latn_BA.res" 1806
"../../../Engine/Content/Internationalization/icudt64l/region/sr_Latn_BA.res" 1807
"../../../Engine/Content/Internationalization/icudt64l/lang/sr_Latn_RS.res" 1808
"../../../Engine/Content/Internationalization/icudt64l/region/sr_Latn_RS.res" 1809
"../../../Engine/Content/Internationalization/icudt64l/lang/sr_Latn_XK.res" 1810
"../../../Engine/Content/Internationalization/icudt64l/region/sr_Latn_XK.res" 1811
"../../../Engine/Content/Internationalization/icudt64l/lang/sv.res" 1812
"../../../Engine/Content/Internationalization/icudt64l/region/sv.res" 1813
"../../../Engine/Content/Internationalization/icudt64l/lang/sv_FI.res" 1814
"../../../Engine/Content/Internationalization/icudt64l/lang/sw.res" 1815
"../../../Engine/Content/Internationalization/icudt64l/lang/sw_CD.res" 1816
"../../../Engine/Content/Internationalization/icudt64l/region/sw_CD.res" 1817
"../../../Engine/Content/Internationalization/icudt64l/region/sw.res" 1818
"../../../Engine/Content/Internationalization/icudt64l/lang/sw_KE.res" 1819
"../../../Engine/Content/Internationalization/icudt64l/region/sw_KE.res" 1820
"../../../Engine/Content/Internationalization/icudt64l/lang/ta.res" 1821
"../../../Engine/Content/Internationalization/icudt64l/region/ta.res" 1822
"../../../Engine/Content/Internationalization/icudt64l/lang/te.res" 1823
"../../../Engine/Content/Internationalization/icudt64l/region/te.res" 1824
"../../../Engine/Content/Internationalization/icudt64l/lang/teo.res" 1825
"../../../Engine/Content/Internationalization/icudt64l/region/teo.res" 1826
"../../../Engine/Content/Internationalization/icudt64l/lang/tg.res" 1827
"../../../Engine/Content/Internationalization/icudt64l/region/tg.res" 1828
"../../../Engine/Content/Internationalization/icudt64l/lang/th.res" 1829
"../../../Engine/Content/Internationalization/icudt64l/lang/th_TH.res" 1830
"../../../Engine/Content/Internationalization/icudt64l/region/th_TH.res" 1831
"../../../Engine/Content/Internationalization/icudt64l/region/th.res" 1832
"../../../Engine/Content/Internationalization/icudt64l/lang/ti.res" 1833
"../../../Engine/Content/Internationalization/icudt64l/region/ti.res" 1834
"../../../Engine/Content/Internationalization/icudt64l/lang/tk.res" 1835
"../../../Engine/Content/Internationalization/icudt64l/region/tk.res" 1836
"../../../Engine/Content/Internationalization/icudt64l/lang/to.res" 1837
"../../../Engine/Content/Internationalization/icudt64l/region/to.res" 1838
"../../../Engine/Content/Internationalization/icudt64l/lang/tr.res" 1839
"../../../Engine/Content/Internationalization/icudt64l/region/tr.res" 1840
"../../../Engine/Content/Internationalization/icudt64l/lang/tt.res" 1841
"../../../Engine/Content/Internationalization/icudt64l/region/tt.res" 1842
"../../../Engine/Content/Internationalization/icudt64l/lang/twq.res" 1843
"../../../Engine/Content/Internationalization/icudt64l/region/twq.res" 1844
"../../../Engine/Content/Internationalization/icudt64l/lang/tzm.res" 1845
"../../../Engine/Content/Internationalization/icudt64l/region/tzm.res" 1846
"../../../Engine/Content/Internationalization/icudt64l/lang/ug.res" 1847
"../../../Engine/Content/Internationalization/icudt64l/region/ug.res" 1848
"../../../Engine/Content/Internationalization/icudt64l/lang/uk.res" 1849
"../../../Engine/Content/Internationalization/icudt64l/region/uk.res" 1850
"../../../Engine/Content/Internationalization/icudt64l/lang/ur.res" 1851
"../../../Engine/Content/Internationalization/icudt64l/lang/ur_IN.res" 1852
"../../../Engine/Content/Internationalization/icudt64l/region/ur_IN.res" 1853
"../../../Engine/Content/Internationalization/icudt64l/region/ur.res" 1854
"../../../Engine/Content/Internationalization/icudt64l/lang/uz.res" 1855
"../../../Engine/Content/Internationalization/icudt64l/lang/uz_Arab.res" 1856
"../../../Engine/Content/Internationalization/icudt64l/lang/uz_AF.res" 1857
"../../../Engine/Content/Internationalization/icudt64l/lang/uz_Arab_AF.res" 1858
"../../../Engine/Content/Internationalization/icudt64l/region/uz_AF.res" 1859
"../../../Engine/Content/Internationalization/icudt64l/region/uz_Arab_AF.res" 1860
"../../../Engine/Content/Internationalization/icudt64l/region/uz_Arab.res" 1861
"../../../Engine/Content/Internationalization/icudt64l/lang/uz_Cyrl.res" 1862
"../../../Engine/Content/Internationalization/icudt64l/lang/uz_UZ.res" 1863
"../../../Engine/Content/Internationalization/icudt64l/lang/uz_Latn_UZ.res" 1864
"../../../Engine/Content/Internationalization/icudt64l/lang/uz_Latn.res" 1865
"../../../Engine/Content/Internationalization/icudt64l/region/uz_UZ.res" 1866
"../../../Engine/Content/Internationalization/icudt64l/region/uz_Latn_UZ.res" 1867
"../../../Engine/Content/Internationalization/icudt64l/region/uz_Latn.res" 1868
"../../../Engine/Content/Internationalization/icudt64l/region/uz.res" 1869
"../../../Engine/Content/Internationalization/icudt64l/region/uz_Cyrl.res" 1870
"../../../Engine/Content/Internationalization/icudt64l/lang/vai.res" 1871
"../../../Engine/Content/Internationalization/icudt64l/lang/vai_Latn.res" 1872
"../../../Engine/Content/Internationalization/icudt64l/lang/vai_LR.res" 1873
"../../../Engine/Content/Internationalization/icudt64l/lang/vai_Vaii_LR.res" 1874
"../../../Engine/Content/Internationalization/icudt64l/lang/vai_Vaii.res" 1875
"../../../Engine/Content/Internationalization/icudt64l/region/vai_LR.res" 1876
"../../../Engine/Content/Internationalization/icudt64l/region/vai_Vaii_LR.res" 1877
"../../../Engine/Content/Internationalization/icudt64l/region/vai_Vaii.res" 1878
"../../../Engine/Content/Internationalization/icudt64l/region/vai.res" 1879
"../../../Engine/Content/Internationalization/icudt64l/region/vai_Latn.res" 1880
"../../../Engine/Content/Internationalization/icudt64l/lang/vi.res" 1881
"../../../Engine/Content/Internationalization/icudt64l/region/vi.res" 1882
"../../../Engine/Content/Internationalization/icudt64l/lang/vun.res" 1883
"../../../Engine/Content/Internationalization/icudt64l/region/vun.res" 1884
"../../../Engine/Content/Internationalization/icudt64l/lang/wae.res" 1885
"../../../Engine/Content/Internationalization/icudt64l/region/wae.res" 1886
"../../../Engine/Content/Internationalization/icudt64l/lang/wo.res" 1887
"../../../Engine/Content/Internationalization/icudt64l/region/wo.res" 1888
"../../../Engine/Content/Internationalization/icudt64l/lang/xh.res" 1889
"../../../Engine/Content/Internationalization/icudt64l/region/xh.res" 1890
"../../../Engine/Content/Internationalization/icudt64l/lang/xog.res" 1891
"../../../Engine/Content/Internationalization/icudt64l/region/xog.res" 1892
"../../../Engine/Content/Internationalization/icudt64l/lang/yav.res" 1893
"../../../Engine/Content/Internationalization/icudt64l/region/yav.res" 1894
"../../../Engine/Content/Internationalization/icudt64l/lang/yi.res" 1895
"../../../Engine/Content/Internationalization/icudt64l/region/yi.res" 1896
"../../../Engine/Content/Internationalization/icudt64l/lang/yo.res" 1897
"../../../Engine/Content/Internationalization/icudt64l/lang/yo_BJ.res" 1898
"../../../Engine/Content/Internationalization/icudt64l/region/yo_BJ.res" 1899
"../../../Engine/Content/Internationalization/icudt64l/region/yo.res" 1900
"../../../Engine/Content/Internationalization/icudt64l/lang/yue.res" 1901
"../../../Engine/Content/Internationalization/icudt64l/lang/yue_Hans.res" 1902
"../../../Engine/Content/Internationalization/icudt64l/lang/yue_CN.res" 1903
"../../../Engine/Content/Internationalization/icudt64l/lang/yue_Hans_CN.res" 1904
"../../../Engine/Content/Internationalization/icudt64l/region/yue_CN.res" 1905
"../../../Engine/Content/Internationalization/icudt64l/region/yue_Hans_CN.res" 1906
"../../../Engine/Content/Internationalization/icudt64l/region/yue_Hans.res" 1907
"../../../Engine/Content/Internationalization/icudt64l/lang/yue_Hant.res" 1908
"../../../Engine/Content/Internationalization/icudt64l/lang/yue_HK.res" 1909
"../../../Engine/Content/Internationalization/icudt64l/lang/yue_Hant_HK.res" 1910
"../../../Engine/Content/Internationalization/icudt64l/region/yue_HK.res" 1911
"../../../Engine/Content/Internationalization/icudt64l/region/yue_Hant_HK.res" 1912
"../../../Engine/Content/Internationalization/icudt64l/region/yue_Hant.res" 1913
"../../../Engine/Content/Internationalization/icudt64l/region/yue.res" 1914
"../../../Engine/Content/Internationalization/icudt64l/lang/zgh.res" 1915
"../../../Engine/Content/Internationalization/icudt64l/region/zgh.res" 1916
"../../../Engine/Content/Internationalization/icudt64l/lang/zh.res" 1917
"../../../Engine/Content/Internationalization/icudt64l/lang/zh_Hans.res" 1918
"../../../Engine/Content/Internationalization/icudt64l/lang/zh_CN.res" 1919
"../../../Engine/Content/Internationalization/icudt64l/lang/zh_Hans_CN.res" 1920
"../../../Engine/Content/Internationalization/icudt64l/region/zh_CN.res" 1921
"../../../Engine/Content/Internationalization/icudt64l/region/zh_Hans_CN.res" 1922
"../../../Engine/Content/Internationalization/icudt64l/region/zh_Hans.res" 1923
"../../../Engine/Content/Internationalization/icudt64l/region/zh.res" 1924
"../../../Engine/Content/Internationalization/icudt64l/lang/zh_HK.res" 1925
"../../../Engine/Content/Internationalization/icudt64l/lang/zh_Hant_HK.res" 1926
"../../../Engine/Content/Internationalization/icudt64l/lang/zh_Hant.res" 1927
"../../../Engine/Content/Internationalization/icudt64l/region/zh_HK.res" 1928
"../../../Engine/Content/Internationalization/icudt64l/region/zh_Hant_HK.res" 1929
"../../../Engine/Content/Internationalization/icudt64l/region/zh_Hant.res" 1930
"../../../Engine/Content/Internationalization/icudt64l/lang/zh_MO.res" 1931
"../../../Engine/Content/Internationalization/icudt64l/lang/zh_Hant_MO.res" 1932
"../../../Engine/Content/Internationalization/icudt64l/region/zh_MO.res" 1933
"../../../Engine/Content/Internationalization/icudt64l/region/zh_Hant_MO.res" 1934
"../../../Engine/Content/Internationalization/icudt64l/lang/zh_SG.res" 1935
"../../../Engine/Content/Internationalization/icudt64l/lang/zh_Hans_SG.res" 1936
"../../../Engine/Content/Internationalization/icudt64l/region/zh_SG.res" 1937
"../../../Engine/Content/Internationalization/icudt64l/region/zh_Hans_SG.res" 1938
"../../../Engine/Content/Internationalization/icudt64l/lang/zh_TW.res" 1939
"../../../Engine/Content/Internationalization/icudt64l/lang/zh_Hant_TW.res" 1940
"../../../Engine/Content/Internationalization/icudt64l/region/zh_TW.res" 1941
"../../../Engine/Content/Internationalization/icudt64l/region/zh_Hant_TW.res" 1942
"../../../Engine/Content/Internationalization/icudt64l/lang/zu.res" 1943
"../../../Engine/Content/Internationalization/icudt64l/region/zu.res" 1944
"../../../Engine/Content/Internationalization/icudt64l/lang/no.res" 1945
"../../../Engine/Content/Internationalization/icudt64l/lang/tl.res" 1946
"../../../Engine/Config/Android/DataDrivenPlatformInfo.ini" 1947
"../../../Engine/Config/IOS/DataDrivenPlatformInfo.ini" 1948
"../../../Engine/Config/Linux/DataDrivenPlatformInfo.ini" 1949
"../../../Engine/Config/Mac/DataDrivenPlatformInfo.ini" 1950
"../../../Engine/Config/TVOS/DataDrivenPlatformInfo.ini" 1951
"../../../Engine/Config/Unix/DataDrivenPlatformInfo.ini" 1952
"../../../Engine/Config/VulkanPC/DataDrivenPlatformInfo.ini" 1953
"../../../Engine/Config/Windows/DataDrivenPlatformInfo.ini" 1954
"../../../Engine/Platforms/VisionOS/Config/DataDrivenPlatformInfo.ini" 1955
"../../../Engine/Content/Renderer/TessellationTable.bin" 1956
"../../../Engine/DerivedDataCache/Compressed.ddp" 1957
"C:/Users/jinso/AppData/Local/UnrealEngine/5.6/Saved/Zen/zen.version" 1958
"C:/Users/jinso/AppData/Local/UnrealEngine/Common/Zen/Install/zen.version" 1959
"C:/Users/jinso/AppData/Local/UnrealEngine/Common/Zen/Install/zenserver.runcontext" 1960
"C:/Users/jinso/AppData/Local/UnrealEngine/Common/DerivedDataCache/TestData/0/TestData_4kb.dat" 1961
"C:/Users/jinso/AppData/Local/UnrealEngine/Common/DerivedDataCache/TestData/1/TestData_4kb.dat" 1962
"C:/Users/jinso/AppData/Local/UnrealEngine/Common/DerivedDataCache/TestData/0/TestData_8kb.dat" 1963
"C:/Users/jinso/AppData/Local/UnrealEngine/Common/DerivedDataCache/TestData/1/TestData_8kb.dat" 1964
"C:/Users/jinso/AppData/Local/UnrealEngine/Common/DerivedDataCache/TestData/0/TestData_16kb.dat" 1965
"C:/Users/jinso/AppData/Local/UnrealEngine/Common/DerivedDataCache/TestData/1/TestData_16kb.dat" 1966
"C:/Users/jinso/AppData/Local/UnrealEngine/Common/DerivedDataCache/TestData/0/TestData_64kb.dat" 1967
"C:/Users/jinso/AppData/Local/UnrealEngine/Common/DerivedDataCache/TestData/1/TestData_64kb.dat" 1968
"C:/Users/jinso/AppData/Local/UnrealEngine/Common/DerivedDataCache/TestData/0/TestData_128kb.dat" 1969
"C:/Users/jinso/AppData/Local/UnrealEngine/Common/DerivedDataCache/TestData/1/TestData_128kb.dat" 1970
"C:/Users/jinso/AppData/Local/UnrealEngine/Common/DerivedDataCache/TestData/0/TestData_256kb.dat" 1971
"C:/Users/jinso/AppData/Local/UnrealEngine/Common/DerivedDataCache/TestData/1/TestData_256kb.dat" 1972
"C:/Users/jinso/AppData/Roaming/Unreal Engine/UnrealBuildTool/BuildConfiguration.xml" 1973
"../../../../../../Users/jinso/Documents/GitHub/Flip_Side/Intermediate/ShaderAutogen/PCD3D_SM6/AutogenShaderHeaders.ush" 1974
"../../../Engine/Shaders/Private/HairStrands/HairStrandsVertexFactory.ush" 1975
"../../../Engine/Shaders/Private/VertexFactoryCommon.ush" 1976
"../../../Engine/Shaders/Private/Common.ush" 1977
"../../../Engine/Shaders/Public/Platform.ush" 1978
"../../../Engine/Shaders/Public/FP16Math.ush" 1979
"../../../Engine/Shaders/Public/Platform/D3D/D3DCommon.ush" 1980
"../../../Engine/Shaders/Shared/HLSLReservedSpaces.h" 1981
"../../../Engine/Shaders/Public/BindlessResources.ush" 1982
"../../../Engine/Shaders/Public/Platform/D3D/PlatformBindlessResources.ush" 1983
"../../../Engine/Shaders/Shared/RayTracingBuiltInResources.h" 1984
"../../../Engine/Shaders/Shared/RayTracingDefinitions.h" 1985
"../../../Engine/Shaders/Public/OverloadMacros.ush" 1986
"../../../Engine/Shaders/Public/ShaderVersion.ush" 1987
"../../../Engine/Shaders/Shared/ThirdParty/NVIDIA/nvHLSLExtns.h" 1988
"../../../Engine/Shaders/Shared/ThirdParty/NVIDIA/nvHLSLExtnsInternal.h" 1989
"../../../Engine/Shaders/Shared/ThirdParty/NVIDIA/nvShaderExtnEnums.h" 1990
"../../../Engine/Shaders/Private/PackUnpack.ush" 1991
"../../../Engine/Shaders/Private/GeneratedUniformBufferTypes.ush" 1992
"../../../Engine/Shaders/Private/Nanite/NanitePackedNaniteView.ush" 1993
"../../../Engine/Shaders/Private/HairStrands/HairStrandsVisibilityCommonStruct.ush" 1994
"../../../Engine/Shaders/Private/HairStrands/HairStrandsVoxelPageCommonStruct.ush" 1995
"../../../Engine/Shaders/Private/HairStrands/HairStrandsDeepShadowCommonStruct.ush" 1996
"../../../Engine/Shaders/Shared/LightSceneData.h" 1997
"../../../Engine/Shaders/Shared/HLSLTypeAliases.h" 1998
"../../../Engine/Shaders/Private/LargeWorldCoordinates.ush" 1999
"../../../Engine/Shaders/Private/DoubleFloat.ush" 2000
"../../../Engine/Shaders/Private/RandomPCG.ush" 2001
"../../../Engine/Shaders/Private/DoubleFloatOperations.ush" 2002
"../../../Engine/Shaders/Private/DoubleFloatVectorDefinition.ush" 2003
"../../../Engine/Shaders/Private/LWCOperations.ush" 2004
"../../../Engine/Shaders/Shared/LightViewData.h" 2005
"../../../Engine/Shaders/Shared/RayTracingTypes.h" 2006
"../../../Engine/Shaders/Shared/HLSLStaticAssert.h" 2007
"../../../Engine/Shaders/Private/CommonViewUniformBuffer.ush" 2008
"../../../Engine/Shaders/Private/InstancedStereo.ush" 2009
"../../../Engine/Shaders/Private/Definitions.usf" 2010
"../../../Engine/Shaders/Private/AssertionMacros.ush" 2011
"../../../Engine/Shaders/Private/FastMath.ush" 2012
"../../../Engine/Shaders/Private/FastMathThirdParty.ush" 2013
"../../../Engine/Shaders/Private/Random.ush" 2014
"../../../Engine/Shaders/Private/RandomInterleavedGradientNoise.ush" 2015
"../../../Engine/Shaders/Private/SceneData.ush" 2016
"../../../Engine/Shaders/Private/OctahedralCommon.ush" 2017
"../../../Engine/Shaders/Private/WaveOpUtil.ush" 2018
"../../../Engine/Shaders/Private/ByteBuffer.ush" 2019
"../../../Engine/Shaders/Shared/SceneDefinitions.h" 2020
"../../../Engine/Shaders/Private/SceneDataMobileLoader.ush" 2021
"../../../Engine/Shaders/Private/LocalVertexFactoryCommon.ush" 2022
"../../../Engine/Shaders/Private/HairStrands/HairStrandsVisibilityCommon.ush" 2023
"../../../Engine/Shaders/Shared/HairStrandsDefinitions.h" 2024
"../../../Engine/Shaders/Private/HairStrands/HairStrandsVertexFactoryCommon.ush" 2025
"../../../Engine/Shaders/Private/HairStrands/HairStrandsPack.ush" 2026
"../../../Engine/Shaders/Private/HairStrands/HairStrandsAttributeCommon.ush" 2027
"../../../Engine/Shaders/Private/HairStrands/HairStrandsAttributeTemplate.ush" 2028
"../../../Engine/Shaders/Private/VertexFactoryDefaultInterface.ush" 2029
"../../../Engine/Shaders/Private/HairStrands/HairCardsVertexFactory.ush" 2030
"../../../Engine/Shaders/Private/HairStrands/HairCardsAttributeCommon.ush" 2031
"../../../Engine/Shaders/Private/RayTracing/RayTracingCommon.ush" 2032
"../../../Engine/Shaders/Private/ShadingCommon.ush" 2033
"../../../Engine/Shaders/Shared/RayTracingPayloadType.h" 2034
"../../../Engine/Shaders/Private/RayTracing/RayTracingRayCone.ush" 2035
"../../../Engine/Shaders/Private/Substrate/Substrate.ush" 2036
"../../../Engine/Shaders/Private/ShadingEnergyConservation.ush" 2037
"../../../Engine/Shaders/Private/ShadingEnergyConservationTemplate.ush" 2038
"../../../Engine/Shaders/Private/BRDF.ush" 2039
"../../../Engine/Shaders/Private/ColorSpace.ush" 2040
"../../../Engine/Shaders/Private/DeferredShadingCommon.ush" 2041
"../../../Engine/Shaders/Private/LightAccumulator.ush" 2042
"../../../Engine/Shaders/Private/SceneTexturesCommon.ush" 2043
"../../../Engine/Shaders/Private/MonteCarlo.ush" 2044
"../../../Engine/Shaders/Private/GBufferHelpers.ush" 2045
"../../../Engine/Shaders/Private/SceneTextureParameters.ush" 2046
"C:/Users/jinso/Documents/GitHub/Flip_Side/Intermediate/ShaderAutogen/PCD3D_SM6/AutogenShaderHeaders.ush" 2047
"../../../Engine/Shaders/Private/ParticipatingMediaCommon.ush" 2048
"../../../Engine/Shaders/Private/ThinFilmBSDF.ush" 2049
"../../../Engine/Shaders/Private/MortonCode.ush" 2050
"../../../Engine/Shaders/Private/SubsurfaceProfileCommon.ush" 2051
"../../../Engine/Shaders/Private/BurleyNormalizedSSSCommon.ush" 2052
"../../../Engine/Shaders/Private/GammaCorrectionCommon.ush" 2053
"../../../Engine/Shaders/Shared/SubstrateDefinitions.h" 2054
"../../../Engine/Shaders/Private/Substrate/SubstrateStatisticalOperators.ush" 2055
"../../../Engine/Shaders/Private/Substrate/SubstrateSubsurface.ush" 2056
"../../../Engine/Shaders/Private/TransmissionCommon.ush" 2057
"../../../Engine/Shaders/Private/Substrate/SubstrateExportCommon.ush" 2058
"../../../Engine/Shaders/Private/SpecularProfileCommon.ush" 2059
"../../../Engine/Shaders/Private/RayTracing/RayTracingCommonMetal.ush" 2060
"../../../Engine/Shaders/Private/PositionReconstructionCommon.ush" 2061
"../../../Engine/Shaders/Private/RayTracing/TraceRayInline.ush" 2062
"../../../Engine/Shaders/Private/RayTracing/TraceRayInlineCommon.ush" 2063
"../../../Engine/Shaders/Private/RayTracing/TraceRayInlineVulkan.ush" 2064
"../../../Engine/Shaders/Private/RayTracing/TraceRayInlineMetal.ush" 2065
"../../../Engine/Shaders/Private/RayTracing/TraceRayInlineD3D12.ush" 2066
"../../../Engine/Shaders/Private/RayTracing/RayTracingHitGroupCommon.ush" 2067
"../../../Engine/Shaders/Private/Nanite/NaniteRayTrace.ush" 2068
"../../../Engine/Shaders/Private/Nanite/NaniteDataDecode.ush" 2069
"../../../Engine/Shaders/Private/BitPacking.ush" 2070
"../../../Engine/Shaders/Private/BitStreamReaderImplementation.ush" 2071
"../../../Engine/Shaders/Private/BoneTransform.ush" 2072
"../../../Engine/Shaders/Private/Quaternion.ush" 2073
"../../../Engine/Shaders/Shared/NaniteDefinitions.h" 2074
"../../../Engine/Shaders/Shared/SkinningDefinitions.h" 2075
"../../../Engine/Shaders/Private/Nanite/NaniteAttributeDecode.ush" 2076
"../../../Engine/Shaders/Private/Barycentrics.ush" 2077
"../../../Engine/Shaders/Private/DualNumber.ush" 2078
"../../../Engine/Shaders/Shared/ThirdParty/RayTriangleIntersection.h" 2079
"../../../Engine/Shaders/Private/Nanite/NaniteVertexFetch.ush" 2080
"../../../Engine/Shaders/Private/Nanite/NaniteSceneCommon.ush" 2081
"../../../Engine/Plugins/FX/Niagara/Shaders/Private/NiagaraSpriteVertexFactory.ush" 2082
"../../../Engine/Shaders/Private/ParticleVertexFactoryCommon.ush" 2083
"../../../Engine/Plugins/FX/Niagara/Shaders/Private/NiagaraVFCommon.usf" 2084
"../../../Engine/Plugins/FX/Niagara/Shaders/Private/NiagaraVFParticleAccess.usf" 2085
"../../../Engine/Plugins/FX/Niagara/Shaders/Private/NiagaraParticleAccess.ush" 2086
"../../../Engine/Plugins/FX/Niagara/Shaders/Private/NiagaraRibbonVertexFactory.ush" 2087
"../../../Engine/Plugins/FX/Niagara/Shaders/Private/NiagaraMeshVertexFactory.ush" 2088
"../../../Engine/Plugins/FX/Niagara/Shaders/Private/NiagaraCommon.ush" 2089
"../../../Engine/Plugins/FX/Niagara/Shaders/Private/NiagaraMeshParticleUtils.ush" 2090
"../../../Engine/Shaders/Private/VectorFieldVisualizationVertexFactory.ush" 2091
"../../../Engine/Shaders/Private/Nanite/NaniteVertexFactory.ush" 2092
"../../../Engine/Shaders/Private/LightmapData.ush" 2093
"../../../Engine/Shaders/Private/SplineMeshCommon.ush" 2094
"../../../Engine/Shaders/Shared/SplineMeshShaderParams.h" 2095
"../../../Engine/Shaders/Private/ShaderPrint.ush" 2096
"../../../Engine/Shaders/Private/ShaderPrintCommon.ush" 2097
"../../../Engine/Shaders/Private/MiniFontCommon.ush" 2098
"../../../Engine/Shaders/Private/MaterialCache/MaterialCacheCommon.ush" 2099
"../../../Engine/Shaders/Shared/MaterialCacheDefinitions.h" 2100
"../../../Engine/Shaders/Private/Nanite/NaniteVertexDeformation.ush" 2101
"../../../Engine/Shaders/Private/ViewData.ush" 2102
"../../../Engine/Shaders/Shared/ViewDefinitions.h" 2103
"../../../Engine/Shaders/Private/Matrices.ush" 2104
"../../../Engine/Shaders/Private/ParticleSpriteVertexFactory.ush" 2105
"../../../Engine/Shaders/Private/ParticleGPUSpriteVertexFactory.ush" 2106
"../../../Engine/Shaders/Private/ParticleSimulationCommon.ush" 2107
"../../../Engine/Shaders/Private/ParticleBeamTrailVertexFactory.ush" 2108
"../../../Engine/Shaders/Private/MeshParticleVertexFactory.ush" 2109
"../../../Engine/Shaders/Private/LocalVertexFactory.ush" 2110
"../../../Engine/Shaders/Private/GpuSkinCommon.ush" 2111
"../../../Engine/Shaders/Private/GpuSkinVertexFactory.ush" 2112
"../../../Engine/Shaders/Private/GeometryCollectionVertexFactory.ush" 2113
"../../../Engine/Shaders/Private/GeometryCacheVertexFactory.ush" 2114
"../../../Engine/Shaders/Private/LandscapeVertexFactory.ush" 2115
"../../../Engine/Plugins/Experimental/Compositing/CompositeCore/Shaders/Private/CompositeCoreMerge.usf" 2116
"../../../Engine/Shaders/Private/ScreenPass.ush" 2117
"../../../Engine/Shaders/Private/LensDistortion.ush" 2118
"../../../Engine/Plugins/Experimental/Compositing/CompositeCore/Shaders/Private/CompositeCoreDisplayTransform.usf" 2119
"../../../Engine/Plugins/Experimental/Compositing/CompositeCore/Shaders/Private/CompositeCoreDilate.usf" 2120
"../../../Engine/Plugins/VirtualProduction/CameraCalibrationCore/Shaders/Private/CrosshairOverlay.usf" 2121
"../../../Engine/Plugins/VirtualProduction/CameraCalibrationCore/Shaders/Private/DisplacementMapBlending.usf" 2122
"../../../Engine/Plugins/VirtualProduction/CameraCalibrationCore/Shaders/Private/RecenterSTDisplacementMaps.usf" 2123
"../../../Engine/Plugins/VirtualProduction/CameraCalibrationCore/Shaders/Private/FillSTDisplacementMap.usf" 2124
"../../../Engine/Plugins/VirtualProduction/CameraCalibrationCore/Shaders/Private/InvertDisplacementMap.usf" 2125
"../../../Engine/Plugins/VirtualProduction/CameraCalibrationCore/Shaders/Private/CropDisplacementMap.usf" 2126
"../../../Engine/Plugins/VirtualProduction/CameraCalibrationCore/Shaders/Private/BlendDisplacementMaps.usf" 2127
"../../../Engine/Plugins/VirtualProduction/CameraCalibrationCore/Shaders/Private/DrawDisplacementMaps.usf" 2128
"../../../Engine/Plugins/VirtualProduction/CameraCalibrationCore/Shaders/Private/UndistortImagePoints.usf" 2129
"../../../Engine/Plugins/VirtualProduction/CameraCalibrationCore/Shaders/Private/DistortionSTMapProcessor.usf" 2130
"../../../Engine/Plugins/Experimental/NFORDenoise/Shaders/NFORDenoise.usf" 2131
"../../../Engine/Plugins/Experimental/NFORDenoise/Shaders/NFORRegressionCommon.ush" 2132
"../../../Engine/Plugins/Experimental/NFORDenoise/Shaders/NFORRegression.ush" 2133
"../../../Engine/Plugins/Runtime/HairStrands/Shaders/Private/NiagaraCopyVelocityGrid.usf" 2134
"../../../Engine/Plugins/Runtime/HairStrands/Shaders/Private/NiagaraClearVelocityGrid.usf" 2135
"../../../Engine/Plugins/Runtime/HairStrands/Shaders/Private/NiagaraClearPressureGrid.usf" 2136
"../../../Engine/Plugins/Runtime/HairStrands/Shaders/Private/NiagaraInterpolateGroomGuides.usf" 2137
"../../../Engine/Plugins/Runtime/HairStrands/Shaders/Private/NiagaraGroomInterpolationUtils.ush" 2138
"../../../Engine/Plugins/FX/Niagara/Shaders/Private/NiagaraQuaternionUtils.ush" 2139
"../../../Engine/Shaders/Private/HairStrands/HairStrandsMesh.usf" 2140
"../../../Engine/Shaders/Private/HairStrands/HairStrandsBindingCommon.ush" 2141
"../../../Engine/Shaders/Private/HairStrands/HairStrandsFollicleMask.usf" 2142
"../../../Engine/Shaders/Private/HairStrands/HairStrandsSkinUpdate.usf" 2143
"../../../Engine/Shaders/Private/HairStrands/HairStrandsClusterCulling.usf" 2144
"../../../Engine/Shaders/Private/ColorMap.ush" 2145
"../../../Engine/Shaders/Private/HairStrands/HairStrandsAABBCommon.ush" 2146
"../../../Engine/Shaders/Private/HairStrands/HairStrandsClusterCommon.ush" 2147
"../../../Engine/Shaders/Private/ThreadGroupPrefixSum.ush" 2148
"../../../Engine/Shaders/Private/HairStrands/HairStrandsRaytracingGeometry.usf" 2149
"../../../Engine/Shaders/Private/HairStrands/HairStrandsTangent.usf" 2150
"../../../Engine/Shaders/Private/HairStrands/HairCardsDeformation.usf" 2151
"../../../Engine/Shaders/Private/HairStrands/HairStrandsInterpolation.usf" 2152
"../../../Engine/Shaders/Private/HairStrands/HairStrandsGuideDeform.usf" 2153
"../../../Engine/Shaders/Private/HairStrands/HairStrandsTexturesGeneration.usf" 2154
"../../../Engine/Shaders/Private/HairStrands/HairCardsTextureCommon.ush" 2155
"../../../Engine/Shaders/Private/HairStrands/HairStrandsTranscode.usf" 2156
"../../../Engine/Shaders/Private/HairStrands/HairStrandsDebug.usf" 2157
"../../../Engine/Shaders/Private/HairShadingCommon.ush" 2158
"../../../Engine/Shaders/Private/PostProcessCommon.ush" 2159
"../../../Engine/Shaders/Private/ShadingModels.ush" 2160
"../../../Engine/Shaders/Private/CapsuleLight.ush" 2161
"../../../Engine/Shaders/Private/RectLight.ush" 2162
"../../../Engine/Shaders/Private/LightData.ush" 2163
"../../../Engine/Shaders/Shared/LightDefinitions.h" 2164
"../../../Engine/Shaders/Private/AreaLightCommon.ush" 2165
"../../../Engine/Shaders/Private/HairBsdf.ush" 2166
"../../../Engine/Shaders/Private/MobileGGX.ush" 2167
"../../../Engine/Shaders/Private/HairStrands/HairStrandsCommon.ush" 2168
"../../../Engine/Shaders/Private/HairStrands/HairStrandsEnvironmentLightingCommon.ush" 2169
"../../../Engine/Shaders/Private/HairStrands/HairStrandsDeepTransmittanceCommon.ush" 2170
"../../../Engine/Shaders/Private/HairStrands/HairStrandsDeepTransmittanceDualScattering.ush" 2171
"../../../Engine/Shaders/Private/HairStrands/HairStrandsDeepShadowCommon.ush" 2172
"../../../Engine/Shaders/Private/HairStrands/HairStrandsDebugCommonStruct.ush" 2173
"../../../Engine/Plugins/Runtime/ComputeFramework/Shaders/Private/ComputeKernel.usf" 2174
"../../../Engine/Plugins/Runtime/ComputeFramework/Shaders/Private/ComputeKernelCommon.ush" 2175
"../../../Engine/Plugins/NNE/NNEDenoiser/Shaders/NNEDenoiserShadersTransferFunctionOidn.usf" 2176
"../../../Engine/Plugins/NNE/NNEDenoiser/Shaders/NNEDenoiserShadersMappedCopy.usf" 2177
"../../../Engine/Plugins/NNE/NNEDenoiser/Shaders/NNEDenoiserShadersDefaultIOProcess.usf" 2178
"../../../Engine/Plugins/NNE/NNEDenoiser/Shaders/NNEDenoiserShadersAutoExposureReduceFinal.usf" 2179
"../../../Engine/Plugins/NNE/NNEDenoiser/Shaders/NNEDenoiserShadersAutoExposureReduce.usf" 2180
"../../../Engine/Plugins/NNE/NNEDenoiser/Shaders/NNEDenoiserShadersAutoExposureDownsample.usf" 2181
"../../../Engine/Plugins/Media/WmfMedia/Shaders/Private/MediaHardwareVideoDecoding.usf" 2182
"../../../Engine/Shaders/Private/ColorUtils.ush" 2183
"../../../Engine/Plugins/Media/ImgMedia/Shaders/Private/ExrSwizzler.usf" 2184
"../../../Engine/Plugins/Enterprise/GLTFExporter/Shaders/Private/SimpleTexture2DPS.usf" 2185
"../../../Engine/Shaders/Private/SimpleElementNormalMapPixelShader.usf" 2186
"../../../Engine/Plugins/FX/Niagara/Shaders/Private/NiagaraVertexFactoryExport.usf" 2187
"../../../Engine/Shaders/Private/ComputeShaderUtils.ush" 2188
"../../../Engine/Shaders/Private/MaterialTemplate.ush" 2189
"../../../Engine/Shaders/Private/WorldSpaceMath.ush" 2190
"../../../Engine/Shaders/Private/EyeAdaptationCommon.ush" 2191
"../../../Engine/Shaders/Private/SobolRandom.ush" 2192
"../../../Engine/Shaders/Private/DepthOfFieldCommon.ush" 2193
"../../../Engine/Shaders/Private/CircleDOFCommon.ush" 2194
"../../../Engine/Shaders/Private/DistanceField/GlobalDistanceFieldShared.ush" 2195
"../../../Engine/Shaders/Private/PhysicsFieldSampler.ush" 2196
"../../../Engine/Shaders/Private/PhysicsFieldShared.ush" 2197
"../../../Engine/Shaders/Private/SparseVolumeTexture/SparseVolumeTextureCommon.ush" 2198
"../../../Engine/Shaders/Shared/EnvironmentComponentsFlags.h" 2199
"../../../Engine/Shaders/Private/MeshPaintTextureCommon.ush" 2200
"../../../Engine/Shaders/Private/VirtualTextureMaterial.ush" 2201
"../../../Engine/Shaders/Private/MaterialCache/MaterialCacheMaterialCommon.ush" 2202
"../../../Engine/Shaders/Private/MaterialCache/MaterialCacheABuffer.ush" 2203
"../../../Engine/Shaders/Private/SpeedTreeCommon.ush" 2204
"../../../Engine/Shaders/Private/VirtualTextureCommon.ush" 2205
"../../../Engine/Shaders/Private/MaterialTexture.ush" 2206
"../../../Engine/Shaders/Private/MinMaterialTexCoords.ush" 2207
"../../../Engine/Shaders/Private/SkyAtmosphereCommon.ush" 2208
"../../../Engine/Shaders/Private/SingleLayerWaterCommon.ush" 2209
"../../../Engine/Shaders/Private/TextureSampling.ush" 2210
"../../../Engine/Shaders/Private/PaniniProjection.ush" 2211
"../../../Engine/Shaders/Private/DBufferNormalReprojection.ush" 2212
"../../../Engine/Shaders/Public/SubstratePublic.ush" 2213
"../../../Engine/Shaders/Private/Substrate/SubstrateTree.ush" 2214
"../../../Engine/Shaders/Private/Substrate/SubstrateEvaluation.ush" 2215
"../../../Engine/Shaders/Private/Substrate/Glint/GlintThirdParty.ush" 2216
"../../../Engine/Shaders/Private/BlueNoise.ush" 2217
"../../../Engine/Shaders/Private/SHCommon.ush" 2218
"../../../Engine/Shaders/Private/ShadingModelsSampling.ush" 2219
"../../../Engine/Shaders/Private/HairStrands/HairBsdfSample.ush" 2220
"../../../Engine/Shaders/Private/Substrate/SubstrateLegacyConversion.ush" 2221
"../../../Engine/Shaders/Private/DBufferDecalShared.ush" 2222
"../../../Engine/Plugins/FX/Niagara/Shaders/Private/NiagaraSortKeyGen.usf" 2223
"../../../Engine/Plugins/FX/Niagara/Shaders/Private/NiagaraGPURayTracingTransforms.usf" 2224
"../../../Engine/Plugins/FX/Niagara/Shaders/Private/NiagaraDrawIndirectArgsGen.usf" 2225
"../../../Engine/Plugins/FX/Niagara/Shaders/Private/NiagaraDispatchIndirectArgsGen.usf" 2226
"../../../Engine/Plugins/FX/Niagara/Shaders/Private/Stateless/NiagaraStatelessSimulationDefault.usf" 2227
"../../../Engine/Plugins/FX/Niagara/Shaders/Private/Stateless/NiagaraStatelessSimulationTemplate.ush" 2228
"../../../Engine/Plugins/FX/Niagara/Shaders/Private/Stateless/NiagaraStatelessCommon.ush" 2229
"../../../Engine/Plugins/FX/Niagara/Shaders/Shared/NiagaraStatelessDefinitions.h" 2230
"../../../Engine/Plugins/FX/Niagara/Shaders/Shared/NiagaraStatelessBuiltDistribution.h" 2231
"../../../Engine/Plugins/FX/Niagara/Shaders/Private/Stateless/NiagaraStatelessDistribution.ush" 2232
"../../../Engine/Plugins/FX/Niagara/Shaders/Private/Stateless/Modules/NiagaraStatelessModule_CalculateAccurateVelocity.ush" 2233
"../../../Engine/Plugins/FX/Niagara/Shaders/Private/Stateless/Modules/NiagaraStatelessModule_CameraOffset.ush" 2234
"../../../Engine/Plugins/FX/Niagara/Shaders/Private/Stateless/Modules/NiagaraStatelessModule_DynamicMaterialParameters.ush" 2235
"../../../Engine/Plugins/FX/Niagara/Shaders/Private/Stateless/Modules/NiagaraStatelessModule_InitializeParticle.ush" 2236
"../../../Engine/Plugins/FX/Niagara/Shaders/Private/Stateless/Modules/NiagaraStatelessModule_InitialMeshOrientation.ush" 2237
"../../../Engine/Plugins/FX/Niagara/Shaders/Private/Stateless/Modules/NiagaraStatelessModule_MeshIndex.ush" 2238
"../../../Engine/Plugins/FX/Niagara/Shaders/Private/Stateless/Modules/NiagaraStatelessModule_MeshRotationRate.ush" 2239
"../../../Engine/Plugins/FX/Niagara/Shaders/Private/Stateless/Modules/NiagaraStatelessModule_RotateAroundPoint.ush" 2240
"../../../Engine/Plugins/FX/Niagara/Shaders/Private/Stateless/Modules/NiagaraStatelessModule_ShapeLocation.ush" 2241
"../../../Engine/Plugins/FX/Niagara/Shaders/Private/Stateless/Modules/NiagaraStatelessModule_ScaleColor.ush" 2242
"../../../Engine/Plugins/FX/Niagara/Shaders/Private/Stateless/Modules/NiagaraStatelessModule_ScaleRibbonWidth.ush" 2243
"../../../Engine/Plugins/FX/Niagara/Shaders/Private/Stateless/Modules/NiagaraStatelessModule_ScaleSpriteSize.ush" 2244
"../../../Engine/Plugins/FX/Niagara/Shaders/Private/Stateless/Modules/NiagaraStatelessModule_ScaleSpriteSizeBySpeed.ush" 2245
"../../../Engine/Plugins/FX/Niagara/Shaders/Private/Stateless/Modules/NiagaraStatelessModule_ScaleMeshSize.ush" 2246
"../../../Engine/Plugins/FX/Niagara/Shaders/Private/Stateless/Modules/NiagaraStatelessModule_ScaleMeshSizebySpeed.ush" 2247
"../../../Engine/Plugins/FX/Niagara/Shaders/Private/Stateless/Modules/NiagaraStatelessModule_SolveVelocitiesAndForces.ush" 2248
"../../../Engine/Plugins/FX/Niagara/Shaders/Private/Stateless/Modules/NiagaraStatelessModule_SpriteFacingAndAlignment.ush" 2249
"../../../Engine/Plugins/FX/Niagara/Shaders/Private/Stateless/Modules/NiagaraStatelessModule_SpriteRotationRate.ush" 2250
"../../../Engine/Plugins/FX/Niagara/Shaders/Private/Stateless/Modules/NiagaraStatelessModule_SubUVAnimation.ush" 2251
"../../../Engine/Plugins/FX/Niagara/Shaders/Private/NiagaraBlendSVTsToDenseBuffer.usf" 2252
"../../../Engine/Plugins/FX/Niagara/Shaders/Private/NiagaraSVTToDenseBuffer.usf" 2253
"../../../Engine/Plugins/FX/Niagara/Shaders/Private/NiagaraFillIntBuffer.usf" 2254
"../../../Engine/Plugins/FX/Niagara/Shaders/Private/NiagaraComputeFreeIDs.usf" 2255
"../../../Engine/Plugins/FX/Niagara/Shaders/Private/NiagaraInitFreeIDBuffer.usf" 2256
"../../../Engine/Plugins/FX/Niagara/Shaders/Private/NiagaraEmitterInstanceShader.usf" 2257
"../../../Engine/Plugins/FX/Niagara/Shaders/Private/NiagaraShaderVersion.ush" 2258
"../../../Engine/Plugins/FX/Niagara/Shaders/Private/NiagaraPhysicsCommon.ush" 2259
"../../../Engine/Plugins/FX/Niagara/Shaders/Private/Ribbons/NiagaraRibbonAggregationApply.usf" 2260
"../../../Engine/Plugins/FX/Niagara/Shaders/Private/Ribbons/NiagaraRibbonCommon.ush" 2261
"../../../Engine/Plugins/FX/Niagara/Shaders/Private/Ribbons/NiagaraRibbonAggregationStep.usf" 2262
"../../../Engine/Plugins/FX/Niagara/Shaders/Private/Ribbons/NiagaraRibbonGenerateIndices.usf" 2263
"../../../Engine/Plugins/FX/Niagara/Shaders/Private/Ribbons/NiagaraRibbonInitializeIndices.usf" 2264
"../../../Engine/Plugins/FX/Niagara/Shaders/Private/Ribbons/NiagaraRibbonRibbonUVParamCalculation.usf" 2265
"../../../Engine/Plugins/FX/Niagara/Shaders/Private/Ribbons/NiagaraRibbonVertexReductionFinalization.usf" 2266
"../../../Engine/Plugins/FX/Niagara/Shaders/Private/Ribbons/NiagaraRibbonVertexReductionInitialization.usf" 2267
"../../../Engine/Plugins/FX/Niagara/Shaders/Private/Ribbons/NiagaraRibbonSortParticles.usf" 2268
"../../../Engine/Plugins/FX/Niagara/Shaders/Private/NiagaraLWCHelper.usf" 2269
"../../../Engine/Plugins/FX/Niagara/Shaders/Private/NiagaraUpdateMeshGPUSceneInstances.usf" 2270
"../../../Engine/Shaders/Private/GPUScene/GPUSceneWriter.ush" 2271
"../../../Engine/Plugins/FX/Niagara/Shaders/Private/NiagaraGenerateMips.usf" 2272
"../../../Engine/Plugins/FX/Niagara/Shaders/Private/NiagaraDebugDraw.usf" 2273
"../../../Engine/Plugins/FX/Niagara/Shaders/Private/NiagaraDebugDraw.ush" 2274
"../../../Engine/Plugins/FX/Niagara/Shaders/Private/NiagaraVisualizeTexture.usf" 2275
"../../../Engine/Plugins/FX/Niagara/Shaders/Private/NiagaraClearCounts.usf" 2276
"../../../Engine/Plugins/FX/Niagara/Shaders/Private/NiagaraBatchedElements.usf" 2277
"../../../Engine/Plugins/FX/Niagara/Shaders/Private/NiagaraRayTracingShaders.usf" 2278
"../../../Engine/Plugins/FX/Niagara/Shaders/Private/NiagaraAsyncGpuTraceCommon.ush" 2279
"../../../Engine/Shaders/Private/HashTable.ush" 2280
"../../../Engine/Shaders/Private/Hash.ush" 2281
"../../../Engine/Shaders/Private/RayTracing/VFXTraceRay.ush" 2282
"../../../Engine/Plugins/FX/Niagara/Shaders/Private/NiagaraRayMarchingShaders.usf" 2283
"../../../Engine/Plugins/FX/Niagara/Shaders/Private/NiagaraRayTraceCollisionGroupShaders.usf" 2284
"../../../Engine/Plugins/FX/Niagara/Shaders/Private/NiagaraAsyncGpuTraceUtils.usf" 2285
"../../../Engine/Shaders/Private/VirtualTextureAdapter.usf" 2286
"../../../Engine/Shaders/Private/BlockCompressionCommon.ush" 2287
"../../../Engine/Shaders/Private/BCCompressionCommon.ush" 2288
"../../../Engine/Shaders/Private/TranslucentLightingShaders.usf" 2289
"../../../Engine/Shaders/Private/CubemapCommon.ush" 2290
"../../../Engine/Shaders/Private/VectorFieldCompositeShaders.usf" 2291
"../../../Engine/Shaders/Private/UpdateTextureShaders.usf" 2292
"../../../Engine/Shaders/Private/StereoLayerShader.usf" 2293
"../../../Engine/Shaders/Private/SparseVolumeTexture/UpdateSparseVolumeTexture.usf" 2294
"../../../Engine/Shaders/Private/MorphTargets.usf" 2295
"../../../Engine/Shaders/Private/SimpleElementColorChannelMaskPixelShader.usf" 2296
"../../../Engine/Shaders/Private/SimpleElementHitProxyPixelShader.usf" 2297
"../../../Engine/Shaders/Private/SimpleElementPixelShader.usf" 2298
"../../../Engine/Shaders/Private/IESLightProfilesCommon.ush" 2299
"../../../Engine/Shaders/Private/SimpleElementVertexShader.usf" 2300
"../../../Engine/Shaders/Private/ScreenPixelShaderOES.usf" 2301
"../../../Engine/Shaders/Private/ScreenVertexShader.usf" 2302
"../../../Engine/Shaders/Private/ScreenPixelShader.usf" 2303
"../../../Engine/Shaders/Private/SSProfilePreIntegratedMobile.usf" 2304
"../../../Engine/Shaders/Private/SpecularProfile.usf" 2305
"../../../Engine/Shaders/Private/Nanite/NaniteStreaming.usf" 2306
"../../../Engine/Shaders/Private/Nanite/NaniteStreaming.ush" 2307
"../../../Engine/Shaders/Private/Nanite/NaniteTranscode.usf" 2308
"../../../Engine/Shaders/Private/VolumetricLightmapStreaming.usf" 2309
"../../../Engine/Shaders/Private/PhysicsFieldReset.usf" 2310
"../../../Engine/Shaders/Private/PhysicsFieldBuilder.usf" 2311
"../../../Engine/Shaders/Private/PhysicsFieldEval.ush" 2312
"../../../Engine/Shaders/Private/ParticleSortKeyGen.usf" 2313
"../../../Engine/Shaders/Private/ParticleBoundsShader.usf" 2314
"../../../Engine/Shaders/Private/ParticleSimVisualizeShader.usf" 2315
"../../../Engine/Shaders/Private/ParticleInjectionShader.usf" 2316
"../../../Engine/Shaders/Private/ParticleSimulationShader.usf" 2317
"../../../Engine/Shaders/Private/ParticleCurveInjectionShader.usf" 2318
"../../../Engine/Shaders/Private/CopyUIntBuffer.usf" 2319
"../../../Engine/Shaders/Private/RadixSortShaders.usf" 2320
"../../../Engine/Shaders/Private/RecomputeTangentsPerVertexPass.usf" 2321
"../../../Engine/Shaders/Private/RecomputeTangentsCommon.ush" 2322
"../../../Engine/Shaders/Private/RecomputeTangentsPerTrianglePass.usf" 2323
"../../../Engine/Shaders/Private/GpuSkinCacheComputeShader.usf" 2324
"../../../Engine/Shaders/Private/HeightFieldAtlasManagement.usf" 2325
"../../../Engine/Shaders/Private/Landscape/LandscapeEditLayersUtils.usf" 2326
"../../../Engine/Shaders/Private/Landscape/LandscapeCommon.ush" 2327
"../../../Engine/Shaders/Private/Landscape/LandscapeEditLayersWeightmaps.usf" 2328
"../../../Engine/Shaders/Private/Landscape/LandscapeEditLayersHeightmaps.usf" 2329
"../../../Engine/Shaders/Private/Landscape/LandscapeLayersWeightmapsPS.usf" 2330
"../../../Engine/Shaders/Private/Landscape/LandscapeLayersHeightmapsPS.usf" 2331
"../../../Engine/Shaders/Private/LandscapeLayersCS.usf" 2332
"../../../Engine/Shaders/Private/LandscapeLayersPS.usf" 2333
"../../../Engine/Shaders/Private/LandscapeLayersVS.usf" 2334
"../../../Engine/Shaders/Private/LandscapePhysicalMaterial.usf" 2335
"../../../Engine/Shaders/Private/LandscapeGrassWeight.usf" 2336
"../../../Engine/Shaders/Private/Landscape/LandscapeCulling.usf" 2337
"../../../Engine/Shaders/Private/Nanite/NaniteHZBCull.ush" 2338
"../../../Engine/Shaders/Private/HZB.ush" 2339
"../../../Engine/Shaders/Private/Landscape/LandscapeMergeTexturesPS.usf" 2340
"../../../Engine/Shaders/Private/WideCustomResolveShaders.usf" 2341
"../../../Engine/Shaders/Private/WideCustomResolve_Wide.ush" 2342
"../../../Engine/Shaders/Private/WideCustomResolve_Wider.ush" 2343
"../../../Engine/Shaders/Private/WideCustomResolve_Widest.ush" 2344
"../../../Engine/Shaders/Private/WaterInfoTextureBlur.usf" 2345
"../../../Engine/Shaders/Private/WaterInfoTextureMerge.usf" 2346
"../../../Engine/Shaders/Private/PageTableUpdate.usf" 2347
"../../../Engine/Shaders/Private/VirtualTextureCompress.usf" 2348
"../../../Engine/Shaders/Private/ASTCCompressionCommon.ush" 2349
"../../../Engine/Shaders/Private/IntegerSequenceEncoding.ush" 2350
"../../../Engine/Shaders/Private/ETCCompressionCommon.ush" 2351
"../../../Engine/Shaders/Private/VirtualTextureMaterial.usf" 2352
"../../../Engine/Shaders/Private/PixelShaderOutputCommon.ush" 2353
"../../../Engine/Shaders/Private/ShaderOutputCommon.ush" 2354
"../../../Engine/Shaders/Private/VolumetricRenderTarget.usf" 2355
"../../../Engine/Shaders/Private/HeightFogCommon.ush" 2356
"../../../Engine/Shaders/Private/LocalFogVolumes/LocalFogVolumeCommon.ush" 2357
"../../../Engine/Shaders/Private/ReflectionEnvironmentShared.ush" 2358
"../../../Engine/Shaders/Private/VolumetricFogVoxelization.usf" 2359
"../../../Engine/Shaders/Private/VolumetricCloudMaterialPixelCommon.ush" 2360
"../../../Engine/Shaders/Private/VolumetricFogLightFunction.usf" 2361
"../../../Engine/Shaders/Private/LightFunctionCommon.ush" 2362
"../../../Engine/Shaders/Private/VolumetricFog.usf" 2363
"../../../Engine/Shaders/Private/DeferredLightingCommon.ush" 2364
"../../../Engine/Shaders/Private/DynamicLightingCommon.ush" 2365
"../../../Engine/Shaders/Private/CapsuleLightIntegrate.ush" 2366
"../../../Engine/Shaders/Private/CapsuleLightSampling.ush" 2367
"../../../Engine/Shaders/Private/RectLightIntegrate.ush" 2368
"../../../Engine/Shaders/Private/ScreenSpaceShadowRayCast.ush" 2369
"../../../Engine/Shaders/Private/LightFunctionAtlas/LightFunctionAtlasCommon.usf" 2370
"../../../Engine/Shaders/Private/HeterogeneousVolumes/HeterogeneousVolumesAdaptiveVolumetricShadowMapSampling.ush" 2371
"../../../Engine/Shaders/Private/HeterogeneousVolumes/HeterogeneousVolumesAdaptiveVolumetricShadowMapUtils.ush" 2372
"../../../Engine/Shaders/Private/HeterogeneousVolumes/HeterogeneousVolumesRayMarchingUtils.ush" 2373
"../../../Engine/Shaders/Private/HeterogeneousVolumes/HeterogeneousVolumesRayMarchingTypes.ush" 2374
"../../../Engine/Shaders/Private/PathTracing/Utilities/PathTracingRandomSequence.ush" 2375
"../../../Engine/Shaders/Private/HeterogeneousVolumes/HeterogeneousVolumesTracingUtils.ush" 2376
"../../../Engine/Shaders/Private/VelocityCommon.ush" 2377
"../../../Engine/Shaders/Private/HeterogeneousVolumes/HeterogeneousVolumesTransmittanceVolumeUtils.ush" 2378
"../../../Engine/Shaders/Private/ForwardShadowingCommon.ush" 2379
"../../../Engine/Shaders/Private/ShadowFilteringCommon.ush" 2380
"../../../Engine/Shaders/Private/PixelQuadMessagePassing.ush" 2381
"../../../Engine/Shaders/Private/VolumeLightingCommon.ush" 2382
"../../../Engine/Shaders/Private/ShadowProjectionCommon.ush" 2383
"../../../Engine/Shaders/Private/VolumeLightingCommonSampling.ush" 2384
"../../../Engine/Shaders/Private/Lumen/LumenTranslucencyVolumeShared.ush" 2385
"../../../Engine/Shaders/Private/Lumen/LumenRadianceCacheInterpolation.ush" 2386
"../../../Engine/Shaders/Private/HeterogeneousVolumes/HeterogeneousVolumesAdaptiveVolumetricShadowMapSampler.ush" 2387
"../../../Engine/Shaders/Private/LightGridCommon.ush" 2388
"../../../Engine/Shaders/Private/DistanceFieldAOShared.ush" 2389
"../../../Engine/Shaders/Private/IntersectionUtils.ush" 2390
"../../../Engine/Shaders/Private/VolumetricLightmapShared.ush" 2391
"../../../Engine/Shaders/Private/LightDataUniforms.ush" 2392
"../../../Engine/Shaders/Private/VirtualShadowMaps/VirtualShadowMapProjectionCommon.ush" 2393
"../../../Engine/Shaders/Private/VirtualShadowMaps/VirtualShadowMapPageAccessCommon.ush" 2394
"../../../Engine/Shaders/Shared/VirtualShadowMapDefinitions.h" 2395
"../../../Engine/Shaders/Shared/HLSLMathAliases.h" 2396
"../../../Engine/Shaders/Private/VirtualShadowMaps/VirtualShadowMapProjectionStructs.ush" 2397
"../../../Engine/Shaders/Private/VolumetricCloudCommon.ush" 2398
"../../../Engine/Shaders/Private/VolumetricCloud.usf" 2399
"../../../Engine/Shaders/Private/VisualizeVolumetricLightmap.usf" 2400
"../../../Engine/Shaders/Private/VirtualShadowMaps/VirtualShadowMapProjectionComposite.usf" 2401
"../../../Engine/Shaders/Private/LightShaderParameters.ush" 2402
"../../../Engine/Shaders/Private/VirtualShadowMaps/VirtualShadowMapMaskBitsCommon.ush" 2403
"../../../Engine/Shaders/Private/VirtualShadowMaps/VirtualShadowMapLightGrid.ush" 2404
"../../../Engine/Shaders/Private/VirtualShadowMaps/VirtualShadowMapProjection.usf" 2405
"../../../Engine/Shaders/Private/Visualization.ush" 2406
"../../../Engine/Shaders/Private/VirtualShadowMaps/VirtualShadowMapProjectionFilter.ush" 2407
"../../../Engine/Shaders/Private/VirtualShadowMaps/VirtualShadowMapProjectionDirectional.ush" 2408
"../../../Engine/Shaders/Private/VirtualShadowMaps/VirtualShadowMapSMRTCommon.ush" 2409
"../../../Engine/Shaders/Private/VirtualShadowMaps/VirtualShadowMapSMRTTemplate.ush" 2410
"../../../Engine/Shaders/Private/VirtualShadowMaps/VirtualShadowMapProjectionSpot.ush" 2411
"../../../Engine/Shaders/Private/VirtualShadowMaps/VirtualShadowMapTransmissionCommon.ush" 2412
"../../../Engine/Shaders/Private/VirtualShadowMaps/VirtualShadowMapScreenRayTrace.ush" 2413
"../../../Engine/Shaders/Private/VirtualShadowMaps/VirtualShadowMapStats.ush" 2414
"../../../Engine/Shaders/Private/HairStrands/HairStrandsVoxelPageCommon.ush" 2415
"../../../Engine/Shaders/Private/HairStrands/HairStrandsVoxelPageTraversal.ush" 2416
"../../../Engine/Shaders/Private/VirtualShadowMaps/VirtualShadowMapCacheGPUInvalidation.usf" 2417
"../../../Engine/Shaders/Private/VirtualShadowMaps/VirtualShadowMapPageCacheCommon.ush" 2418
"../../../Engine/Shaders/Private/VirtualShadowMaps/VirtualShadowMapCacheInvalidation.ush" 2419
"../../../Engine/Shaders/Private/VirtualShadowMaps/VirtualShadowMapPageOverlap.ush" 2420
"../../../Engine/Shaders/Private/ScreenSpaceDenoise/SSDDefinitions.ush" 2421
"../../../Engine/Shaders/Private/InstanceCulling/InstanceCullingLoadBalancer.ush" 2422
"../../../Engine/Shaders/Private/VirtualShadowMaps/VirtualShadowMapCacheLoadBalancer.usf" 2423
"../../../Engine/Shaders/Private/VirtualShadowMaps/VirtualShadowMapCopyStats.usf" 2424
"../../../Engine/Shaders/Private/VirtualShadowMaps/VirtualShadowMapDebug.usf" 2425
"../../../Engine/Shaders/Private/VirtualShadowMaps/Desaturate.usf" 2426
"../../../Engine/Shaders/Private/VirtualShadowMaps/VirtualShadowMapPhysicalPageManagement.usf" 2427
"../../../Engine/Shaders/Private/ReductionCommon.ush" 2428
"../../../Engine/Shaders/Private/GPUMessaging.ush" 2429
"../../../Engine/Shaders/Private/VirtualShadowMaps/VirtualShadowMapPerPageDispatch.ush" 2430
"../../../Engine/Shaders/Private/VirtualShadowMaps/VirtualShadowMapCompactViews.usf" 2431
"../../../Engine/Shaders/Shared/SceneCullingDefinitions.h" 2432
"../../../Engine/Shaders/Private/VirtualShadowMaps/VirtualShadowMapBuildPerPageDrawCommands.usf" 2433
"../../../Engine/Shaders/Private/Nanite/NaniteCullingCommon.ush" 2434
"../../../Engine/Shaders/Private/Nanite/NaniteCulling.ush" 2435
"../../../Engine/Shaders/Private/Nanite/NaniteHierarchyTraversalCommon.ush" 2436
"../../../Engine/Shaders/Private/InstanceCulling/InstanceCullingCommon.ush" 2437
"../../../Engine/Shaders/Shared/InstanceCullingDefinitions.h" 2438
"../../../Engine/Shaders/Private/VirtualShadowMaps/VirtualShadowMapPrintStats.usf" 2439
"../../../Engine/Shaders/Private/VirtualShadowMaps/VirtualShadowMapPageManagement.usf" 2440
"../../../Engine/Shaders/Private/VirtualShadowMaps/VirtualShadowMapPageMarking.usf" 2441
"../../../Engine/Shaders/Shared/SingleLayerWaterDefinitions.h" 2442
"../../../Engine/Shaders/Private/HairStrands/HairStrandsTileCommon.ush" 2443
"../../../Engine/Shaders/Private/Froxel/Froxel.ush" 2444
"../../../Engine/Shaders/Shared/FroxelDefinitions.h" 2445
"../../../Engine/Shaders/Private/DiaphragmDOF/DOFCommon.ush" 2446
"../../../Engine/Shaders/Private/VariableRateShading/VRSShadingRatePreview.usf" 2447
"../../../Engine/Shaders/Private/VariableRateShading/VRSShadingRateCommon.ush" 2448
"../../../Engine/Shaders/Private/VariableRateShading/VRSShadingRateCombine.usf" 2449
"../../../Engine/Shaders/Private/VariableRateShading/VRSShadingRateFoveated.usf" 2450
"../../../Engine/Shaders/Private/VariableRateShading/VRSShadingRateReproject.usf" 2451
"../../../Engine/Shaders/Private/VariableRateShading/VRSShadingRateCalculate.usf" 2452
"../../../Engine/Shaders/Private/TranslucencyUpsampling.usf" 2453
"../../../Engine/Shaders/Private/ComposeSeparateTranslucency.usf" 2454
"../../../Engine/Shaders/Private/SeparateTranslucency.ush" 2455
"../../../Engine/Shaders/Private/TranslucentLightInjectionShaders.usf" 2456
"../../../Engine/Shaders/Private/TranslucentShadowDepthShaders.usf" 2457
"../../../Engine/Shaders/Private/ShadowDepthCommon.ush" 2458
"../../../Engine/Shaders/Private/RayTracing/RayTracingTest.usf" 2459
"../../../Engine/Shaders/Private/PostprocessSubsurfaceTile.usf" 2460
"../../../Engine/Shaders/Private/PostProcessSubsurfaceCommon.ush" 2461
"../../../Engine/Shaders/Private/Substrate/SubstrateVisualize.usf" 2462
"../../../Engine/Shaders/Private/Substrate/SubstrateTile.ush" 2463
"../../../Engine/Shaders/Shared/SubstrateVisualizeDefinitions.h" 2464
"../../../Engine/Shaders/Private/Substrate/SubstrateVisualizeCommon.ush" 2465
"../../../Engine/Shaders/Private/SkyLightingDiffuseShared.ush" 2466
"../../../Engine/Shaders/Private/SkyLightingShared.ush" 2467
"../../../Engine/Shaders/Private/ClearCoatCommon.ush" 2468
"../../../Engine/Shaders/Private/ReflectionEnvironmentComposite.ush" 2469
"../../../Engine/Shaders/Private/Substrate/SubstrateLightingCommon.ush" 2470
"../../../Engine/Shaders/Private/Substrate/SubstrateRoughRefraction.usf" 2471
"../../../Engine/Shaders/Private/PathTracing/Material/PathTracingFresnel.ush" 2472
"../../../Engine/Shaders/Private/PathTracing/Material/PathTracingGlossy.ush" 2473
"../../../Engine/Shaders/Private/Substrate/SubstrateMaterialSampling.usf" 2474
"../../../Engine/Shaders/Private/Substrate/SubstrateMaterialSampling.ush" 2475
"../../../Engine/Shaders/Private/Lumen/LumenPosition.ush" 2476
"../../../Engine/Shaders/Private/Substrate/SubstrateTile.usf" 2477
"../../../Engine/Shaders/Private/Substrate/SubstrateMaterialClassification.usf" 2478
"../../../Engine/Shaders/Private/Substrate/SubstrateDBuffer.usf" 2479
"../../../Engine/Shaders/Private/StochasticLighting/StochasticLightingDenoising.usf" 2480
"../../../Engine/Shaders/Private/Lumen/LumenMaterial.ush" 2481
"../../../Engine/Shaders/Private/StochasticLighting/StochasticLightingCommon.ush" 2482
"../../../Engine/Shaders/Private/SplineMeshSceneTexture.usf" 2483
"../../../Engine/Shaders/Private/SparseVolumeTexture/VisualizeSparseVolumeTexture.usf" 2484
"../../../Engine/Shaders/Private/SkyAtmosphere.usf" 2485
"../../../Engine/Shaders/Private/Skinning/SkinnedMeshDebug.usf" 2486
"../../../Engine/Shaders/Private/Skinning/AnimBankEval.usf" 2487
"../../../Engine/Shaders/Private/SingleLayerWaterComposite.usf" 2488
"../../../Engine/Shaders/Private/Froxel/FroxelBuild.ush" 2489
"../../../Engine/Shaders/Private/SingleLayerWaterRefractionCulling.usf" 2490
"../../../Engine/Shaders/Private/ScreenSpaceShadows.usf" 2491
"../../../Engine/Shaders/Private/bend_sss_gpu.ush" 2492
"../../../Engine/Shaders/Private/ShadowFactorsUpsampleCommon.ush" 2493
"../../../Engine/Shaders/Private/FirstPersonSelfShadow.usf" 2494
"../../../Engine/Shaders/Private/HZBTracing.ush" 2495
"../../../Engine/Shaders/Private/ShadowProjectionVertexShader.usf" 2496
"../../../Engine/Shaders/Private/ShadowProjectionPixelShader.usf" 2497
"../../../Engine/Shaders/Private/MobileLightingCommon.ush" 2498
"../../../Engine/Shaders/Private/PlanarReflectionShared.ush" 2499
"../../../Engine/Shaders/Private/MobileSSR.ush" 2500
"../../../Engine/Shaders/Private/SSRT/SSRTRayCast.ush" 2501
"../../../Engine/Shaders/Private/ShadowPercentageCloserFiltering.ush" 2502
"../../../Engine/Shaders/Private/TransmissionThickness.ush" 2503
"../../../Engine/Shaders/Private/CopyShadowMaps.usf" 2504
"../../../Engine/Shaders/Private/ShadowDepthPixelShader.usf" 2505
"../../../Engine/Shaders/Private/ShadowDepthVertexShader.usf" 2506
"../../../Engine/Shaders/Private/ShadingEnergyConservationTable.usf" 2507
"../../../Engine/Shaders/Shared/PathTracingDefinitions.h" 2508
"../../../Engine/Shaders/Private/ShadingFurnaceTest.usf" 2509
"../../../Engine/Shaders/Private/Substrate/SubstrateDeferredLighting.ush" 2510
"../../../Engine/Shaders/Private/ShaderPrintDraw.usf" 2511
"../../../Engine/Shaders/Private/ShaderPrintDrawPrimitive.usf" 2512
"../../../Engine/Shaders/Private/DefaultSSRTiles.usf" 2513
"../../../Engine/Shaders/Private/ScreenSpaceReflectionTileCommons.ush" 2514
"../../../Engine/Shaders/Private/SSRT/SSRTDiffuseIndirect.usf" 2515
"../../../Engine/Shaders/Private/SSRT/SSRTTileClassificationBuffer.ush" 2516
"../../../Engine/Shaders/Private/SSRT/SSRTReflections.usf" 2517
"../../../Engine/Shaders/Private/ScreenSpaceDenoise/SSDPublic.ush" 2518
"../../../Engine/Shaders/Private/SSRT/SSRTTileClassification.usf" 2519
"../../../Engine/Shaders/Private/SSRT/SSRTPrevFrameReduction.usf" 2520
"../../../Engine/Shaders/Private/ScreenSpaceDenoise/SSDComposeHarmonics.usf" 2521
"../../../Engine/Shaders/Private/ScreenSpaceDenoise/SSDPublicHarmonics.ush" 2522
"../../../Engine/Shaders/Private/ScreenSpaceDenoise/SSDSignalFramework.ush" 2523
"../../../Engine/Shaders/Private/ScreenSpaceDenoise/SSDCommon.ush" 2524
"../../../Engine/Shaders/Private/SphericalGaussian.ush" 2525
"../../../Engine/Shaders/Public/WaveBroadcastIntrinsics.ush" 2526
"../../../Engine/Shaders/Private/ScreenSpaceDenoise/SSDMetadata.ush" 2527
"../../../Engine/Shaders/Private/ScreenSpaceDenoise/SSDSignalCore.ush" 2528
"../../../Engine/Shaders/Private/ScreenSpaceDenoise/DenoisingCommon.ush" 2529
"../../../Engine/Shaders/Private/ScreenSpaceDenoise/SSDSignalArray.ush" 2530
"../../../Engine/Shaders/Private/ScreenSpaceDenoise/SSDSignalBufferEncoding.ush" 2531
"../../../Engine/Shaders/Private/ScreenSpaceDenoise/SSDPublicBufferEncoding.ush" 2532
"../../../Engine/Shaders/Private/Lumen/LumenBufferEncoding.ush" 2533
"../../../Engine/Shaders/Private/ScreenSpaceDenoise/SSDTemporalAccumulation.usf" 2534
"../../../Engine/Shaders/Private/ScreenSpaceDenoise/SSDSpatialKernel.ush" 2535
"../../../Engine/Shaders/Private/ScreenSpaceDenoise/SSDSignalAccumulatorArray.ush" 2536
"../../../Engine/Shaders/Private/ScreenSpaceDenoise/SSDSignalAccumulator.ush" 2537
"../../../Engine/Shaders/Private/ScreenSpaceDenoise/SSDSignalCompression.ush" 2538
"../../../Engine/Shaders/Private/ScreenSpaceDenoise/SSDSpatialAccumulation.usf" 2539
"../../../Engine/Shaders/Private/ScreenSpaceDenoise/SSDInjest.usf" 2540
"../../../Engine/Shaders/Private/ScreenSpaceDenoise/SSDCompressMetadata.usf" 2541
"../../../Engine/Shaders/Private/DownsampleDepthPixelShader.usf" 2542
"../../../Engine/Shaders/Private/ScreenPass.usf" 2543
"../../../Engine/Shaders/Private/HZB.usf" 2544
"../../../Engine/Shaders/Private/OcclusionFeedbackShaders.usf" 2545
"../../../Engine/Shaders/Private/HZBOcclusion.usf" 2546
"../../../Engine/Shaders/Private/OcclusionQueryPixelShader.usf" 2547
"../../../Engine/Shaders/Private/OcclusionQueryVertexShader.usf" 2548
"../../../Engine/Shaders/Private/HitProxyCopy.usf" 2549
"../../../Engine/Shaders/Private/HitProxyPixelShader.usf" 2550
"../../../Engine/Shaders/Private/HitProxyVertexShader.usf" 2551
"../../../Engine/Shaders/Private/SceneCulling/SceneCullingDebugRender.usf" 2552
"../../../Engine/Shaders/Private/SceneCulling/SceneCulling.ush" 2553
"../../../Engine/Shaders/Private/SceneCulling/SceneCullingBuildExplicitBounds.usf" 2554
"../../../Engine/Shaders/Private/SceneCapturePixelShader.usf" 2555
"../../../Engine/Shaders/Private/RendererUtils.usf" 2556
"../../../Engine/Shaders/Private/RTWriteMaskDecode.usf" 2557
"../../../Engine/Shaders/Private/ReflectionEnvironmentShaders.usf" 2558
"../../../Engine/Shaders/Private/RectLightAtlas.usf" 2559
"../../../Engine/Shaders/Private/RayTracing/TraceRayInlineStatistics.usf" 2560
"../../../Engine/Shaders/Private/RayTracing/CompositeSkyLightPS.usf" 2561
"../../../Engine/Shaders/Private/RayTracing/GenerateSkyLightVisibilityRaysCS.usf" 2562
"../../../Engine/Shaders/Private/RayTracing/RayTracingSkyLightCommon.ush" 2563
"../../../Engine/Shaders/Private/RayTracing/SkyLightVisibilityRaysData.ush" 2564
"../../../Engine/Shaders/Private/Raytracing/RaytracingSkylightRGS.usf" 2565
"../../../Engine/Shaders/Private/HairStrands/HairStrandsRaytracing.ush" 2566
"../../../Engine/Shaders/Private/Raytracing/RayTracingSkyLightEvaluation.ush" 2567
"../../../Engine/Shaders/Private/Raytracing/RayTracingDeferredShadingCommon.ush" 2568
"../../../Engine/Shaders/Private/RayTracing/RayTracingOcclusionRGS.usf" 2569
"../../../Engine/Shaders/Private/RayTracing/RayTracingDirectionalLight.ush" 2570
"../../../Engine/Shaders/Private/RayTracing/RayTracingRectLight.ush" 2571
"../../../Engine/Shaders/Private/RayTracing/RayTracingSphereLight.ush" 2572
"../../../Engine/Shaders/Private/RayTracing/RayTracingCapsuleLight.ush" 2573
"../../../Engine/Shaders/Private/Raytracing/RayTracingFeedback.usf" 2574
"../../../Engine/Shaders/Shared/RayTracingDebugTypes.h" 2575
"../../../Engine/Shaders/Private/RayTracing/RayTracingPrimaryRays.usf" 2576
"../../../Engine/Shaders/Private/RayTracing/RayTracingLightingCommon.ush" 2577
"../../../Engine/Shaders/Private/RayTracing/RayTracingLightCullingCommon.ush" 2578
"../../../Engine/Shaders/Private/RayTracing/RayTracingMaterialDefaultHitShaders.usf" 2579
"../../../Engine/Shaders/Private/RayTracing/RayTracingMaterialHitShaders.usf" 2580
"../../../Engine/Shaders/Private/RayTracing/RayTracingShaderUtils.ush" 2581
"../../../Engine/Shaders/Private/RayTracing/RayTracingCalcInterpolants.ush" 2582
"../../../Engine/Shaders/Private/LightmapCommon.ush" 2583
"../../../Engine/Shaders/Private/Lumen/LumenHardwareRayTracingPayloadCommon.ush" 2584
"../../../Engine/Shaders/Shared/LumenDefinitions.h" 2585
"../../../Engine/Shaders/Private/Substrate/SubstrateExport.ush" 2586
"../../../Engine/Shaders/Private/RayTracing/RayTracingLightingMS.usf" 2587
"../../../Engine/Shaders/Private/Lumen/LumenDiffuseColorBoost.ush" 2588
"../../../Engine/Shaders/Private/RayTracing/RayTracingLightFunctionCommon.ush" 2589
"../../../Engine/Shaders/Private/RayTracing/RayTracingBuildLightGrid.usf" 2590
"../../../Engine/Shaders/Private/Raytracing/RayTracingInstanceBufferUtil.usf" 2591
"../../../Engine/Shaders/Private/RayTracing/RayTracingDynamicMesh.usf" 2592
"../../../Engine/Shaders/Private/RayTracing/RayTracingDefaultDecalHitShader.usf" 2593
"../../../Engine/Shaders/Private/RayTracing/RayTracingDecalMaterialShader.usf" 2594
"../../../Engine/Shaders/Private/PathTracing/PathTracingShaderUtils.ush" 2595
"../../../Engine/Shaders/Private/PathTracing/PathTracingCommon.ush" 2596
"../../../Engine/Shaders/Private/PathTracing/Material/PathTracingMaterialCommon.ush" 2597
"../../../Engine/Shaders/Private/PathTracing/Utilities/PathTracingRIS.ush" 2598
"../../../Engine/Shaders/Private/RayTracing/RayTracingBuildDecalGrid.usf" 2599
"../../../Engine/Shaders/Private/RayTracing/RayTracingDebugHitStatsUtils.usf" 2600
"../../../Engine/Shaders/Private/RayTracing/RayTracingDebugInstanceOverlap.usf" 2601
"../../../Engine/Shaders/Private/RayTracing/RayTracingDebugPicking.usf" 2602
"../../../Engine/Shaders/Private/RayTracing/RayTracingDebugUtils.ush" 2603
"../../../Engine/Shaders/Private/RayTracing/RayTracingDebugTraversal.usf" 2604
"../../../Engine/Shaders/Private/RayTracing/RayTracingDeferredMaterials.ush" 2605
"../../../Engine/Shaders/Shared/ThirdParty/AMD/ags_shader_intrinsics_dx12.h" 2606
"../../../Engine/Shaders/Shared/RayTracingDebugDefinitions.h" 2607
"../../../Engine/Shaders/Private/RayTracing/RayTracingDebugHitStatsCHS.usf" 2608
"../../../Engine/Shaders/Private/RayTracing/RayTracingDebugHitStats.usf" 2609
"../../../Engine/Shaders/Private/RayTracing/RayTracingDebugMS.usf" 2610
"../../../Engine/Shaders/Private/RayTracing/RayTracingDebugCHS.usf" 2611
"../../../Engine/Shaders/Private/RayTracing/RayTracingDebug.usf" 2612
"../../../Engine/Shaders/Private/RayTracing/RayTracingBuiltInShaders.usf" 2613
"../../../Engine/Shaders/Private/RayTracing/RayTracingBarycentrics.usf" 2614
"../../../Engine/Shaders/Private/RayTracing/RayTracingAmbientOcclusionRGS.usf" 2615
"../../../Engine/Shaders/Private/VisualizeShadingModels.usf" 2616
"../../../Engine/Shaders/Private/MotionBlur/VisualizeMotionVectors.usf" 2617
"../../../Engine/Shaders/Private/TemporalSuperResolution/TSRVisualize.usf" 2618
"../../../Engine/Shaders/Private/TemporalSuperResolution/TSRColorSpace.ush" 2619
"../../../Engine/Shaders/Private/TemporalSuperResolution/TSRCommon.ush" 2620
"../../../Engine/Shaders/Public/DualPixelVectorization.ush" 2621
"../../../Engine/Shaders/Private/TemporalSuperResolution/TSRReprojectionField.ush" 2622
"../../../Engine/Shaders/Private/TemporalSuperResolution/TSRResolveHistory.usf" 2623
"../../../Engine/Shaders/Private/TemporalSuperResolution/TSRConvolutionNetwork.ush" 2624
"../../../Engine/Shaders/Private/TemporalSuperResolution/TSRKernels.ush" 2625
"../../../Engine/Shaders/Public/LaneVectorization.ush" 2626
"../../../Engine/Shaders/Private/TemporalSuperResolution/TSRUpdateHistory.usf" 2627
"../../../Engine/Shaders/Private/TemporalSuperResolution/TSRSpatialAntiAliasing.ush" 2628
"../../../Engine/Shaders/Private/TemporalSuperResolution/TSRSpatialAntiAliasing.usf" 2629
"../../../Engine/Shaders/Private/TemporalSuperResolution/TSRRejectShading.usf" 2630
"../../../Engine/Shaders/Private/TemporalSuperResolution/TSRShadingAnalysis.ush" 2631
"../../../Engine/Shaders/Private/TemporalSuperResolution/TSRConvolutionNetworkPass.ush" 2632
"../../../Engine/Shaders/Private/TemporalSuperResolution/TSRDecimateHistory.usf" 2633
"../../../Engine/Shaders/Private/TemporalSuperResolution/TSRDepthVelocityAnalysis.ush" 2634
"../../../Engine/Shaders/Private/TemporalSuperResolution/TSRClosestOccluder.ush" 2635
"../../../Engine/Shaders/Private/TemporalSuperResolution/TSRWeightRelaxation.usf" 2636
"../../../Engine/Shaders/Private/TemporalSuperResolution/TSRThinGeometryCommon.ush" 2637
"../../../Engine/Shaders/Private/TemporalSuperResolution/TSRDetectThinGeometry.usf" 2638
"../../../Engine/Shaders/Private/TemporalSuperResolution/TSRDilateVelocity.usf" 2639
"../../../Engine/Shaders/Private/MotionBlur/MotionBlurVelocityFlatten.ush" 2640
"../../../Engine/Shaders/Private/MotionBlur/MotionBlurCommon.ush" 2641
"../../../Engine/Shaders/Private/TemporalSuperResolution/TSRClearPrevTextures.usf" 2642
"../../../Engine/Shaders/Private/TemporalSuperResolution/TSRMeasureCoverage.usf" 2643
"../../../Engine/Shaders/Private/TemporalSuperResolution/TSRMeasureFlickeringLuma.usf" 2644
"../../../Engine/Shaders/Private/TemporalAA.usf" 2645
"../../../Engine/Shaders/Private/FilterPixelShader.usf" 2646
"../../../Engine/Shaders/Private/FilterVertexShader.usf" 2647
"../../../Engine/Shaders/Private/VisualizeVirtualTexture.usf" 2648
"../../../Engine/Shaders/Private/PostProcessVisualizeBuffer.usf" 2649
"../../../Engine/Shaders/Private/PostProcessVisualizeLocalExposure.usf" 2650
"../../../Engine/Shaders/Private/PostProcessHistogramCommon.ush" 2651
"../../../Engine/Shaders/Private/TonemapCommon.ush" 2652
"../../../Engine/Shaders/Private/ACES/ACESCommon.ush" 2653
"../../../Engine/Shaders/Private/ACES/ACESOutputTransform.ush" 2654
"../../../Engine/Shaders/Private/ACES/ACESUtilities.ush" 2655
"../../../Engine/Shaders/Private/ACES/ACESTonescale.ush" 2656
"../../../Engine/Shaders/Private/ACES/ACESDisplayEncoding.ush" 2657
"../../../Engine/Shaders/Private/ACES/ACES_v1.3.ush" 2658
"../../../Engine/Shaders/Private/PostProcessVisualizeLevelInstance.usf" 2659
"../../../Engine/Shaders/Private/PostProcessVisualizeHDR.usf" 2660
"../../../Engine/Shaders/Private/ShaderComplexityApplyPixelShader.usf" 2661
"../../../Engine/Shaders/Private/QuadOverdraw.ush" 2662
"../../../Engine/Shaders/Private/PostProcessUpscale.usf" 2663
"../../../Engine/Shaders/Private/PostProcessTonemap.usf" 2664
"../../../Engine/Shaders/Private/PostProcessing/FilmGrainPackConstants.usf" 2665
"../../../Engine/Shaders/Private/PostProcessing/FilmGrainReduce.usf" 2666
"../../../Engine/Shaders/Private/PostProcessTestImage.usf" 2667
"../../../Engine/Shaders/Private/PostProcessSubsurface.usf" 2668
"../../../Engine/Shaders/Private/SeparableSSS.ush" 2669
"../../../Engine/Shaders/Private/SubsurfaceBurleyNormalized.ush" 2670
"../../../Engine/Shaders/Private/PostProcessSelectionOutline.usf" 2671
"../../../Engine/Shaders/Private/MotionBlur/MotionBlurVisualize.usf" 2672
"../../../Engine/Shaders/Private/MotionBlur/MotionBlurApply.usf" 2673
"../../../Engine/Shaders/Private/MotionBlur/MotionBlurFilterTileClassify.usf" 2674
"../../../Engine/Shaders/Private/MotionBlur/MotionBlurTileScatter.usf" 2675
"../../../Engine/Shaders/Private/MotionBlur/MotionBlurTileGather.usf" 2676
"../../../Engine/Shaders/Private/MotionBlur/MotionBlurVelocityFlatten.usf" 2677
"../../../Engine/Shaders/Private/PostProcessMobile.usf" 2678
"../../../Engine/Shaders/Private/PostProcessMitchellNetravali.usf" 2679
"../../../Engine/Shaders/Private/PostProcessMaterialShaders.usf" 2680
"../../../Engine/Shaders/Private/NeuralPostProcessCommon.usf" 2681
"../../../Engine/Shaders/Private/PostProcessLocalExposure.usf" 2682
"../../../Engine/Shaders/Private/PostProcessLensFlares.usf" 2683
"../../../Engine/Shaders/Private/PostProcessGBufferHints.usf" 2684
"../../../Engine/Shaders/Private/PostProcessHMD.usf" 2685
"../../../Engine/Shaders/Private/Histogram.usf" 2686
"../../../Engine/Shaders/Private/PostProcessHistogramReduce.usf" 2687
"../../../Engine/Shaders/Private/PostProcessHistogram.usf" 2688
"../../../Engine/Shaders/Private/Bloom/BloomFinalizeApplyConstants.usf" 2689
"../../../Engine/Shaders/Private/Bloom/BloomCommon.ush" 2690
"../../../Engine/Shaders/Private/Bloom/BloomResizeKernel.usf" 2691
"../../../Engine/Shaders/Private/Bloom/BloomDownsampleKernel.usf" 2692
"../../../Engine/Shaders/Private/Bloom/BloomClampKernel.usf" 2693
"../../../Engine/Shaders/Private/Bloom/BloomPackKernelConstants.usf" 2694
"../../../Engine/Shaders/Private/Bloom/BloomSumScatterDispersionEnergy.usf" 2695
"../../../Engine/Shaders/Private/Bloom/BloomReduceKernelSurvey.usf" 2696
"../../../Engine/Shaders/Private/Bloom/BloomSurveyKernelCenterEnergy.usf" 2697
"../../../Engine/Shaders/Private/Bloom/BloomSurveyMaxScatterDispersion.usf" 2698
"../../../Engine/Shaders/Private/Bloom/BloomFindKernelCenter.usf" 2699
"../../../Engine/Shaders/Private/PostProcessEyeAdaptation.usf" 2700
"../../../Engine/Shaders/Private/TranslucencyVolumeCommon.ush" 2701
"../../../Engine/Shaders/Private/PostProcessEyeAdaptationUtils.usf" 2702
"../../../Engine/Shaders/Private/PostProcessDownsample.usf" 2703
"../../../Engine/Shaders/Private/PostProcessDOF.usf" 2704
"../../../Engine/Shaders/Private/PostProcessDeviceEncodingOnly.usf" 2705
"../../../Engine/Shaders/Private/PostProcessCompositePrimitives.usf" 2706
"../../../Engine/Shaders/Private/PostProcessCombineLUTs.usf" 2707
"../../../Engine/Shaders/Private/PostProcessVisualizeDOF.usf" 2708
"../../../Engine/Shaders/Private/PostProcessBloom.usf" 2709
"../../../Engine/Shaders/Private/PostProcessAmbientOcclusionMobile.usf" 2710
"../../../Engine/Shaders/Private/PostProcessAmbientOcclusionCommon.ush" 2711
"../../../Engine/Shaders/Private/FXAAShader.usf" 2712
"../../../Engine/Shaders/Private/Fxaa3_11.ush" 2713
"../../../Engine/Shaders/Private/PaniniProjection.usf" 2714
"../../../Engine/Shaders/Private/DiaphragmDOF/DOFRecombine.usf" 2715
"../../../Engine/Shaders/Private/DiaphragmDOF/DOFHybridScatterPixelShader.usf" 2716
"../../../Engine/Shaders/Private/DiaphragmDOF/DOFHybridScatterCommon.ush" 2717
"../../../Engine/Shaders/Private/DiaphragmDOF/DOFVignetteCommon.ush" 2718
"../../../Engine/Shaders/Private/DiaphragmDOF/DOFHybridScatterVertexShader.usf" 2719
"../../../Engine/Shaders/Private/DiaphragmDOF/DOFPostfiltering.usf" 2720
"../../../Engine/Shaders/Private/DiaphragmDOF/DOFGatherTileSuggest.ush" 2721
"../../../Engine/Shaders/Private/DiaphragmDOF/DOFCocTileCommon.ush" 2722
"../../../Engine/Shaders/Private/DiaphragmDOF/DOFGatherPass.usf" 2723
"../../../Engine/Shaders/Private/DiaphragmDOF/DOFGatherCommon.ush" 2724
"../../../Engine/Shaders/Private/DiaphragmDOF/DOFGatherAccumulator.ush" 2725
"../../../Engine/Shaders/Private/DiaphragmDOF/DOFGatherKernel.ush" 2726
"../../../Engine/Shaders/Private/DiaphragmDOF/DOFBokehLUT.usf" 2727
"../../../Engine/Shaders/Private/DiaphragmDOF/DOFHybridScatterCompilation.usf" 2728
"../../../Engine/Shaders/Private/DiaphragmDOF/DOFReduce.usf" 2729
"../../../Engine/Shaders/Private/DiaphragmDOF/DOFDownsample.ush" 2730
"../../../Engine/Shaders/Private/DiaphragmDOF/DOFHybridScatterCompilation.ush" 2731
"../../../Engine/Shaders/Private/DiaphragmDOF/DOFDownsample.usf" 2732
"../../../Engine/Shaders/Private/DiaphragmDOF/DOFCocTileDilate.usf" 2733
"../../../Engine/Shaders/Private/DiaphragmDOF/DOFCocTileFlatten.usf" 2734
"../../../Engine/Shaders/Private/DiaphragmDOF/DOFSetup.usf" 2735
"../../../Engine/Shaders/Private/Tools/DebugAlphaChannel.usf" 2736
"../../../Engine/Shaders/Private/PostProcessAlphaInvert.usf" 2737
"../../../Engine/Shaders/Private/PlanarReflectionShaders.usf" 2738
"../../../Engine/Shaders/Private/PhysicsFieldVisualizer.usf" 2739
"../../../Engine/Shaders/Private/PathTracing/PathTracingSpatialTemporalDenoising.usf" 2740
"../../../Engine/Shaders/Private/ColorDifference.ush" 2741
"../../../Engine/Shaders/Private/PathTracing/PathTracingCompositingPixelShader.usf" 2742
"../../../Engine/Shaders/Private/PathTracing/PathTracingAdaptiveUtils.ush" 2743
"../../../Engine/Shaders/Private/PathTracing/PathTracingDefaultHitShader.usf" 2744
"../../../Engine/Shaders/Private/PathTracing/PathTracingGPULightmassMaterialHitShader.usf" 2745
"../../../Engine/Shaders/Private/PathTracing/PathTracingMaterialHitShader.usf" 2746
"../../../Engine/Shaders/Private/PathTracing/Material/PathTracingSubstrateCommon.ush" 2747
"../../../Engine/Shaders/Private/PathTracing/PathTracingLightingMissShader.usf" 2748
"../../../Engine/Shaders/Private/PathTracing/PathTracingMissShader.usf" 2749
"../../../Engine/Shaders/Private/PathTracing/PathTracingAdaptiveStart.usf" 2750
"../../../Engine/Shaders/Private/PathTracing/PathTracingBuildAdaptiveError.usf" 2751
"../../../Engine/Shaders/Private/PathTracing/PathTracingVolumetricCloudMaterialShader.usf" 2752
"../../../Engine/Shaders/Private/PathTracing/Volume/PathTracingCloudsMaterialCommon.ush" 2753
"../../../Engine/Shaders/Private/PathTracing/Volume/PathTracingVolumeCommon.ush" 2754
"../../../Engine/Shaders/Private/PathTracing/Volume/PathTracingCloudsCommon.ush" 2755
"../../../Engine/Shaders/Private/PathTracing/Volume/PathTracingFog.ush" 2756
"../../../Engine/Shaders/Private/PathTracing/Volume/PathTracingAtmosphere.ush" 2757
"../../../Engine/Shaders/Private/PathTracing/Volume/PathTracingAtmosphereCommon.ush" 2758
"../../../Engine/Shaders/Private/PathTracing/Volume/PathTracingVolumeSampling.ush" 2759
"../../../Engine/Shaders/Private/PathTracing/PathTracingBuildCloudAccelerationMap.usf" 2760
"../../../Engine/Shaders/Private/PathTracing/PathTracingBuildAtmosphereLUT.usf" 2761
"../../../Engine/Shaders/Private/PathTracing/PathTracingSwizzleScanlines.usf" 2762
"../../../Engine/Shaders/Private/PathTracing/PathTracingInitExtinctionCoefficient.usf" 2763
"../../../Engine/Shaders/Private/PathTracing/PathTracingCopyDepth.usf" 2764
"../../../Engine/Shaders/Private/PathTracing/PathTracingDebug.usf" 2765
"../../../Engine/Shaders/Private/RayTracing/RayTracingDecalGrid.ush" 2766
"../../../Engine/Shaders/Private/PathTracing/Material/PathTracingMaterialSampling.ush" 2767
"../../../Engine/Shaders/Private/PathTracing/Material/PathTracingLambert.ush" 2768
"../../../Engine/Shaders/Private/PathTracing/Material/PathTracingSubstrate.ush" 2769
"../../../Engine/Shaders/Private/PathTracing/Material/PathTracingSubstrateFoliage.ush" 2770
"../../../Engine/Shaders/Private/PathTracing/Material/PathTracingSubstrateSolidGlass.ush" 2771
"../../../Engine/Shaders/Private/PathTracing/Material/PathTracingSubstrateThinGlass.ush" 2772
"../../../Engine/Shaders/Private/PathTracing/Material/PathTracingSolidGlass.ush" 2773
"../../../Engine/Shaders/Private/PathTracing/Material/PathTracingEnergyConservation.ush" 2774
"../../../Engine/Shaders/Private/PathTracing/Material/PathTracingThinGlass.ush" 2775
"../../../Engine/Shaders/Private/PathTracing/Material/PathTracingDefaultLit.ush" 2776
"../../../Engine/Shaders/Private/PathTracing/Material/PathTracingClearCoat.ush" 2777
"../../../Engine/Shaders/Private/PathTracing/Material/PathTracingTwoSidedFoliage.ush" 2778
"../../../Engine/Shaders/Private/PathTracing/Material/PathTracingCloth.ush" 2779
"../../../Engine/Shaders/Private/PathTracing/Material/PathTracingSubsurfaceProfile.ush" 2780
"../../../Engine/Shaders/Private/PathTracing/Material/PathTracingEye.ush" 2781
"../../../Engine/Shaders/Private/PathTracing/Material/PathTracingHair.ush" 2782
"../../../Engine/Shaders/Private/PathTracing/Material/PathTracingMedium.ush" 2783
"../../../Engine/Shaders/Private/PathTracing/Light/PathTracingLightSampling.ush" 2784
"../../../Engine/Shaders/Private/PathTracing/Light/PathTracingLightCommon.ush" 2785
"../../../Engine/Shaders/Private/PathTracing/Light/PathTracingDirectionalLight.ush" 2786
"../../../Engine/Shaders/Private/PathTracing/Light/PathTracingPointLight.ush" 2787
"../../../Engine/Shaders/Private/PathTracing/Light/PathTracingCapsuleLight.ush" 2788
"../../../Engine/Shaders/Private/PathTracing/Light/PathTracingRectLight.ush" 2789
"../../../Engine/Shaders/Private/PathTracing/Light/PathTracingSkyLight.ush" 2790
"../../../Engine/Shaders/Private/PathTracing/Light/PathTracingLightGrid.ush" 2791
"../../../Engine/Shaders/Private/PathTracing/PathTracing.usf" 2792
"../../../Engine/Shaders/Private/PathTracing/PathTracingCore.ush" 2793
"../../../Engine/Shaders/Private/HeterogeneousVolumes/HeterogeneousVolumesVoxelGridTypes.ush" 2794
"../../../Engine/Shaders/Private/PathTracing/Volume/PathTracingVolume.ush" 2795
"../../../Engine/Shaders/Private/PathTracing/Volume/PathTracingClouds.ush" 2796
"../../../Engine/Shaders/Private/PathTracing/Volume/PathTracingHeterogeneousVolumes.ush" 2797
"../../../Engine/Shaders/Private/HeterogeneousVolumes/HeterogeneousVolumesVoxelGridTraversal.ush" 2798
"../../../Engine/Shaders/Private/HeterogeneousVolumes/HeterogeneousVolumesVoxelGridUtils.ush" 2799
"../../../Engine/Shaders/Private/HeterogeneousVolumes/HeterogeneousVolumesFrustumVoxelGridUtils.ush" 2800
"../../../Engine/Shaders/Private/PathTracing/PathTracingBuildLightGrid.usf" 2801
"../../../Engine/Shaders/Private/PathTracing/PathTracingSkylightMISCompensation.usf" 2802
"../../../Engine/Shaders/Private/PathTracing/PathTracingSkylightPrepare.usf" 2803
"../../../Engine/Shaders/Private/OIT/OITSorting.usf" 2804
"../../../Engine/Shaders/Private/OITCombine.usf" 2805
"../../../Engine/Shaders/Private/OITCommon.ush" 2806
"../../../Engine/Shaders/Private/Nanite/Voxel/RasterizeBricks.usf" 2807
"../../../Engine/Shaders/Private/Nanite/Voxel/Brick.ush" 2808
"../../../Engine/Shaders/Private/Nanite/Voxel/Voxel.ush" 2809
"../../../Engine/Shaders/Private/Nanite/Voxel/ScatterBricks.usf" 2810
"../../../Engine/Shaders/Private/Nanite/Voxel/TileBricks.usf" 2811
"../../../Engine/Shaders/Private/Nanite/Voxel/AutoVoxel.usf" 2812
"../../../Engine/Shaders/Private/Nanite/NaniteDebugViews.usf" 2813
"../../../Engine/Shaders/Private/Nanite/NaniteEditorCommon.ush" 2814
"../../../Engine/Shaders/Private/BinarySearch.ush" 2815
"../../../Engine/Shaders/Private/Nanite/NaniteDepthDecode.usf" 2816
"../../../Engine/Shaders/Private/HTileEncoding.ush" 2817
"../../../Engine/Shaders/Private/Nanite/NaniteVisualize.usf" 2818
"../../../Engine/Shaders/Private/Nanite/NaniteStreamOut.usf" 2819
"../../../Engine/Shaders/Private/Nanite/NaniteHierarchyTraversal.ush" 2820
"../../../Engine/Shaders/Private/Nanite/NaniteSkinningUpdateViewData.usf" 2821
"../../../Engine/Shaders/Private/Skinning/TransformProviders.usf" 2822
"../../../Engine/Shaders/Private/Nanite/NaniteShadeBinning.usf" 2823
"../../../Engine/Shaders/Private/Nanite/NaniteShadeCommon.ush" 2824
"../../../Engine/Shaders/Private/Nanite/NaniteFastClear.usf" 2825
"../../../Engine/Shaders/Private/Nanite/NaniteExportGBuffer.usf" 2826
"../../../Engine/Shaders/Private/Nanite/NaniteClusterCulling.usf" 2827
"../../../Engine/Shaders/Private/Nanite/NanitePrintStats.usf" 2828
"../../../Engine/Shaders/Private/Nanite/NaniteRasterizer.usf" 2829
"../../../Engine/Shaders/Private/Nanite/NaniteRasterizationCommon.ush" 2830
"../../../Engine/Shaders/Private/Nanite/NaniteRasterizer.ush" 2831
"../../../Engine/Shaders/Private/Nanite/NaniteWritePixel.ush" 2832
"../../../Engine/Shaders/Private/Nanite/NaniteTessellation.ush" 2833
"../../../Engine/Shaders/Private/WorkDistribution.ush" 2834
"../../../Engine/Shaders/Private/Nanite/NaniteDice.ush" 2835
"../../../Engine/Shaders/Private/ShaderBundleWorkGraphCommon.ush" 2836
"../../../Engine/Shaders/Public/RootConstants.ush" 2837
"../../../Engine/Shaders/Public/Platform/D3D/D3DRootConstants.ush" 2838
"../../../Engine/Shaders/Private/Nanite/NaniteSplit.usf" 2839
"../../../Engine/Shaders/Private/Nanite/NaniteRasterBinning.usf" 2840
"../../../Engine/Shaders/Private/Nanite/NaniteInstanceCulling.usf" 2841
"../../../Engine/Shaders/Private/Nanite/NaniteImposter.ush" 2842
"../../../Engine/Shaders/Private/Nanite/NaniteInstanceHierarchyCulling.usf" 2843
"../../../Engine/Shaders/Private/WorkGroupLoadBalancer.ush" 2844
"../../../Engine/Shaders/Private/Nanite/NanitePrimitiveFilter.usf" 2845
"../../../Engine/Shaders/Private/Nanite/NaniteRasterClear.usf" 2846
"../../../Engine/Shaders/Private/Nanite/NaniteDepthExport.usf" 2847
"../../../Engine/Shaders/Private/Nanite/NaniteEmitShadow.usf" 2848
"../../../Engine/Shaders/Private/MobileDeferredUtils.usf" 2849
"../../../Engine/Shaders/Private/MobileLocalLightsBuffer.usf" 2850
"../../../Engine/Shaders/Private/MobileFog.usf" 2851
"../../../Engine/Shaders/Private/DistortApplyScreenPS.usf" 2852
"../../../Engine/Shaders/Private/MobileDeferredShading.usf" 2853
"../../../Engine/Shaders/Private/MobileBasePassPixelShader.usf" 2854
"../../../Engine/Shaders/Private/MobileBasePassCommon.ush" 2855
"../../../Engine/Shaders/Private/BasePassCommon.ush" 2856
"../../../Engine/Shaders/Private/ShadingModelsMaterial.ush" 2857
"../../../Engine/Shaders/Private/ThinTranslucentCommon.ush" 2858
"../../../Engine/Shaders/Private/SingleLayerWaterShading.ush" 2859
"../../../Engine/Shaders/Private/DistortionCommon.ush" 2860
"../../../Engine/Shaders/Private/Substrate/SubstrateMobileForwardLighting.ush" 2861
"../../../Engine/Shaders/Private/MobileBasePassVertexShader.usf" 2862
"../../../Engine/Shaders/Private/MeshEdges.usf" 2863
"../../../Engine/Shaders/Private/MegaLights/MegaLightsVSMTracing.usf" 2864
"../../../Engine/Shaders/Private/MegaLights/MegaLights.ush" 2865
"../../../Engine/Shaders/Shared/MegaLightsDefinitions.h" 2866
"../../../Engine/Shaders/Private/HairStrands/HairStrandsVisibilityUtils.ush" 2867
"../../../Engine/Shaders/Private/MegaLights/MegaLightsRayTracing.ush" 2868
"../../../Engine/Shaders/Private/MegaLights/MegaLightsRayTracing.usf" 2869
"../../../Engine/Shaders/Private/DistanceField/GlobalDistanceFieldUtils.ush" 2870
"../../../Engine/Shaders/Private/Lumen/LumenScreenTracing.ush" 2871
"../../../Engine/Shaders/Private/MegaLights/MegaLightsVolumeRayTracing.usf" 2872
"../../../Engine/Shaders/Private/MegaLights/MegaLightsVolume.ush" 2873
"../../../Engine/Shaders/Private/MegaLights/MegaLightsVolumeHardwareRayTracing.usf" 2874
"../../../Engine/Shaders/Private/Lumen/LumenHardwareRayTracingCommon.ush" 2875
"../../../Engine/Shaders/Private/RayTracing/RayTracingReflectionEnvironment.ush" 2876
"../../../Engine/Shaders/Private/Lumen/LumenHardwareRayTracingPlatformCommon.ush" 2877
"../../../Engine/Shaders/Private/Lumen/LumenReflectionsCombine.ush" 2878
"../../../Engine/Shaders/Private/Lumen/LumenTracingCommon.ush" 2879
"../../../Engine/Shaders/Private/Lumen/SurfaceCache/LumenSurfaceCacheSampling.ush" 2880
"../../../Engine/Shaders/Private/Lumen/SurfaceCache/LumenSurfaceCache.ush" 2881
"../../../Engine/Shaders/Private/Lumen/LumenCardCommon.ush" 2882
"../../../Engine/Shaders/Private/Lumen/LumenCardTileShadowDownsampleFactor.ush" 2883
"../../../Engine/Shaders/Private/MegaLights/MegaLightsHardwareRayTracing.usf" 2884
"../../../Engine/Shaders/Private/MegaLights/MegaLights.usf" 2885
"../../../Engine/Shaders/Private/MegaLights/MegaLightsShading.ush" 2886
"../../../Engine/Shaders/Private/MegaLights/MegaLightsFilterVisibleLightHash.usf" 2887
"../../../Engine/Shaders/Private/MegaLights/MegaLightsDenoiserSpatial.usf" 2888
"../../../Engine/Shaders/Private/Lumen/LumenReflectionDenoiserCommon.ush" 2889
"../../../Engine/Shaders/Private/MegaLights/MegaLightsDenoiserTemporal.usf" 2890
"../../../Engine/Shaders/Private/MegaLights/MegaLightsShading.usf" 2891
"../../../Engine/Shaders/Private/StochasticLighting/StochasticLightingUpsample.ush" 2892
"../../../Engine/Shaders/Private/MegaLights/MegaLightsVisibleLightHash.usf" 2893
"../../../Engine/Shaders/Private/MegaLights/MegaLightsVolumeShading.usf" 2894
"../../../Engine/Shaders/Private/MegaLights/MegaLightsSampling.usf" 2895
"../../../Engine/Shaders/Private/MegaLights/MegaLightsSampling.ush" 2896
"../../../Engine/Shaders/Private/MegaLights/MegaLightsVolumeSampling.usf" 2897
"../../../Engine/Shaders/Private/MaterialCache/MaterialCacheABufferPages.usf" 2898
"../../../Engine/Shaders/Private/MaterialCache/MaterialCacheShade.usf" 2899
"../../../Engine/Shaders/Private/MaterialCache/MaterialCacheUnwrapNaniteShade.usf" 2900
"../../../Engine/Shaders/Private/MaterialCache/MaterialCacheUnwrapPixelShader.usf" 2901
"../../../Engine/Shaders/Private/MaterialCache/MaterialCacheUnwrapVertexShader.usf" 2902
"../../../Engine/Shaders/Private/Lumen/LumenVisualizeRadianceCache.usf" 2903
"../../../Engine/Shaders/Private/Lumen/LumenRadianceCacheCommon.ush" 2904
"../../../Engine/Shaders/Private/Lumen/LumenVisualizeHardwareRayTracing.usf" 2905
"../../../Engine/Shaders/Private/Lumen/LumenVisualize.ush" 2906
"../../../Engine/Shaders/Private/Lumen/LumenHairTracing.ush" 2907
"../../../Engine/Shaders/Private/Lumen/LumenVisualize.usf" 2908
"../../../Engine/Shaders/Private/Lumen/LumenSoftwareRayTracing.ush" 2909
"../../../Engine/Shaders/Private/DistanceField/GlobalDistanceFieldObjectGrid.ush" 2910
"../../../Engine/Shaders/Private/DistanceFieldLightingShared.ush" 2911
"../../../Engine/Shaders/Private/Lumen/LumenVisualizeTraces.ush" 2912
"../../../Engine/Shaders/Private/Lumen/LumenTranslucencyVolumeLighting.usf" 2913
"../../../Engine/Shaders/Private/Lumen/LumenRadianceCacheMarkCommon.ush" 2914
"../../../Engine/Shaders/Private/Lumen/LumenTranslucencyVolumeLightingShared.ush" 2915
"../../../Engine/Shaders/Private/Lumen/LumenScreenProbeCommon.ush" 2916
"../../../Engine/Shaders/Private/RayTracing/RayGenUtils.ush" 2917
"../../../Engine/Shaders/Private/Lumen/LumenRadianceCacheTracingCommon.ush" 2918
"../../../Engine/Shaders/Private/Lumen/LumenTranslucencyVolumeHardwareRayTracing.usf" 2919
"../../../Engine/Shaders/Private/Lumen/LumenTranslucencyRadianceCacheMarkShaders.usf" 2920
"../../../Engine/Shaders/Private/Lumen/SurfaceCache/LumenSurfaceCache.usf" 2921
"../../../Engine/Shaders/Private/Lumen/LumenShortRangeAOHardwareRayTracing.usf" 2922
"../../../Engine/Shaders/Private/Lumen/LumenScreenSpaceBentNormal.ush" 2923
"../../../Engine/Shaders/Private/Lumen/LumenScreenSpaceBentNormal.usf" 2924
"../../../Engine/Shaders/Private/Lumen/LumenScreenProbeTracing.usf" 2925
"../../../Engine/Shaders/Private/Lumen/LumenScreenProbeTracingCommon.ush" 2926
"../../../Engine/Shaders/Private/Lumen/LumenFloatQuantization.ush" 2927
"../../../Engine/Shaders/Private/Lumen/LumenScreenProbeImportanceSampling.usf" 2928
"../../../Engine/Shaders/Private/Lumen/LumenScreenProbeImportanceSamplingShared.ush" 2929
"../../../Engine/Shaders/Private/Lumen/LumenScreenProbeHardwareRayTracing.usf" 2930
"../../../Engine/Shaders/Private/Lumen/LumenScreenProbeDebug.usf" 2931
"../../../Engine/Shaders/Private/Lumen/LumenScreenProbeGather.usf" 2932
"../../../Engine/Shaders/Private/Lumen/LumenScreenProbeGatherTemporal.usf" 2933
"../../../Engine/Shaders/Private/Lumen/LumenScreenProbeFiltering.usf" 2934
"../../../Engine/Shaders/Private/Lumen/LumenSceneLighting.usf" 2935
"../../../Engine/Shaders/Private/Lumen/LumenCardTile.ush" 2936
"../../../Engine/Shaders/Private/Lumen/LumenSceneLighting.ush" 2937
"../../../Engine/Shaders/Private/Lumen/Radiosity/LumenRadiosity.ush" 2938
"../../../Engine/Shaders/Private/Lumen/LumenSceneLightingDebug.usf" 2939
"../../../Engine/Shaders/Private/Lumen/LumenScene.usf" 2940
"../../../Engine/Shaders/Private/Lumen/LumenSceneDirectLightingHardwareRayTracing.usf" 2941
"../../../Engine/Shaders/Private/Lumen/LumenSceneDirectLightingStochastic.ush" 2942
"../../../Engine/Shaders/Private/Lumen/LumenReflectionCommon.ush" 2943
"../../../Engine/Shaders/Private/Lumen/LumenSceneDirectLighting.ush" 2944
"../../../Engine/Shaders/Private/Lumen/LumenSceneDebugHardwareRayTracing.usf" 2945
"../../../Engine/Shaders/Private/Lumen/LumenSceneDirectLightingStochastic.usf" 2946
"../../../Engine/Shaders/Private/Lumen/LumenSceneDirectLightingSoftwareRayTracing.usf" 2947
"../../../Engine/Shaders/Private/DistanceFieldShadowingShared.ush" 2948
"../../../Engine/Shaders/Private/Lumen/LumenSceneDirectLightingPerLightShadowCommon.ush" 2949
"../../../Engine/Shaders/Private/Lumen/LumenSceneDirectLightingShadowMask.usf" 2950
"../../../Engine/Shaders/Private/Lumen/LumenSceneDirectLighting.usf" 2951
"../../../Engine/Shaders/Private/Lumen/LumenSceneDirectLightingCulling.usf" 2952
"../../../Engine/Shaders/Private/Lumen/LumenCardComputeShader.usf" 2953
"../../../Engine/Shaders/Private/Lumen/LumenCardBasePass.ush" 2954
"../../../Engine/Shaders/Private/Lumen/LumenCardPixelShader.usf" 2955
"../../../Engine/Shaders/Private/Lumen/LumenCardVertexShader.usf" 2956
"../../../Engine/Shaders/Private/Lumen/LumenReSTIRGather.usf" 2957
"../../../Engine/Shaders/Private/Lumen/LumenReflectionTracing.usf" 2958
"../../../Engine/Shaders/Private/Lumen/LumenReflectionDenoiserSpatial.usf" 2959
"../../../Engine/Shaders/Private/Lumen/LumenReflectionDenoiserClear.usf" 2960
"../../../Engine/Shaders/Private/Lumen/LumenReflectionDenoiserTemporal.usf" 2961
"../../../Engine/Shaders/Private/Lumen/LumenReflectionResolve.usf" 2962
"../../../Engine/Shaders/Private/Lumen/LumenReflections.usf" 2963
"../../../Engine/Shaders/Private/Lumen/RayTracedTranslucency.usf" 2964
"../../../Engine/Shaders/Private/Lumen/LumenReflectionHardwareRayTracing.usf" 2965
"../../../Engine/Shaders/Private/Lumen/Radiosity/LumenVisualizeRadiosityProbes.usf" 2966
"../../../Engine/Shaders/Private/Lumen/Radiosity/LumenRadiosity.usf" 2967
"../../../Engine/Shaders/Private/Lumen/Radiosity/LumenRadiosityHardwareRayTracing.usf" 2968
"../../../Engine/Shaders/Private/Lumen/Radiosity/LumenRadiosityCulling.usf" 2969
"../../../Engine/Shaders/Private/Lumen/LumenRadianceCacheHardwareRayTracing.usf" 2970
"../../../Engine/Shaders/Private/Lumen/LumenRadianceCache.usf" 2971
"../../../Engine/Shaders/Private/Lumen/LumenRadianceCacheUpdate.ush" 2972
"../../../Engine/Shaders/Private/Lumen/LumenRadianceCacheDebug.usf" 2973
"../../../Engine/Shaders/Private/Lumen/LumenRadianceCacheUpdate.usf" 2974
"../../../Engine/Shaders/Private/Lumen/LumenMeshSDFCulling.usf" 2975
"../../../Engine/Shaders/Private/HybridIndirectLighting.ush" 2976
"../../../Engine/Shaders/Private/MeshDistanceFieldCommon.ush" 2977
"../../../Engine/Shaders/Private/Lumen/LumenIrradianceFieldGather.usf" 2978
"../../../Engine/Shaders/Private/Lumen/LumenHardwareRayTracingMaterials.usf" 2979
"../../../Engine/Shaders/Private/Lumen/LumenFrontLayerTranslucency.usf" 2980
"../../../Engine/Shaders/Private/LocalFogVolumes/LocalFogVolumeSplat.usf" 2981
"../../../Engine/Shaders/Private/LocalFogVolumes/LocalFogVolumeTiledCulling.usf" 2982
"../../../Engine/Shaders/Private/LightShaftShader.usf" 2983
"../../../Engine/Shaders/Private/StationaryLightOverlapShaders.usf" 2984
"../../../Engine/Shaders/Private/DeferredLightPixelShaders.usf" 2985
"../../../Engine/Shaders/Private/DeferredLightVertexShaders.usf" 2986
"../../../Engine/Shaders/Private/LightMapDensityShader.usf" 2987
"../../../Engine/Shaders/Private/LightGridInjection.usf" 2988
"../../../Engine/Shaders/Shared/LightGridDefinitions.h" 2989
"../../../Engine/Shaders/Private/LightFunctionPixelShader.usf" 2990
"../../../Engine/Shaders/Private/LightFunctionVertexShader.usf" 2991
"../../../Engine/Shaders/Private/LightFunctionAtlas/LightFunctionAtlasRender.usf" 2992
"../../../Engine/Shaders/Private/InstanceCulling/InstanceCullingOcclusionQuery.usf" 2993
"../../../Engine/Shaders/Private/InstanceCulling/InstanceCullingSetup.ush" 2994
"../../../Engine/Shaders/Private/InstanceCulling/BuildInstanceDrawCommands.usf" 2995
"../../../Engine/Shaders/Private/InstanceCulling/InstanceCompactionCommon.ush" 2996
"../../../Engine/Shaders/Private/SceneDataMobileWriter.ush" 2997
"../../../Engine/Shaders/Private/InstanceCulling/CompactVisibleInstances.usf" 2998
"../../../Engine/Shaders/Private/ReflectionEnvironmentPixelShader.usf" 2999
"../../../Engine/Shaders/Private/AmbientCubemapComposite.usf" 3000
"../../../Engine/Shaders/Private/DiffuseIndirectComposite.usf" 3001
"../../../Engine/Shaders/Private/IESAtlas.usf" 3002
"../../../Engine/Shaders/Private/HeterogeneousVolumes/HeterogeneousVolumesVoxelGridShadows.usf" 3003
"../../../Engine/Shaders/Private/HeterogeneousVolumes/HeterogeneousVolumesStochasticFiltering.ush" 3004
"../../../Engine/Shaders/Private/HeterogeneousVolumes/HeterogeneousVolumesVoxelGridRenderingUtils.ush" 3005
"../../../Engine/Shaders/Private/HeterogeneousVolumes/HeterogeneousVolumesLightingUtils.ush" 3006
"../../../Engine/Shaders/Private/HeterogeneousVolumes/HeterogeneousVolumesVoxelGridRendering.usf" 3007
"../../../Engine/Shaders/Private/HeterogeneousVolumes/HeterogeneousVolumesVoxelGridPipeline.usf" 3008
"../../../Engine/Shaders/Private/HeterogeneousVolumes/HeterogeneousVolumesMaterialBakingPipeline.usf" 3009
"../../../Engine/Shaders/Private/HeterogeneousVolumes/HeterogeneousVolumesLiveShadingUtils.ush" 3010
"../../../Engine/Shaders/Private/HeterogeneousVolumes/HeterogeneousVolumesFrustumVoxelGrid.usf" 3011
"../../../Engine/Shaders/Private/HeterogeneousVolumes/HeterogeneousVolumesSparseVoxelPipeline.usf" 3012
"../../../Engine/Shaders/Private/HeterogeneousVolumes/HeterogeneousVolumesSparseVoxelUtils.ush" 3013
"../../../Engine/Shaders/Private/HeterogeneousVolumes/HeterogeneousVolumesSparseVoxelUniformBufferUtils.ush" 3014
"../../../Engine/Shaders/Private/HeterogeneousVolumes/HeterogeneousVolumesPreshadingPipeline.usf" 3015
"../../../Engine/Shaders/Private/HeterogeneousVolumes/HeterogeneousVolumesLiveShadingShadows.usf" 3016
"../../../Engine/Shaders/Private/HeterogeneousVolumes/HeterogeneousVolumesLiveShadingGlobalPipeline.usf" 3017
"../../../Engine/Shaders/Private/HeterogeneousVolumes/HeterogeneousVolumesLiveShadingPipeline.usf" 3018
"../../../Engine/Shaders/Private/HeterogeneousVolumes/HeterogeneousVolumesHardwareRayTracing.usf" 3019
"../../../Engine/Shaders/Private/HeterogeneousVolumes/HeterogeneousVolumesAmbientOcclusionPipeline.usf" 3020
"../../../Engine/Shaders/Private/HeterogeneousVolumes/HeterogeneousVolumesComposite.usf" 3021
"../../../Engine/Shaders/Private/HdrCustomResolveShaders.usf" 3022
"../../../Engine/Shaders/Private/HairStrands/RenderCurveRaster.usf" 3023
"../../../Engine/Shaders/Private/HairStrands/HairStrandsVoxelRasterCompute.usf" 3024
"../../../Engine/Shaders/Private/HairStrands/HairStrandsHitProxy.usf" 3025
"../../../Engine/Shaders/Private/HairStrands/HairStrandsVisibilityRasterComputeNaive.usf" 3026
"../../../Engine/Shaders/Private/HairStrands/HairStrandsVisibilityRasterHW.usf" 3027
"../../../Engine/Shaders/Private/HairStrands/HairStrandsVisibilityRasterCompute.usf" 3028
"../../../Engine/Shaders/Private/HairStrands/HairStrandsVisibilityRasterClassification.usf" 3029
"../../../Engine/Shaders/Private/HairStrands/HairStrandsCoverage.usf" 3030
"../../../Engine/Shaders/Private/HairStrands/HairStrandsVisibilityDepthPS.usf" 3031
"../../../Engine/Shaders/Private/HairStrands/HairStrandsVisibilityTransmittanceDepthPS.usf" 3032
"../../../Engine/Shaders/Private/HairStrands/HairStrandsVisibilityFillOpaqueDepthPS.usf" 3033
"../../../Engine/Shaders/Private/HairStrands/HairStrandsVisibilityCompactionComputeRaster.usf" 3034
"../../../Engine/Shaders/Private/HairStrands/HairStrandsVisibilityCompaction.usf" 3035
"../../../Engine/Shaders/Private/HairStrands/HairStrandsVisibilityCopyIndirectArg.usf" 3036
"../../../Engine/Shaders/Private/HairStrands/HairStrandsVisibilityClearPS.usf" 3037
"../../../Engine/Shaders/Private/HairStrands/HairStrandsVisibilityPS.usf" 3038
"../../../Engine/Shaders/Private/HairStrands/HairStrandsVisibilityVS.usf" 3039
"../../../Engine/Shaders/Private/HairStrands/HairStrandsVelocity.usf" 3040
"../../../Engine/Shaders/Private/HairStrands/HairStrandsVisibilityComputeSampleCoverage.usf" 3041
"../../../Engine/Shaders/Private/HairStrands/HairStrandsMaterialPS.usf" 3042
"../../../Engine/Shaders/Private/HairStrands/HairStrandsMaterialCommon.ush" 3043
"../../../Engine/Shaders/Private/HairStrands/HairStrandsMaterialVS.usf" 3044
"../../../Engine/Shaders/Private/HairStrands/HairStrandsLightSample.usf" 3045
"../../../Engine/Shaders/Private/HairStrands/HairStrandsDeepShadowMask.usf" 3046
"../../../Engine/Shaders/Private/HairStrands/HairStrandsDeepTransmittanceMask.usf" 3047
"../../../Engine/Shaders/Private/HairStrands/HairStrandsVisibilityTile.usf" 3048
"../../../Engine/Shaders/Private/HairStrands/HairStrandsDeepShadowPS.usf" 3049
"../../../Engine/Shaders/Private/HairStrands/HairStrandsDeepShadowVS.usf" 3050
"../../../Engine/Shaders/Private/HairStrands/HairStrandsAABB.usf" 3051
"../../../Engine/Shaders/Private/HairStrands/HairStrandsLUT.usf" 3052
"../../../Engine/Shaders/Private/HairStrands/HairStrandsForwardRaster.usf" 3053
"../../../Engine/Shaders/Private/HairStrands/HairStrandsForwardCulling.usf" 3054
"../../../Engine/Shaders/Private/HairStrands/HairStrandsEnvironmentLighting.usf" 3055
"../../../Engine/Shaders/Private/HairStrands/HairStrandsEnvironmentAO.usf" 3056
"../../../Engine/Shaders/Private/HairStrands/HairStrandsDeepShadowAllocation.usf" 3057
"../../../Engine/Shaders/Private/HairStrands/HairStrandsVoxelDebug.usf" 3058
"../../../Engine/Shaders/Private/HairStrands/HairStrandsComposition.usf" 3059
"../../../Engine/Shaders/Private/HairStrands/HairStrandsGBufferCommon.ush" 3060
"../../../Engine/Shaders/Private/GPUScene/GPUSceneDataManagement.usf" 3061
"../../../Engine/Shaders/Private/GPUSceneDebugRender.usf" 3062
"../../../Engine/Shaders/Private/GPUFeedbackCompaction.usf" 3063
"../../../Engine/Shaders/Private/GPUFastFourierTransform.usf" 3064
"../../../Engine/Shaders/Private/GPUFastFourierTransform2DCore.ush" 3065
"../../../Engine/Shaders/Private/GPUFastFourierTransformCore.ush" 3066
"../../../Engine/Shaders/Private/GPUBenchmark.usf" 3067
"../../../Engine/Shaders/Private/DistanceField/GlobalDistanceFieldDebug.usf" 3068
"../../../Engine/Shaders/Private/DistanceField/GlobalDistanceFieldUpdate.ush" 3069
"../../../Engine/Shaders/Private/DistanceField/GlobalDistanceFieldMip.usf" 3070
"../../../Engine/Shaders/Private/DistanceField/GlobalDistanceField.usf" 3071
"../../../Engine/Shaders/Private/DistanceField/GlobalDistanceFieldCompositeObjects.usf" 3072
"../../../Engine/Shaders/Private/DistanceField/GlobalDistanceFieldHeightfields.usf" 3073
"../../../Engine/Shaders/Private/HeightfieldLightingShared.ush" 3074
"../../../Engine/Shaders/Private/GenerateConservativeDepth.usf" 3075
"../../../Engine/Shaders/Private/HeightFogPixelShader.usf" 3076
"../../../Engine/Shaders/Private/HeightFogVertexShader.usf" 3077
"../../../Engine/Shaders/Private/DistortFiltering.usf" 3078
"../../../Engine/Shaders/Private/DistortAccumulatePS.usf" 3079
"../../../Engine/Shaders/Private/DistortAccumulateVS.usf" 3080
"../../../Engine/Shaders/Private/DistanceFieldVisualization.usf" 3081
"../../../Engine/Shaders/Private/DistanceFieldStreaming.usf" 3082
"../../../Engine/Shaders/Private/DistanceFieldShadowing.usf" 3083
"../../../Engine/Shaders/Private/DistanceFieldScreenGridLighting.usf" 3084
"../../../Engine/Shaders/Private/DistanceFieldObjectCulling.usf" 3085
"../../../Engine/Shaders/Private/DistanceFieldLightingPost.usf" 3086
"../../../Engine/Shaders/Private/DitheredTransitionStencil.usf" 3087
"../../../Engine/Shaders/Private/CopyDepthTexture.usf" 3088
"../../../Engine/Shaders/Private/CopyDepthTextureCS.usf" 3089
"../../../Engine/Shaders/Private/DeferredDecal.usf" 3090
"../../../Engine/Shaders/Private/DecalCommon.ush" 3091
"../../../Engine/Shaders/Private/DebugViewModeVertexShader.usf" 3092
"../../../Engine/Shaders/Private/DebugViewModeCommon.ush" 3093
"../../../Engine/Shaders/Private/DebugViewModePixelShader.usf" 3094
"../../../Engine/Shaders/Private/DebugProbes.usf" 3095
"../../../Engine/Shaders/Private/MeshDecals.usf" 3096
"../../../Engine/Shaders/Private/PostProcessAmbientOcclusion.usf" 3097
"../../../Engine/Shaders/Private/ClusteredDeferredShadingPixelShader.usf" 3098
"../../../Engine/Shaders/Private/ClusteredDeferredShadingVertexShader.usf" 3099
"../../../Engine/Shaders/Private/CapsuleShadowShaders.usf" 3100
"../../../Engine/Shaders/Private/BasePassPixelShader.usf" 3101
"../../../Engine/Shaders/Private/ForwardLightingCommon.ush" 3102
"../../../Engine/Shaders/Private/Substrate/SubstrateForwardLighting.ush" 3103
"../../../Engine/Shaders/Private/ComputeShaderOutputCommon.ush" 3104
"../../../Engine/Shaders/Private/BasePassVertexShader.usf" 3105
"../../../Engine/Shaders/Private/BasePassVertexCommon.ush" 3106
"../../../Engine/Shaders/Private/SimpleElementVolumeTexturePreviewPixelShader.usf" 3107
"../../../Engine/Shaders/Private/SimpleElementTexture2DPreviewPixelShader.usf" 3108
"../../../Engine/Shaders/Private/meshpaintdilatepixelshader.usf" 3109
"../../../Engine/Shaders/Private/meshpaintdilatevertexshader.usf" 3110
"../../../Engine/Shaders/Private/MeshPaintPixelShader.usf" 3111
"../../../Engine/Shaders/Private/MeshPaintVertexShader.usf" 3112
"../../../Engine/Shaders/Private/SlateElementPixelShader.usf" 3113
"../../../Engine/Shaders/Private/SlateShaderCommon.ush" 3114
"../../../Engine/Shaders/Private/SlateMaskingShader.usf" 3115
"../../../Engine/Shaders/Private/SlateVertexShader.usf" 3116
"../../../Engine/Shaders/Private/CompositeUIPixelShader.usf" 3117
"../../../Engine/Shaders/Private/ColorDeficiency.ush" 3118
"../../../Engine/Shaders/Private/SlatePostProcessColorDeficiencyPixelShader.usf" 3119
"../../../Engine/Shaders/Private/SlatePostProcessPixelShader.usf" 3120
"../../../Engine/Shaders/Private/Tools/VisualizeTexture.usf" 3121
"../../../Engine/Shaders/Private/UpdateDescriptorHandle.usf" 3122
"../../../Engine/Shaders/Private/ByteBuffer.usf" 3123
"../../../Engine/Shaders/Private/ShaderBundleWorkGraphDispatch.usf" 3124
"../../../Engine/Shaders/Private/ShaderBundleDispatch.usf" 3125
"../../../Engine/Shaders/Private/ResolveVertexShader.usf" 3126
"../../../Engine/Shaders/Private/ResolvePixelShader.usf" 3127
"../../../Engine/Shaders/Private/Tools/SetupIndirectArgs.usf" 3128
"../../../Engine/Shaders/Private/ClearReplacementShaders.usf" 3129
"../../../Engine/Shaders/Private/Tools/DrawTexture.usf" 3130
"../../../Engine/Shaders/Private/RayTracing/RayTracingValidation.usf" 3131
"../../../Engine/Shaders/Private/RenderGraphUtilities.usf" 3132
"../../../Engine/Shaders/Private/OneColorShader.usf" 3133
"../../../Engine/Shaders/Private/OculusShaders.usf" 3134
"../../../Engine/Shaders/Private/MediaShaders.usf" 3135
"../../../Engine/Shaders/Private/GPUMessaging.usf" 3136
"../../../Engine/Shaders/Private/Tools/GPUDebugCrashUtils.usf" 3137
"../../../Engine/Shaders/Private/NullPixelShader.usf" 3138
"../../../Engine/Shaders/Private/ComputeGenerateMips.usf" 3139
"../../../Engine/Shaders/Private/Tools/DumpTexture.usf" 3140
"../../../Engine/Shaders/Private/CopyTextureShaders.usf" 3141
"../../../Engine/Shaders/Private/Tools/FullscreenVertexShader.usf" 3142
"../../../Engine/Shaders/Private/RayTracing/RayTracingDispatchDesc.usf" 3143
"../../../Engine/Shaders/Private/Bink.usf" 3144
"../../../Engine/Shaders/Private/VelocityShader.usf" 3145
"../../../Engine/Shaders/Private/DepthOnlyPixelShader.usf" 3146
"../../../Engine/Shaders/Private/PositionOnlyDepthVertexShader.usf" 3147
"../../../Engine/Shaders/Private/DepthOnlyVertexShader.usf" 3148
"../../../Engine/Shaders/Private/AnisotropyPassShader.usf" 3149
"/Engine/EngineResources/WhiteSquareTexture" 3150
"../../../Engine/Content/EngineResources/WhiteSquareTexture.uasset" 3151
"/Engine/EngineResources/GradientTexture0" 3152
"../../../Engine/Content/EngineResources/GradientTexture0.uasset" 3153
"/Engine/EngineResources/Black" 3154
"../../../Engine/Content/EngineResources/Black.uasset" 3155
"/Engine/EditorResources/S_Actor" 3156
"../../../Engine/Content/EditorResources/S_Actor.uasset" 3157
"/Engine/EngineFonts/RobotoDistanceField" 3158
"../../../Engine/Content/EngineFonts/RobotoDistanceField.uasset" 3159
"/Engine/EngineMaterials/DefaultTextMaterialOpaque" 3160
"../../../Engine/Content/EngineMaterials/DefaultTextMaterialOpaque.uasset" 3161
"/Engine/Functions/Engine_MaterialFunctions01/Shading/PowerToRoughness" 3162
"../../../Engine/Content/Functions/Engine_MaterialFunctions01/Shading/PowerToRoughness.uasset" 3163
"/Engine/Functions/Engine_MaterialFunctions01/Shading/ConvertFromDiffSpec" 3164
"../../../Engine/Content/Functions/Engine_MaterialFunctions01/Shading/ConvertFromDiffSpec.uasset" 3165
"/Engine/EngineMaterials/WorldGridMaterial" 3166
"../../../Engine/Content/EngineMaterials/WorldGridMaterial.uasset" 3167
"../../../Engine/Content/Functions/Engine_MaterialFunctions01/Opacity/CameraDepthFade.uasset" 3168
"../../../Engine/Content/EngineMaterials/T_Default_Material_Grid_M.uasset" 3169
"../../../Engine/Content/EngineMaterials/T_Default_Material_Grid_N.uasset" 3170
"/Engine/EngineMaterials/DefaultDeferredDecalMaterial" 3171
"../../../Engine/Content/EngineMaterials/DefaultDeferredDecalMaterial.uasset" 3172
"../../../Engine/Content/EngineMaterials/DefaultDiffuse.uasset" 3173
"/Engine/EngineMaterials/DefaultLightFunctionMaterial" 3174
"../../../Engine/Content/EngineMaterials/DefaultLightFunctionMaterial.uasset" 3175
"/Engine/EngineMaterials/DefaultPostProcessMaterial" 3176
"../../../Engine/Content/EngineMaterials/DefaultPostProcessMaterial.uasset" 3177
"../../../Engine/Content/Functions/Engine_MaterialFunctions02/Utility/BreakOutFloat2Components.uasset" 3178
"/Engine/EditorResources/S_Trigger" 3179
"../../../Engine/Content/EditorResources/S_Trigger.uasset" 3180
"/Engine/EditorResources/S_BoxReflectionCapture" 3181
"../../../Engine/Content/EditorResources/S_BoxReflectionCapture.uasset" 3182
"/Engine/EngineResources/DefaultTexture" 3183
"../../../Engine/Content/EngineResources/DefaultTexture.uasset" 3184
"/Engine/EditorResources/S_TriggerBox" 3185
"../../../Engine/Content/EditorResources/S_TriggerBox.uasset" 3186
"/Engine/EditorResources/S_TriggerCapsule" 3187
"../../../Engine/Content/EditorResources/S_TriggerCapsule.uasset" 3188
"/Engine/EditorResources/S_TriggerSphere" 3189
"../../../Engine/Content/EditorResources/S_TriggerSphere.uasset" 3190
"/Engine/EngineDamageTypes/DmgTypeBP_Environmental" 3191
"../../../Engine/Content/EngineDamageTypes/DmgTypeBP_Environmental.uasset" 3192
"/Engine/EngineMeshes/Sphere" 3193
"../../../Engine/Content/EngineMeshes/Sphere.uasset" 3194
"/Engine/EngineResources/DefaultTextureCube" 3195
"../../../Engine/Content/EngineResources/DefaultTextureCube.uasset" 3196
"/Engine/EngineResources/DefaultVolumeTexture" 3197
"../../../Engine/Content/EngineResources/DefaultVolumeTexture.uasset" 3198
"../../../Engine/Content/EngineResources/DefaultVolumeTexture2D.uasset" 3199
"/Engine/VREditor/TransformGizmo/SM_Sequencer_Node" 3200
"../../../Engine/Content/VREditor/TransformGizmo/SM_Sequencer_Node.uasset" 3201
"../../../Engine/Content/VREditor/TransformGizmo/Main.uasset" 3202
"../../../Engine/Content/VREditor/TransformGizmo/Xray.uasset" 3203
"/Engine/EditorResources/S_Solver" 3204
"../../../Engine/Content/EditorResources/S_Solver.uasset" 3205
"/Engine/EngineDebugMaterials/VolumeToRender" 3206
"../../../Engine/Content/EngineDebugMaterials/VolumeToRender.uasset" 3207
"/Engine/EngineDebugMaterials/M_VolumeRenderSphereTracePP" 3208
"../../../Engine/Content/EngineDebugMaterials/M_VolumeRenderSphereTracePP.uasset" 3209
"../../../Engine/Content/Functions/Engine_MaterialFunctions02/Utility/CameraDirectionVector.uasset" 3210
"/Engine/EditorMeshes/Camera/SM_CraneRig_Base" 3211
"../../../Engine/Content/EditorMeshes/Camera/SM_CraneRig_Base.uasset" 3212
"../../../Engine/Content/EditorMaterials/Camera/MI_CineMat_Rig.uasset" 3213
"../../../Engine/Content/EditorMaterials/Camera/CineMat.uasset" 3214
"/Engine/EditorMeshes/Camera/SM_CraneRig_Arm" 3215
"../../../Engine/Content/EditorMeshes/Camera/SM_CraneRig_Arm.uasset" 3216
"/Engine/EditorMeshes/Camera/SM_CraneRig_Mount" 3217
"../../../Engine/Content/EditorMeshes/Camera/SM_CraneRig_Mount.uasset" 3218
"/Engine/EditorMeshes/Camera/SM_CraneRig_Body" 3219
"../../../Engine/Content/EditorMeshes/Camera/SM_CraneRig_Body.uasset" 3220
"/Engine/EditorMeshes/Camera/SM_RailRig_Track" 3221
"../../../Engine/Content/EditorMeshes/Camera/SM_RailRig_Track.uasset" 3222
"/Engine/EditorMeshes/Camera/SM_RailRig_Mount" 3223
"../../../Engine/Content/EditorMeshes/Camera/SM_RailRig_Mount.uasset" 3224
"/Engine/EditorLandscapeResources/SplineEditorMesh" 3225
"../../../Engine/Content/EditorLandscapeResources/SplineEditorMesh.uasset" 3226
"../../../Engine/Content/EditorLandscapeResources/SplineEditorMeshMat.uasset" 3227
"/HairStrands/Materials/HairDebugMaterial" 3228
"../../Plugins/Runtime/HairStrands/Content/Materials/HairDebugMaterial.uasset" 3229
"../../../Engine/Content/Functions/Engine_MaterialFunctions02/Utility/MakeFloat2.uasset" 3230
"../../../Engine/Content/Functions/Engine_MaterialFunctions02/Utility/MakeFloat3.uasset" 3231
"../../../Engine/Content/EngineMaterials/HairColorMap.uasset" 3232
"../../../Engine/Content/EngineMaterials/HairDebugColor.uasset" 3233
"../../Plugins/Runtime/HairStrands/Content/Materials/HairGroupColors.uasset" 3234
"/HairStrands/Materials/HairDefaultMaterial" 3235
"../../Plugins/Runtime/HairStrands/Content/Materials/HairDefaultMaterial.uasset" 3236
"/HairStrands/Materials/HairCardsDefaultMaterial" 3237
"../../Plugins/Runtime/HairStrands/Content/Materials/HairCardsDefaultMaterial.uasset" 3238
"/HairStrands/Materials/HairMeshesDefaultMaterial" 3239
"../../Plugins/Runtime/HairStrands/Content/Materials/HairMeshesDefaultMaterial.uasset" 3240
"/Engine/BasicShapes/Cube" 3241
"../../../Engine/Content/BasicShapes/Cube.uasset" 3242
"/CameraCalibrationCore/Materials/M_DefaultOddSquare" 3243
"../../Plugins/VirtualProduction/CameraCalibrationCore/Content/Materials/M_DefaultOddSquare.uasset" 3244
"/CameraCalibrationCore/Materials/M_DefaultEvenSquare" 3245
"../../Plugins/VirtualProduction/CameraCalibrationCore/Content/Materials/M_DefaultEvenSquare.uasset" 3246
"/Engine/EngineMaterials/Widget3DPassThrough_Translucent" 3247
"../../../Engine/Content/EngineMaterials/Widget3DPassThrough_Translucent.uasset" 3248
"../../../Engine/Content/EngineMaterials/Widget3DPassThrough.uasset" 3249
"/Engine/EngineMaterials/Widget3DPassThrough_Translucent_OneSided" 3250
"../../../Engine/Content/EngineMaterials/Widget3DPassThrough_Translucent_OneSided.uasset" 3251
"/Engine/EngineMaterials/Widget3DPassThrough_Opaque" 3252
"../../../Engine/Content/EngineMaterials/Widget3DPassThrough_Opaque.uasset" 3253
"/Engine/EngineMaterials/Widget3DPassThrough_Opaque_OneSided" 3254
"../../../Engine/Content/EngineMaterials/Widget3DPassThrough_Opaque_OneSided.uasset" 3255
"/Engine/EngineMaterials/Widget3DPassThrough_Masked" 3256
"../../../Engine/Content/EngineMaterials/Widget3DPassThrough_Masked.uasset" 3257
"/Engine/EngineMaterials/Widget3DPassThrough_Masked_OneSided" 3258
"../../../Engine/Content/EngineMaterials/Widget3DPassThrough_Masked_OneSided.uasset" 3259
"/Engine/VREditor/ViewportInteractionAssetContainerData" 3260
"../../../Engine/Content/VREditor/ViewportInteractionAssetContainerData.uasset" 3261
"../../../Engine/Content/VREditor/SnapGrid/SnapGridMaterial.uasset" 3262
"../../../Engine/Content/VREditor/TransformGizmo/TransformGizmoMaterial_Inst.uasset" 3263
"../../../Engine/Content/VREditor/TransformGizmo/TranslucentTransformGizmoMaterial_Inst.uasset" 3264
"../../../Engine/Content/VREditor/SnapGrid/SnapGridPlaneMesh.uasset" 3265
"../../../Engine/Content/VREditor/Sounds/UI/Drop_Item_From_ContentBrowser.uasset" 3266
"../../../Engine/Content/VREditor/Sounds/UI/Gizmo_Handle_Clicked.uasset" 3267
"../../../Engine/Content/VREditor/Sounds/UI/Object_PickUp.uasset" 3268
"../../../Engine/Content/VREditor/Sounds/UI/Object_Snaps_To_Another_Actor.uasset" 3269
"../../../Engine/Content/VREditor/Sounds/UI/Object_Snaps_To_Grid.uasset" 3270
"../../../Engine/Content/VREditor/Sounds/UI/Scaling_Down.uasset" 3271
"../../../Engine/Content/VREditor/Sounds/UI/Scaling_Up.uasset" 3272
"../../../Engine/Content/VREditor/Sounds/UI/Selection_Changes.uasset" 3273
"../../../Engine/Content/VREditor/TransformGizmo/PlaneTranslationHandle.uasset" 3274
"../../../Engine/Content/VREditor/TransformGizmo/RotationHandleFull.uasset" 3275
"../../../Engine/Content/VREditor/TransformGizmo/RotationHandleIndicator.uasset" 3276
"../../../Engine/Content/VREditor/TransformGizmo/RotationHandleQuarter.uasset" 3277
"../../../Engine/Content/VREditor/TransformGizmo/StartRotationHandleIndicator.uasset" 3278
"../../../Engine/Content/VREditor/TransformGizmo/TransformGizmoFreeRotation.uasset" 3279
"../../../Engine/Content/VREditor/TransformGizmo/TranslateArrowHandle.uasset" 3280
"../../../Engine/Content/VREditor/TransformGizmo/UniformScaleHandle.uasset" 3281
"../../../Engine/Content/Functions/Engine_MaterialFunctions02/Math/Transform3x3Matrix.uasset" 3282
"../../../Engine/Content/Functions/Engine_MaterialFunctions02/SplitComponents.uasset" 3283
"../../../Engine/Content/VREditor/TransformGizmo/TransformGizmoMaterial.uasset" 3284
"../../../Engine/Content/VREditor/TransformGizmo/TranslucentTransformGizmoMaterial.uasset" 3285
"../../../Engine/Content/Functions/Engine_MaterialFunctions02/Utility/BreakOutFloat3Components.uasset" 3286
"../../../Engine/Content/VREditor/LaserPointer/VR_LaserPower_01.uasset" 3287
"/Engine/VREditor/TransformGizmo/BoundingBoxCorner" 3288
"../../../Engine/Content/VREditor/TransformGizmo/BoundingBoxCorner.uasset" 3289
"/Engine/VREditor/TransformGizmo/BoundingBoxEdge" 3290
"../../../Engine/Content/VREditor/TransformGizmo/BoundingBoxEdge.uasset" 3291
"/Engine/ArtTools/RenderToTexture/Meshes/S_1_Unit_Plane" 3292
"../../../Engine/Content/ArtTools/RenderToTexture/Meshes/S_1_Unit_Plane.uasset" 3293
"/Engine/EngineDebugMaterials/M_SimpleUnlitTranslucent" 3294
"../../../Engine/Content/EngineDebugMaterials/M_SimpleUnlitTranslucent.uasset" 3295
"/Engine/EngineFonts/Roboto" 3296
"../../../Engine/Content/EngineFonts/Roboto.uasset" 3297
"../../../Engine/Content/EngineFonts/Faces/DroidSansFallback.uasset" 3298
"../../../Engine/Content/EngineFonts/Faces/RobotoBold.uasset" 3299
"../../../Engine/Content/EngineFonts/Faces/RobotoBoldItalic.uasset" 3300
"../../../Engine/Content/EngineFonts/Faces/RobotoItalic.uasset" 3301
"../../../Engine/Content/EngineFonts/Faces/RobotoLight.uasset" 3302
"../../../Engine/Content/EngineFonts/Faces/RobotoRegular.uasset" 3303
"/Engine/EditorMaterials/ParticleSystems/PSysThumbnail_NoImage" 3304
"../../../Engine/Content/EditorMaterials/ParticleSystems/PSysThumbnail_NoImage.uasset" 3305
"/Engine/EditorMaterials/ParticleSystems/PSysThumbnail_OOD" 3306
"../../../Engine/Content/EditorMaterials/ParticleSystems/PSysThumbnail_OOD.uasset" 3307
"/Engine/EngineResources/LandscapeVisibilityLayerInfo" 3308
"../../../Engine/Content/EngineResources/LandscapeVisibilityLayerInfo.uasset" 3309
"/ACLPlugin/ACLAnimBoneCompressionSettings" 3310
"../../Plugins/Animation/ACLPlugin/Content/ACLAnimBoneCompressionSettings.uasset" 3311
"/Engine/Animation/DefaultRecorderBoneCompression" 3312
"../../../Engine/Content/Animation/DefaultRecorderBoneCompression.uasset" 3313
"/ACLPlugin/ACLAnimCurveCompressionSettings" 3314
"../../Plugins/Animation/ACLPlugin/Content/ACLAnimCurveCompressionSettings.uasset" 3315
"/Engine/Animation/DefaultVariableFrameStrippingSettings" 3316
"../../../Engine/Content/Animation/DefaultVariableFrameStrippingSettings.uasset" 3317
"/AudioWidgets/Resources/ScrubHandleDown_Clamped" 3318
"../../Plugins/Runtime/AudioWidgets/Content/Resources/ScrubHandleDown_Clamped.uasset" 3319
"/Paper2D/MaskedUnlitSpriteMaterial" 3320
"../../Plugins/2D/Paper2D/Content/MaskedUnlitSpriteMaterial.uasset" 3321
"../../Plugins/2D/Paper2D/Content/DefaultSpriteMaterial.uasset" 3322
"../../Plugins/2D/Paper2D/Content/PlaceholderTextures/DummySpriteTexture.uasset" 3323
"/Paper2D/OpaqueUnlitSpriteMaterial" 3324
"../../Plugins/2D/Paper2D/Content/OpaqueUnlitSpriteMaterial.uasset" 3325
"/Paper2D/DefaultPaperTerrainMaterial" 3326
"../../Plugins/2D/Paper2D/Content/DefaultPaperTerrainMaterial.uasset" 3327
"../../Plugins/2D/Paper2D/Content/DummySprite.uasset" 3328
"/ControlRig/Controls/ControlRigXRayMaterial" 3329
"../../Plugins/Animation/ControlRig/Content/Controls/ControlRigXRayMaterial.uasset" 3330
"/ControlRig/Controls/DefaultGizmoLibraryNormalized" 3331
"../../Plugins/Animation/ControlRig/Content/Controls/DefaultGizmoLibraryNormalized.uasset" 3332
"/ControlRig/M_Manip" 3333
"../../Plugins/Animation/ControlRig/Content/M_Manip.uasset" 3334
"../../../Engine/Content/Functions/Engine_MaterialFunctions02/WorldPositionOffset/CameraOffset.uasset" 3335
"/Engine/BasicShapes/Sphere" 3336
"../../../Engine/Content/BasicShapes/Sphere.uasset" 3337
"../../../Engine/Content/EngineMaterials/DefaultMaterial.uasset" 3338
"../../../Engine/Intermediate/ProjectFiles/PrimaryProjectPath.txt" 3339
"/SpeedTreeImporter/SpeedTree9/SpeedTreeMaster" 3340
"../../Plugins/Editor/SpeedTreeImporter/Content/SpeedTree9/SpeedTreeMaster.uasset" 3341
"../../../Engine/Content/Functions/Engine_MaterialFunctions02/ObjectLocalBounds.uasset" 3342
"../../../Engine/Content/Functions/Engine_MaterialFunctions02/SafeNormalize.uasset" 3343
"../../../Engine/Content/Functions/Engine_MaterialFunctions02/Utility/VectorLength.uasset" 3344
"../../../Engine/Content/Functions/Engine_MaterialFunctions02/UVs/BoundingBoxBased_0-1_UVW.uasset" 3345
"../../../Engine/Content/Functions/Engine_MaterialFunctions02/WorldPositionOffset/ObjectScale.uasset" 3346
"../../Plugins/Editor/SpeedTreeImporter/Content/SpeedTree9/SpeedTreeBranchMotion.uasset" 3347
"../../Plugins/Editor/SpeedTreeImporter/Content/SpeedTree9/SpeedTreeCameraFacing.uasset" 3348
"../../Plugins/Editor/SpeedTreeImporter/Content/SpeedTree9/SpeedTreeWind.uasset" 3349
"../../Plugins/Editor/SpeedTreeImporter/Content/SpeedTree9/SpeedTreeWindMotion.uasset" 3350
"../../Plugins/Editor/SpeedTreeImporter/Content/SpeedTree9/UnpackDirection.uasset" 3351
"../../Plugins/Editor/SpeedTreeImporter/Content/SpeedTree9/UnpackInteger3.uasset" 3352
"../../Plugins/Editor/SpeedTreeImporter/Content/SpeedTree9/Empty.uasset" 3353
"../../Plugins/Editor/SpeedTreeImporter/Content/SpeedTree9/EmptyNormal.uasset" 3354
"../../Plugins/Editor/SpeedTreeImporter/Content/SpeedTree9/game_wind_noise.uasset" 3355
"/SpeedTreeImporter/SpeedTree9/SpeedTreeBillboardMaster" 3356
"../../Plugins/Editor/SpeedTreeImporter/Content/SpeedTree9/SpeedTreeBillboardMaster.uasset" 3357
"../../Plugins/Editor/SpeedTreeImporter/Content/SpeedTree9/SpeedTreeBillboard.uasset" 3358
"/MediaPlate/SM_MediaPlateScreen" 3359
"../../Plugins/Media/MediaPlate/Content/SM_MediaPlateScreen.uasset" 3360
"/Engine/BasicShapes/BasicShapeMaterial" 3361
"../../../Engine/Content/BasicShapes/BasicShapeMaterial.uasset" 3362
"/Engine/EditorMaterials/Dataflow/DataflowVertexMaterial" 3363
"../../../Engine/Content/EditorMaterials/Dataflow/DataflowVertexMaterial.uasset" 3364
"/Engine/EditorMaterials/Dataflow/DataflowTwoSidedVertexMaterial" 3365
"../../../Engine/Content/EditorMaterials/Dataflow/DataflowTwoSidedVertexMaterial.uasset" 3366
"/Engine/EditorLandscapeResources/LayerVisMaterial" 3367
"../../../Engine/Content/EditorLandscapeResources/LayerVisMaterial.uasset" 3368
"../../../Engine/Content/EditorLandscapeResources/WhiteSquareTexture.uasset" 3369
"/Engine/EditorLandscapeResources/SelectBrushMaterial_Selected" 3370
"../../../Engine/Content/EditorLandscapeResources/SelectBrushMaterial_Selected.uasset" 3371
"../../../Engine/Content/EditorLandscapeResources/SelectBrushMaterial.uasset" 3372
"../../../Engine/Content/Functions/Engine_MaterialFunctions03/Math/WithinRangeFloat2.uasset" 3373
"../../../Engine/Content/EditorLandscapeResources/DefaultAlphaTexture.uasset" 3374
"/Engine/EditorLandscapeResources/SelectBrushMaterial_SelectedRegion" 3375
"../../../Engine/Content/EditorLandscapeResources/SelectBrushMaterial_SelectedRegion.uasset" 3376
"/Engine/EditorLandscapeResources/MaskBrushMaterial_MaskedRegion" 3377
"../../../Engine/Content/EditorLandscapeResources/MaskBrushMaterial_MaskedRegion.uasset" 3378
"../../../Engine/Content/EditorLandscapeResources/MaskBrushMaterial.uasset" 3379
"/Engine/EditorLandscapeResources/ColorMaskBrushMaterial_MaskedRegion" 3380
"../../../Engine/Content/EditorLandscapeResources/ColorMaskBrushMaterial_MaskedRegion.uasset" 3381
"../../../Engine/Content/EditorLandscapeResources/ColorMaskBrushMaterial.uasset" 3382
"/Engine/EditorLandscapeResources/LandscapeDirtyMaterial" 3383
"../../../Engine/Content/EditorLandscapeResources/LandscapeDirtyMaterial.uasset" 3384
"/Engine/EditorLandscapeResources/LandscapeLayerUsageMaterial" 3385
"../../../Engine/Content/EditorLandscapeResources/LandscapeLayerUsageMaterial.uasset" 3386
"../../../Engine/Content/Functions/Engine_MaterialFunctions01/Debug/DebugIntValues.uasset" 3387
"../../../Engine/Content/Functions/Engine_MaterialFunctions01/Texturing/ScaleUVsByCenter.uasset" 3388
"../../../Engine/Content/Functions/Engine_MaterialFunctions02/WorldPositionOffset/LocalPosition.uasset" 3389
"../../../Engine/Content/Functions/Engine_MaterialFunctions01/Texturing/TextureCropping.uasset" 3390
"../../../Engine/Content/Functions/Engine_MaterialFunctions02/ExampleContent/DebugNumberStrip.uasset" 3391
"C:/Users/jinso/AppData/Local/UnrealEngine/Editor/UInteractiveToolsPresetCollectionAsset_DefaultCollection.json" 3392
"/Engine/EngineMaterials/NaniteHiddenSectionMaterial" 3393
"../../../Engine/Content/EngineMaterials/NaniteHiddenSectionMaterial.uasset" 3394
"/Engine/EngineMaterials/RemoveSurfaceMaterial" 3395
"../../../Engine/Content/EngineMaterials/RemoveSurfaceMaterial.uasset" 3396
"/Engine/EngineDebugMaterials/DebugMeshMaterial" 3397
"../../../Engine/Content/EngineDebugMaterials/DebugMeshMaterial.uasset" 3398
"/Engine/EngineMaterials/EmissiveMeshMaterial" 3399
"../../../Engine/Content/EngineMaterials/EmissiveMeshMaterial.uasset" 3400
"../../../Engine/Content/EngineMaterials/DefaultWhiteGrid_Low.uasset" 3401
"/Engine/EngineMaterials/M_InvalidLightmapSettings" 3402
"../../../Engine/Content/EngineMaterials/M_InvalidLightmapSettings.uasset" 3403
"../../../Engine/Content/EngineMaterials/InvalidLightmapSettings.uasset" 3404
"/Engine/EngineMaterials/GizmoMaterial" 3405
"../../../Engine/Content/EngineMaterials/GizmoMaterial.uasset" 3406
"/Engine/EngineMaterials/PhAT_JointLimitMaterial" 3407
"../../../Engine/Content/EngineMaterials/PhAT_JointLimitMaterial.uasset" 3408
"/Engine/EngineMaterials/FlattenMaterial" 3409
"../../../Engine/Content/EngineMaterials/FlattenMaterial.uasset" 3410
"../../../Engine/Content/EngineMaterials/BaseFlattenDiffuseMap.uasset" 3411
"../../../Engine/Content/EngineMaterials/BaseFlattenEmissiveMap.uasset" 3412
"../../../Engine/Content/EngineMaterials/BaseFlattenGrayscaleMap.uasset" 3413
"../../../Engine/Content/EngineMaterials/BaseFlattenLinearColor.uasset" 3414
"../../../Engine/Content/EngineMaterials/BaseFlattenNormalMap.uasset" 3415
"../../../Engine/Content/Functions/Engine_MaterialFunctions02/PivotPainter2/Black_1x1_EXR_Texture.uasset" 3416
"/Engine/EngineMaterials/FlattenMaterial_VT" 3417
"../../../Engine/Content/EngineMaterials/FlattenMaterial_VT.uasset" 3418
"../../../Engine/Content/EngineMaterials/BaseFlattenDiffuseMap_VT.uasset" 3419
"../../../Engine/Content/EngineMaterials/BaseFlattenEmissiveMap_VT.uasset" 3420
"../../../Engine/Content/EngineMaterials/BaseFlattenGrayscaleMap_VT.uasset" 3421
"../../../Engine/Content/EngineMaterials/BaseFlattenLinearColor_VT.uasset" 3422
"../../../Engine/Content/EngineMaterials/BaseFlattenNormalMap_VT.uasset" 3423
"../../../Engine/Content/EngineMaterials/Black_1x1_EXR_Texture_VT.uasset" 3424
"/Engine/EngineMaterials/FlattenMaterial_WS_Normal_VT" 3425
"../../../Engine/Content/EngineMaterials/FlattenMaterial_WS_Normal_VT.uasset" 3426
"/Engine/EngineMaterials/Good64x64TilingNoiseHighFreq" 3427
"../../../Engine/Content/EngineMaterials/Good64x64TilingNoiseHighFreq.uasset" 3428
"/Engine/EngineMaterials/DefaultBokeh" 3429
"../../../Engine/Content/EngineMaterials/DefaultBokeh.uasset" 3430
"/Engine/EngineMaterials/MiniFont" 3431
"../../../Engine/Content/EngineMaterials/MiniFont.uasset" 3432
"/Engine/EngineMaterials/WeightMapPlaceholderTexture" 3433
"../../../Engine/Content/EngineMaterials/WeightMapPlaceholderTexture.uasset" 3434
"/Engine/EngineMaterials/WeightMapArrayPlaceholderTexture" 3435
"../../../Engine/Content/EngineMaterials/WeightMapArrayPlaceholderTexture.uasset" 3436
"/Engine/EngineMaterials/DefaultWhiteGrid" 3437
"../../../Engine/Content/EngineMaterials/DefaultWhiteGrid.uasset" 3438
"/Engine/EngineMaterials/PreintegratedSkinBRDF" 3439
"../../../Engine/Content/EngineMaterials/PreintegratedSkinBRDF.uasset" 3440
"/Engine/EngineMaterials/LTC/GGX_LTCAmp" 3441
"../../../Engine/Content/EngineMaterials/LTC/GGX_LTCAmp.uasset" 3442
"/Engine/EngineMaterials/LTC/GGX_LTCMat" 3443
"../../../Engine/Content/EngineMaterials/LTC/GGX_LTCMat.uasset" 3444
"/Engine/EngineMaterials/EnergyConservation/GGX_ReflectionEnergy" 3445
"../../../Engine/Content/EngineMaterials/EnergyConservation/GGX_ReflectionEnergy.uasset" 3446
"/Engine/EngineMaterials/EnergyConservation/GGX_TransmissionEnergyArray" 3447
"../../../Engine/Content/EngineMaterials/EnergyConservation/GGX_TransmissionEnergyArray.uasset" 3448
"/Engine/EngineMaterials/EnergyConservation/SheenLegacy_Energy" 3449
"../../../Engine/Content/EngineMaterials/EnergyConservation/SheenLegacy_Energy.uasset" 3450
"/Engine/EngineMaterials/DefaultPhysicalMaterial" 3451
"../../../Engine/Content/EngineMaterials/DefaultPhysicalMaterial.uasset" 3452
"/Engine/EngineMaterials/DefaultDestructiblePhysicalMaterial" 3453
"../../../Engine/Content/EngineMaterials/DefaultDestructiblePhysicalMaterial.uasset" 3454
"C:/Users/jinso/AppData/Local/UnrealEngine/Editor/ProjectEditorRecords.json" 3455
"/Niagara/ParameterDefinitions/SpriteRenderer" 3456
"../../Plugins/FX/Niagara/Content/ParameterDefinitions/SpriteRenderer.uasset" 3457
"/Niagara/ParameterDefinitions/RibbonRenderer" 3458
"../../Plugins/FX/Niagara/Content/ParameterDefinitions/RibbonRenderer.uasset" 3459
"/Niagara/ParameterDefinitions/MeshRenderer" 3460
"../../Plugins/FX/Niagara/Content/ParameterDefinitions/MeshRenderer.uasset" 3461
"/Niagara/ParameterDefinitions/LightRenderer" 3462
"../../Plugins/FX/Niagara/Content/ParameterDefinitions/LightRenderer.uasset" 3463
"/Niagara/ParameterDefinitions/DecalRenderer" 3464
"../../Plugins/FX/Niagara/Content/ParameterDefinitions/DecalRenderer.uasset" 3465
"/Niagara/ParameterDefinitions/CoreParameters" 3466
"../../Plugins/FX/Niagara/Content/ParameterDefinitions/CoreParameters.uasset" 3467
"/DeformerGraph/Deformers/DG_LinearBlendSkin_Morph_Cloth" 3468
"../../Plugins/Animation/DeformerGraph/Content/Deformers/DG_LinearBlendSkin_Morph_Cloth.uasset" 3469
"../../Plugins/Animation/DeformerGraph/Content/DeformerFunctions/DG_Function_LinearBlendSkin_Morph_Cloth.uasset" 3470
"/DeformerGraph/Deformers/DG_LinearBlendSkin_Morph_Cloth_RecomputeNormals" 3471
"../../Plugins/Animation/DeformerGraph/Content/Deformers/DG_LinearBlendSkin_Morph_Cloth_RecomputeNormals.uasset" 3472
"../../Plugins/Animation/DeformerGraph/Content/DeformerFunctions/DG_Function_ComputeNormalsTangents.uasset" 3473
"../../Plugins/Animation/DeformerGraph/Content/DeformerFunctions/DG_Function_LinearBlendSkin_Morph_Cloth_PositionOnly.uasset" 3474
"/Engine/BasicShapes/Cylinder" 3475
"../../../Engine/Content/BasicShapes/Cylinder.uasset" 3476
"/Engine/BasicShapes/Cone" 3477
"../../../Engine/Content/BasicShapes/Cone.uasset" 3478
"/Engine/BasicShapes/Plane" 3479
"../../../Engine/Content/BasicShapes/Plane.uasset" 3480
"../../../Engine/Documentation/Source/Shared/Types/ABrush/ABrush.KOR.udn" 3481
"../../../Engine/Content/Internationalization/icudt64l/brkitr/root.res" 3482
"../../../Engine/Content/Internationalization/icudt64l/brkitr/char.brk" 3483
"../../../Engine/Content/Internationalization/icudt64l/brkitr/word.brk" 3484
"/Engine/EditorResources/SequenceRecorder/Countdown" 3485
"../../../Engine/Content/EditorResources/SequenceRecorder/Countdown.uasset" 3486
"/Engine/EditorResources/SequenceRecorder/RecordingIndicator" 3487
"../../../Engine/Content/EditorResources/SequenceRecorder/RecordingIndicator.uasset" 3488
"/Engine/EditorMaterials/PhAT_UnselectedMaterial" 3489
"../../../Engine/Content/EditorMaterials/PhAT_UnselectedMaterial.uasset" 3490
"/Engine/EditorMaterials/PhAT_NoCollisionMaterial" 3491
"../../../Engine/Content/EditorMaterials/PhAT_NoCollisionMaterial.uasset" 3492
"/HDRIBackdrop/Blueprints/HDRIBackdrop" 3493
"../../Plugins/Runtime/HDRIBackdrop/Content/Blueprints/HDRIBackdrop.uasset" 3494
"../../Plugins/Runtime/HDRIBackdrop/Content/Materials/MI_HDRI_Floor.uasset" 3495
"../../Plugins/Runtime/HDRIBackdrop/Content/Materials/MI_HDRI_Sky.uasset" 3496
"../../Plugins/Runtime/HDRIBackdrop/Content/Meshes/EnviroDome.uasset" 3497
"../../Plugins/Runtime/HDRIBackdrop/Content/Textures/approaching_storm_4k.uasset" 3498
"../../Plugins/Runtime/HDRIBackdrop/Content/Materials/HDRI_Projection_Floor.uasset" 3499
"../../Plugins/Runtime/HDRIBackdrop/Content/Materials/HDRI_Projection_Sky.uasset" 3500
"../../../Engine/Content/Functions/Engine_MaterialFunctions02/WorldPositionOffset/ObjectPivotPoint.uasset" 3501
"../../Plugins/Runtime/HDRIBackdrop/Content/Materials/HDRI_Attributes.uasset" 3502
"/Engine/EngineFonts/DroidSansMono" 3503
"../../../Engine/Content/EngineFonts/DroidSansMono.uasset" 3504
"../../../Engine/Content/EngineFonts/Faces/DroidSansMono.uasset" 3505
"/Engine/EditorResources/S_Terrain" 3506
"../../../Engine/Content/EditorResources/S_Terrain.uasset" 3507
"../../../Engine/Plugins/FX/Niagara/Shaders/Private/NiagaraDataInterfaceTexture2DArrayTemplate.ush" 3508
"../../../Engine/Plugins/FX/Niagara/Shaders/Private/NiagaraDataInterfaceActorComponentTemplate.ush" 3509
"../../../Engine/Plugins/FX/Niagara/Shaders/Private/NiagaraDataInterfaceArrayTemplate.ush" 3510
"../../../Engine/Plugins/FX/Niagara/Shaders/Private/NiagaraDataInterfaceArrayRWTemplate.ush" 3511
"../../../Engine/Plugins/FX/Niagara/Shaders/Private/NiagaraDataInterfaceAsyncGpuTrace.ush" 3512
"../../../Engine/Plugins/FX/Niagara/Shaders/Private/NiagaraDataInterfaceAsyncGpuTraceTemplate.ush" 3513
"../../../Engine/Plugins/FX/Niagara/Shaders/Private/NiagaraDataInterfaceCamera.ush" 3514
"../../../Engine/Plugins/Experimental/ChaosNiagara/Shaders/NiagaraDataInterfaceChaosDestruction.ush" 3515
"../../../Engine/Plugins/FX/Niagara/Shaders/Private/NiagaraDataInterfaceCollisionQuery.ush" 3516
"C:/Users/jinso/Documents/GitHub/Flip_Side/Intermediate/ShaderAutogen/PCD3D_SM5/AutogenShaderHeaders.ush" 3517
"../../../Engine/Plugins/FX/Niagara/Shaders/Private/NiagaraDataInterfaceCollisionQueryTemplate.ush" 3518
"../../../Engine/Plugins/FX/Niagara/Shaders/Private/NiagaraDataInterfaceCurveTemplate.ush" 3519
"../../../Engine/Plugins/FX/Niagara/Shaders/Private/NiagaraDataInterfaceCubeTextureTemplate.ush" 3520
"../../../Engine/Plugins/FX/Niagara/Shaders/Private/DataChannel/NiagaraDataInterfaceDataChannelCommon.ush" 3521
"../../../Engine/Plugins/FX/Niagara/Shaders/Private/DataChannel/NiagaraDataInterfaceDataChannelTemplateCommon.ush" 3522
"../../../Engine/Plugins/FX/Niagara/Shaders/Private/DataChannel/NiagaraDataInterfaceDataChannelTemplateReadCommon.ush" 3523
"../../../Engine/Plugins/FX/Niagara/Shaders/Private/DataChannel/NiagaraDataInterfaceDataChannelTemplate_Read.ush" 3524
"../../../Engine/Plugins/FX/Niagara/Shaders/Private/DataChannel/NiagaraDataInterfaceDataChannelTemplate_Consume.ush" 3525
"../../../Engine/Plugins/FX/Niagara/Shaders/Private/DataChannel/NiagaraDataInterfaceDataChannelTemplateWriteCommon.ush" 3526
"../../../Engine/Plugins/FX/Niagara/Shaders/Private/DataChannel/NiagaraDataInterfaceDataChannelTemplate_Append.ush" 3527
"../../../Engine/Plugins/FX/Niagara/Shaders/Private/NiagaraDataInterfaceDataTableTemplate.ush" 3528
"../../../Engine/Plugins/FX/Niagara/Shaders/Private/NiagaraDataInterfaceDebugDraw.ush" 3529
"../../../Engine/Plugins/FX/Niagara/Shaders/Private/NiagaraDataInterfaceDebugDrawTemplate.ush" 3530
"../../../Engine/Plugins/FX/Niagara/Shaders/Private/NiagaraDataInterfaceDynamicMeshTemplate.ush" 3531
"../../../Engine/Plugins/FX/Niagara/Shaders/Private/NiagaraDataInterfaceEmitterPropertiesTemplate.ush" 3532
"../../../Engine/Plugins/FX/Niagara/Shaders/Private/NiagaraDataInterfaceExportTemplate.ush" 3533
"../../../Engine/Plugins/FX/Niagara/Shaders/Private/NiagaraDataInterfaceGBufferTemplate.ush" 3534
"../../../Engine/Plugins/Experimental/ChaosNiagara/Shaders/NiagaraDataInterfaceGeometryCollection.ush" 3535
"../../../Engine/Plugins/FX/Niagara/Shaders/Private/NiagaraTransformUtils.ush" 3536
"../../../Engine/Plugins/Runtime/HairStrands/Shaders/Private/NiagaraStrandsExternalForce.ush" 3537
"../../../Engine/Plugins/Runtime/HairStrands/Shaders/Private/NiagaraHookeSpringMaterial.ush" 3538
"../../../Engine/Plugins/Runtime/HairStrands/Shaders/Private/NiagaraAngularSpringMaterial.ush" 3539
"../../../Engine/Plugins/Runtime/HairStrands/Shaders/Private/NiagaraConstantVolumeMaterial.ush" 3540
"../../../Engine/Plugins/Runtime/HairStrands/Shaders/Private/NiagaraCosseratRodMaterial.ush" 3541
"../../../Engine/Plugins/Runtime/HairStrands/Shaders/Private/NiagaraStaticCollisionConstraint.ush" 3542
"../../../Engine/Plugins/Runtime/HairStrands/Shaders/Private/NiagaraDataInterfaceHairStrands.ush" 3543
"../../../Engine/Plugins/Runtime/HairStrands/Shaders/Private/NiagaraDataInterfaceHairStrandsTemplate.ush" 3544
"../../../Engine/Plugins/FX/Niagara/Shaders/Private/NiagaraDataInterfaceIntRenderTarget2D.ush" 3545
"../../../Engine/Plugins/FX/Niagara/Shaders/Private/NiagaraDataInterfaceLandscape.ush" 3546
"../../../Engine/Plugins/FX/Niagara/Shaders/Private/NiagaraDataInterfaceMemoryBufferTemplate.ush" 3547
"../../../Engine/Plugins/FX/Niagara/Shaders/Private/NiagaraDataInterfaceMeshRendererInfoTemplate.ush" 3548
"../../../Engine/Plugins/FX/Niagara/Shaders/Private/NiagaraDataInterfaceOcclusion.ush" 3549
"../../../Engine/Plugins/FX/Niagara/Shaders/Private/NiagaraDataInterfacePhysicsAsset.ush" 3550
"../../../Engine/Plugins/Experimental/ChaosNiagara/Shaders/NiagaraDataInterfacePhysicsField.ush" 3551
"../../../Engine/Plugins/FX/Niagara/Shaders/Private/NiagaraDataInterfacePlatformSetTemplate.ush" 3552
"../../../Engine/Plugins/Runtime/HairStrands/Shaders/Private/NiagaraDataInterfaceVelocityGrid.ush" 3553
"../../../Engine/Plugins/Runtime/HairStrands/Shaders/Private/NiagaraDataInterfaceVelocityGridTemplate.ush" 3554
"../../../Engine/Plugins/Runtime/HairStrands/Shaders/Private/NiagaraDataInterfacePressureGrid.ush" 3555
"../../../Engine/Plugins/Runtime/HairStrands/Shaders/Private/NiagaraDataInterfacePressureGridTemplate.ush" 3556
"../../../Engine/Plugins/FX/Niagara/Shaders/Private/NiagaraDataInterfaceRenderTarget2DTemplate.ush" 3557
"../../../Engine/Plugins/FX/Niagara/Shaders/Private/NiagaraDataInterfaceRenderTarget2DArrayTemplate.ush" 3558
"../../../Engine/Plugins/FX/Niagara/Shaders/Private/NiagaraDataInterfaceRenderTargetCubeTemplate.ush" 3559
"../../../Engine/Plugins/FX/Niagara/Shaders/Private/NiagaraDataInterfaceRenderTargetVolumeTemplate.ush" 3560
"../../../Engine/Plugins/FX/Niagara/Shaders/Private/NiagaraDataInterfaceRigidMeshCollisionQuery.ush" 3561
"../../../Engine/Plugins/FX/Niagara/Shaders/Private/NiagaraDistanceFieldQueries.ush" 3562
"../../../Engine/Plugins/FX/Niagara/Shaders/Private/NiagaraDataInterfaceSceneCapture2DTemplate.ush" 3563
"../../../Engine/Plugins/FX/Niagara/Shaders/Private/NiagaraDataInterfaceSimCacheReaderTemplate.ush" 3564
"../../../Engine/Plugins/FX/Niagara/Shaders/Private/NiagaraDataInterfaceSimpleCounterTemplate.ush" 3565
"../../../Engine/Plugins/FX/Niagara/Shaders/Private/NiagaraDataInterfaceSkeletalMesh.ush" 3566
"../../../Engine/Plugins/FX/Niagara/Shaders/Private/NiagaraBaryCentricUtils.ush" 3567
"../../../Engine/Plugins/FX/Niagara/Shaders/Private/NiagaraDataInterfaceSkeletalMeshTemplate.ush" 3568
"../../../Engine/Plugins/FX/Niagara/Shaders/Private/NiagaraDataInterfaceSocketReaderTemplate.ush" 3569
"../../../Engine/Plugins/FX/Niagara/Shaders/Private/NiagaraDataInterfaceSparseVolumeTextureTemplate.ush" 3570
"../../../Engine/Plugins/FX/Niagara/Shaders/Private/NiagaraDataInterfaceSplineTemplate.ush" 3571
"../../../Engine/Plugins/FX/Niagara/Shaders/Private/NiagaraDataInterfaceSpriteRendererInfoTemplate.ush" 3572
"../../../Engine/Plugins/FX/Niagara/Shaders/Private/NiagaraDataInterfaceStaticMeshTemplate.ush" 3573
"../../../Engine/Plugins/FX/Niagara/Shaders/Private/NiagaraDataInterfaceTextureTemplate.ush" 3574
"../../../Engine/Plugins/FX/Niagara/Shaders/Private/NiagaraDataInterfaceVirtualTexture.ush" 3575
"../../../Engine/Plugins/FX/Niagara/Shaders/Private/NiagaraDataInterfaceVirtualTextureTemplate.ush" 3576
"../../../Engine/Plugins/FX/Niagara/Shaders/Private/NiagaraDataInterfaceVolumeCache.ush" 3577
"../../../Engine/Plugins/FX/Niagara/Shaders/Private/NiagaraDataInterfaceVolumeTextureTemplate.ush" 3578
"../../../../../../Users/jinso/Documents/GitHub/Flip_Side/Intermediate/ShaderAutogen/PCD3D_SM5/AutogenShaderHeaders.ush" 3579
"../../../Engine/Content/EngineSounds/Submixes/MasterEQEffectPreset.uasset" 3580
"../../../Engine/Content/EngineSounds/Submixes/MasterEQSubmixDefault.uasset" 3581
"../../../Engine/Content/EngineSounds/Submixes/MasterSubmixDefault.uasset" 3582
"../../../Engine/Content/EngineSounds/Submixes/MasterReverbEffectPreset.uasset" 3583
"../../../Engine/Content/EngineSounds/Submixes/MasterReverbSubmixDefault.uasset" 3584
"/Engine/EngineSounds/Submixes/MasterEQEffectPreset" 3585
"C:/Users/jinso/Documents/GitHub/Flip_Side/Content/BackGroundProps/Mesh/CoinMaker.uasset" 3586
"C:/Users/jinso/Documents/GitHub/Flip_Side/Content/BackGroundProps/Mesh/Material/M_GasAndMaker.uasset" 3587
"C:/Users/jinso/Documents/GitHub/Flip_Side/Content/BackGroundProps/Mesh/Textures/Draw/Draw_DefaultMaterial_OcclusionRoughnessMetallic.uasset" 3588
"C:/Users/jinso/Documents/GitHub/Flip_Side/Content/BackGroundProps/Mesh/Material/M_CoinMakeFloor.uasset" 3589
"C:/Users/jinso/Documents/GitHub/Flip_Side/Content/BackGroundProps/Mesh/Material/M_Draw.uasset" 3590
"C:/Users/jinso/Documents/GitHub/Flip_Side/Content/BackGroundProps/Mesh/Textures/GasAndMaker/MakerAndGas_BaseMaterial_Normal.uasset" 3591
"C:/Users/jinso/Documents/GitHub/Flip_Side/Content/BackGroundProps/Mesh/Draw.uasset" 3592
"C:/Users/jinso/Documents/GitHub/Flip_Side/Content/BackGroundProps/Mesh/Textures/GasAndMaker/MakerAndGas_BaseMaterial_Emissive.uasset" 3593
"C:/Users/jinso/Documents/GitHub/Flip_Side/Content/BackGroundProps/Mesh/Textures/GasAndMaker/MakerAndGas_BaseMaterial_BaseColor.uasset" 3594
"C:/Users/jinso/Documents/GitHub/Flip_Side/Content/BackGroundProps/Mesh/Textures/Slots/ImshiSlots_DefaultMaterial_Emissive.uasset" 3595
"C:/Users/jinso/Documents/GitHub/Flip_Side/Content/BackGroundProps/Mesh/Textures/Slots/ImshiSlots_DefaultMaterial_OcclusionRoughnessMetallic.uasset" 3596
"C:/Users/jinso/Documents/GitHub/Flip_Side/Content/BackGroundProps/Mesh/CoinSlot.uasset" 3597
"C:/Users/jinso/Documents/GitHub/Flip_Side/Content/BackGroundProps/Mesh/Textures/Slots/ImshiSlots_DefaultMaterial_BaseColor.uasset" 3598
"C:/Users/jinso/Documents/GitHub/Flip_Side/Content/BackGroundProps/Mesh/Textures/Table/DeskVer2_DefaultMaterial_BaseColor.uasset" 3599
"C:/Users/jinso/Documents/GitHub/Flip_Side/Content/BackGroundProps/Mesh/CoinMakeFloor.uasset" 3600
"C:/Users/jinso/Documents/GitHub/Flip_Side/Content/BackGroundProps/Mesh/Textures/GasAndMaker/MakerAndGas_BaseMaterial_OcclusionRoughnessMetallic.uasset" 3601
"C:/Users/jinso/Documents/GitHub/Flip_Side/Content/BackGroundProps/Mesh/Textures/Slots/ImshiSlots_DefaultMaterial_Normal.uasset" 3602
"C:/Users/jinso/Documents/GitHub/Flip_Side/Content/BackGroundProps/Mesh/Textures/Floor/CoinMakeFloor_Normal.uasset" 3603
"C:/Users/jinso/Documents/GitHub/Flip_Side/Content/BackGroundProps/Mesh/Textures/Table/DeskVer2_DefaultMaterial_OcclusionRoughnessMetallic.uasset" 3604
"C:/Users/jinso/Documents/GitHub/Flip_Side/Content/BackGroundProps/Mesh/Textures/Floor/CoinMakeFloor_Diffuse.uasset" 3605
"C:/Users/jinso/Documents/GitHub/Flip_Side/Content/UI/Shop_CoinManager/Curve/CreateCoinTurnCurve.uasset" 3606
"C:/Users/jinso/Documents/GitHub/Flip_Side/Content/BackGroundProps/Mesh/Table.uasset" 3607
"C:/Users/jinso/Documents/GitHub/Flip_Side/Content/BackGroundProps/Mesh/Textures/Draw/Draw_DefaultMaterial_Normal.uasset" 3608
"C:/Users/jinso/Documents/GitHub/Flip_Side/Content/BackGroundProps/Mesh/Textures/Draw/Draw_DefaultMaterial_BaseColor.uasset" 3609
"C:/Users/jinso/Documents/GitHub/Flip_Side/Content/BackGroundProps/Mesh/Material/M_Slots.uasset" 3610
"C:/Users/jinso/Documents/GitHub/Flip_Side/Content/BackGroundProps/Mesh/Textures/Table/DeskVer2_DefaultMaterial_Normal.uasset" 3611
"C:/Users/jinso/Documents/GitHub/Flip_Side/Content/BackGroundProps/Mesh/Material/M_Table.uasset" 3612
"/Engine/EngineSounds/Submixes/MasterReverbEffectPreset" 3613
"C:/Users/jinso/Documents/GitHub/Flip_Side/Content/ShopTutorial/4CoinManage/BP_Tuto_ShopCreateCoin.uasset" 3614
"/Engine/EngineSounds/Submixes/MasterEQSubmixDefault" 3615
"/Game/ShopTutorial/4CoinManage/BP_Tuto_ShopCreateCoin" 3616
"C:/Users/jinso/Documents/GitHub/Flip_Side/Content/Coin/Mesh/Grid.uasset" 3617
"C:/Users/jinso/Documents/GitHub/Flip_Side/Content/Coin/Material/MI_Grid.uasset" 3618
"C:/Users/jinso/Documents/GitHub/Flip_Side/Content/Coin/Material/M_Grid.uasset" 3619
"C:/Users/jinso/Documents/GitHub/Flip_Side/Content/Coin/BP_Grid.uasset" 3620
"../../../../../../Users/jinso/Documents/GitHub/Flip_Side/Content/Coin/Mesh/Coin.uasset" 3621
"../../../../../../Users/jinso/Documents/GitHub/Flip_Side/Content/Coin/Material/MI_Coin.uasset" 3622
"../../../../../../Users/jinso/Documents/GitHub/Flip_Side/Content/Coin/Material/M_Coin.uasset" 3623
"../../Plugins/Interchange/Assets/Content/gltf/Textures/T_Black_srgb.uasset" 3624
"../../../../../../Users/jinso/Documents/GitHub/Flip_Side/Content/Coin/Texture/BaseTexture/Coin_DefaultMaterial_BaseColor.uasset" 3625
"../../../../../../Users/jinso/Documents/GitHub/Flip_Side/Content/Coin/Texture/BaseTexture/Coin_DefaultMaterial_Normal.uasset" 3626
"../../../../../../Users/jinso/Documents/GitHub/Flip_Side/Content/Coin/Texture/BaseTexture/Coin_DefaultMaterial_OcclusionRoughnessMetallic.uasset" 3627
"/Game/BackGroundProps/Mesh/Textures/GasAndMaker/MakerAndGas_BaseMaterial_BaseColor" 3628
"/Game/BackGroundProps/Mesh/Textures/GasAndMaker/MakerAndGas_BaseMaterial_Emissive" 3629
"/Game/BackGroundProps/Mesh/Textures/GasAndMaker/MakerAndGas_BaseMaterial_Normal" 3630
"/Game/BackGroundProps/Mesh/Textures/GasAndMaker/MakerAndGas_BaseMaterial_OcclusionRoughnessMetallic" 3631
"/Game/BackGroundProps/Mesh/Material/M_GasAndMaker" 3632
"/Game/BackGroundProps/Mesh/CoinMaker" 3633
"/Game/BackGroundProps/Mesh/Textures/Floor/CoinMakeFloor_Diffuse" 3634
"/Game/BackGroundProps/Mesh/Textures/Floor/CoinMakeFloor_Normal" 3635
"/Game/BackGroundProps/Mesh/Material/M_CoinMakeFloor" 3636
"/Game/BackGroundProps/Mesh/CoinMakeFloor" 3637
"/Game/BackGroundProps/Mesh/Textures/Draw/Draw_DefaultMaterial_BaseColor" 3638
"/Game/BackGroundProps/Mesh/Textures/Draw/Draw_DefaultMaterial_Normal" 3639
"/Game/BackGroundProps/Mesh/Textures/Draw/Draw_DefaultMaterial_OcclusionRoughnessMetallic" 3640
"/Game/BackGroundProps/Mesh/Material/M_Draw" 3641
"/Game/BackGroundProps/Mesh/Draw" 3642
"/Game/BackGroundProps/Mesh/Textures/Slots/ImshiSlots_DefaultMaterial_BaseColor" 3643
"/Game/BackGroundProps/Mesh/Textures/Slots/ImshiSlots_DefaultMaterial_Emissive" 3644
"/Game/BackGroundProps/Mesh/Textures/Slots/ImshiSlots_DefaultMaterial_Normal" 3645
"/Game/BackGroundProps/Mesh/Textures/Slots/ImshiSlots_DefaultMaterial_OcclusionRoughnessMetallic" 3646
"/Game/BackGroundProps/Mesh/Material/M_Slots" 3647
"/Game/BackGroundProps/Mesh/CoinSlot" 3648
"/Game/BackGroundProps/Mesh/Textures/Table/DeskVer2_DefaultMaterial_BaseColor" 3649
"/Game/BackGroundProps/Mesh/Textures/Table/DeskVer2_DefaultMaterial_Normal" 3650
"/Game/BackGroundProps/Mesh/Textures/Table/DeskVer2_DefaultMaterial_OcclusionRoughnessMetallic" 3651
"/Game/BackGroundProps/Mesh/Material/M_Table" 3652
"/Game/BackGroundProps/Mesh/Table" 3653
"../../../Engine/Content/EditorMaterials/MatineeCam_mat.uasset" 3654
"C:/Users/jinso/Documents/GitHub/Flip_Side/Content/UI/Texture/CoinBlueprint2.uasset" 3655
"C:/Users/jinso/Documents/GitHub/Flip_Side/Content/UI/Shop_BossInfo/BP_BossRangeCam.uasset" 3656
"C:/Users/jinso/Documents/GitHub/Flip_Side/Content/UI/Shop_CardSelect/BP_CardActor.uasset" 3657
"../../../Engine/Content/EditorMeshes/MatineeCam_SM.uasset" 3658
"C:/Users/jinso/Documents/GitHub/Flip_Side/Content/UI/Shop_BossInfo/BP_BossPatternPreviewActor.uasset" 3659
"C:/Users/jinso/Documents/GitHub/Flip_Side/Content/UI/Shop_ItemSelect/Curve/ItemBuyShakeCurve.uasset" 3660
"C:/Users/jinso/Documents/GitHub/Flip_Side/Content/UI/Shop_UnlockWeapon/BP_SelectUnlockWeaponUIActor.uasset" 3661
"C:/Users/jinso/Documents/GitHub/Flip_Side/Content/UI/Shop_UnlockWeapon/Curve/UnlockCoinSizeCurve.uasset" 3662
"C:/Users/jinso/Documents/GitHub/Flip_Side/Content/UI/Shop_UnlockWeapon/Curve/UnlockCoinJitterCurve.uasset" 3663
"C:/Users/jinso/Documents/GitHub/Flip_Side/Content/UI/Shop_ItemSelect/BP_ShopItemUIActor.uasset" 3664
"C:/Users/jinso/Documents/GitHub/Flip_Side/Content/UI/Shop_UnlockWeapon/Curve/UnlockCoinRiseCurve.uasset" 3665
"../../../Engine/Content/MaterialTemplates/PerfTricks/M_ContrastUsingLerp.uasset" 3666
"C:/Users/jinso/Documents/GitHub/Flip_Side/Content/Others/MEsh/TexAndMAt/Turret/normal.uasset" 3667
"C:/Users/jinso/Documents/GitHub/Flip_Side/Content/UI/Shop_CardSelect/M_CardActor.uasset" 3668
"../../../Engine/Content/Functions/Engine_MaterialFunctions02/Utility/MakeFloat4.uasset" 3669
"../../../Engine/Content/EditorMaterials/WorldPartition/WorldPartitionSpatialHashGridPreviewMaterial.uasset" 3670
"../../../Engine/Content/EditorResources/MatineeCam_D.uasset" 3671
"C:/Users/jinso/Documents/GitHub/Flip_Side/Content/Others/MEsh/TexAndMAt/Turret/diffuse.uasset" 3672
"C:/Users/jinso/Documents/GitHub/Flip_Side/Content/UI/Shop_UnlockWeapon/M_UnlockGlass.uasset" 3673
"C:/Users/jinso/Documents/GitHub/Flip_Side/Content/UI/Texture/CoinBlueprint2_Mat.uasset" 3674
"../../../Engine/Plugins/Interchange/Assets/Content/Functions/MF_PhongToMetalRoughness.uasset" 3675
"/Game/Coin/BP_Grid" 3676
"C:/Users/jinso/Documents/GitHub/Flip_Side/Content/ShopTutorial/1ShopMain/WBP_Tuto_ShopMainWidget.uasset" 3677
"C:/Users/jinso/Documents/GitHub/Flip_Side/Content/ShopTutorial/BP_Tuto_Bloker.uasset" 3678
"C:/Users/jinso/Documents/GitHub/Flip_Side/Content/Others/MEsh/Auto_Turret_Ver2.uasset" 3679
"C:/Users/jinso/Documents/GitHub/Flip_Side/Content/Others/MEsh/TexAndMAt/Turret/material_0.uasset" 3680
"C:/Users/jinso/Documents/GitHub/Flip_Side/Content/Player/Player_Shop/Inputs/IMC_Shop.uasset" 3681
"C:/Users/jinso/Documents/GitHub/Flip_Side/Content/ShopTutorial/6Card/WBP_Tuto_ShopCardWidget.uasset" 3682
"/InterchangeAssets/Functions/MF_PhongToMetalRoughness" 3683
"/Game/Others/MEsh/TexAndMAt/Turret/normal" 3684
"/Game/Others/MEsh/TexAndMAt/Turret/diffuse" 3685
"/Engine/MaterialTemplates/PerfTricks/M_ContrastUsingLerp" 3686
"/Engine/EditorMaterials/WorldPartition/WorldPartitionSpatialHashGridPreviewMaterial" 3687
"/Game/UI/Texture/CoinBlueprint2_Mat" 3688
"/Game/UI/Shop_UnlockWeapon/BP_SelectUnlockWeaponUIActor" 3689
"../../../../../../Users/jinso/Documents/GitHub/Flip_Side/Content/UI/Texture/LockIcon_Back.uasset" 3690
"/Game/UI/Shop_ItemSelect/BP_ShopItemUIActor" 3691
"../../../../../../Users/jinso/Documents/GitHub/Flip_Side/Content/UseableItem/Mesh/UseItem.uasset" 3692
"../../../../../../Users/jinso/Documents/GitHub/Flip_Side/Content/UseableItem/Material/MI_UseItem.uasset" 3693
"../../../../../../Users/jinso/Documents/GitHub/Flip_Side/Content/UseableItem/Material/M_UseItem.uasset" 3694
"../../../../../../Users/jinso/Documents/GitHub/Flip_Side/Content/UseableItem/Textures/UseItem/UseItem_Material_001_BaseColor.uasset" 3695
"../../../../../../Users/jinso/Documents/GitHub/Flip_Side/Content/UseableItem/Textures/UseItem/UseItem_Material_001_Normal.uasset" 3696
"../../../../../../Users/jinso/Documents/GitHub/Flip_Side/Content/UseableItem/Textures/UseItem/UseItem_Material_001_OcclusionRoughnessMetallic.uasset" 3697
"/Game/UI/Shop_CardSelect/BP_CardActor" 3698
"../../../../../../Users/jinso/Documents/GitHub/Flip_Side/Content/UI/Texture/card.uasset" 3699
"/Game/UI/Shop_BossInfo/BP_BossRangeCam" 3700
"../../../../../../Users/jinso/Documents/GitHub/Flip_Side/Content/UI/Shop_BossInfo/RT_BossRangeCam.uasset" 3701
"/Game/Others/MEsh/TexAndMAt/Turret/material_0" 3702
"C:/Users/jinso/Documents/GitHub/Flip_Side/Content/UI/Texture/Shop/T_ShopSell.uasset" 3703
"C:/Users/jinso/Documents/GitHub/Flip_Side/Content/UI/Shop_CardSelect/WBP_ShopCardWarning.uasset" 3704
"C:/Users/jinso/Documents/GitHub/Flip_Side/Content/UI/Texture/T_CardDashedLine.uasset" 3705
"C:/Users/jinso/Documents/GitHub/Flip_Side/Content/UI/Shop_CardSelect/WBP_ShopCardWidget.uasset" 3706
"C:/Users/jinso/Documents/GitHub/Flip_Side/Content/ShopTutorial/6Card/WBP_Tuto_PlayerCard.uasset" 3707
"C:/Users/jinso/Documents/GitHub/Flip_Side/Content/UI/CardUI/WBP_ShopSelectCardCancelImage.uasset" 3708
"C:/Users/jinso/Documents/GitHub/Flip_Side/Content/UI/Shop_CoinManager/Widget/WBP_CoinSlotNum.uasset" 3709
"C:/Users/jinso/Documents/GitHub/Flip_Side/Content/UI/Texture/Material/M_Warning.uasset" 3710
"C:/Users/jinso/Documents/GitHub/Flip_Side/Content/UI/Shop_CardSelect/M_DashedLine.uasset" 3711
"C:/Users/jinso/Documents/GitHub/Flip_Side/Content/ShopTutorial/6Card/WBP_Tuto_ShopPlayerCards.uasset" 3712
"C:/Users/jinso/Documents/GitHub/Flip_Side/Content/ShopTutorial/6Card/WBP_Tuto_CardSelectModeWidget.uasset" 3713
"/Game/Others/MEsh/Auto_Turret_Ver2" 3714
"C:/Users/jinso/Documents/GitHub/Flip_Side/Content/ShopTutorial/5Item/WBP_Tuto_ShopItemWidget.uasset" 3715
"C:/Users/jinso/Documents/GitHub/Flip_Side/Content/UI/Texture/T_CancelButton.uasset" 3716
"C:/Users/jinso/Documents/GitHub/Flip_Side/Content/UI/Texture/T_WarningIcon2.uasset" 3717
"C:/Users/jinso/Documents/GitHub/Flip_Side/Content/UI/Shop_ItemSelect/WBP_ShopItemExplainWidget.uasset" 3718
"C:/Users/jinso/Documents/GitHub/Flip_Side/Content/UI/Shop_CoinManager/Widget/WBP_ShopCoinWarning.uasset" 3719
"C:/Users/jinso/Documents/GitHub/Flip_Side/Content/ShopTutorial/5Item/WBP_Tuto_ShopItemInven.uasset" 3720
"C:/Users/jinso/Documents/GitHub/Flip_Side/Content/UI/CardUI/WBP_CardWidget.uasset" 3721
"C:/Users/jinso/Documents/GitHub/Flip_Side/Content/UI/Shop_CoinManager/Widget/WBP_De_CoinCountButton.uasset" 3722
"C:/Users/jinso/Documents/GitHub/Flip_Side/Content/ShopTutorial/5Item/WBP_Tuto_SellItemButton.uasset" 3723
"C:/Users/jinso/Documents/GitHub/Flip_Side/Content/ShopTutorial/4CoinManage/WBP_Tuto_Inc_CoinCountButton.uasset" 3724
"C:/Users/jinso/Documents/GitHub/Flip_Side/Content/UI/Shop_ItemSelect/WBP_SellItemButton.uasset" 3725
"C:/Users/jinso/Documents/GitHub/Flip_Side/Content/ShopTutorial/5Item/WBP_Tuto_ShopSellItemGrid.uasset" 3726
"C:/Users/jinso/Documents/GitHub/Flip_Side/Content/UI/Texture/Shop/T_ShopItemBag.uasset" 3727
"C:/Users/jinso/Documents/GitHub/Flip_Side/Content/ShopTutorial/5Item/WBP_Tuto_ShopInvenItemButton.uasset" 3728
"C:/Users/jinso/Documents/GitHub/Flip_Side/Content/UI/Texture/Material/M_WCoinIcon.uasset" 3729
"/Game/ShopTutorial/BP_Tuto_Bloker" 3730
"/Game/ShopTutorial/1ShopMain/WBP_Tuto_ShopMainWidget" 3731
"../../../../../../Users/jinso/Documents/GitHub/Flip_Side/Content/UI/Fonts/NanumGothic_Font.uasset" 3732
"../../../../../../Users/jinso/Documents/GitHub/Flip_Side/Content/UI/Fonts/NanumGothicBold_Font.uasset" 3733
"../../../../../../Users/jinso/Documents/GitHub/Flip_Side/Content/ShopTutorial/UI_ShopTutorial/WBP_Tuto_BlockerWidget.uasset" 3734
"../../../../../../Users/jinso/Documents/GitHub/Flip_Side/Content/ShopTutorial/UI_ShopTutorial/WBP_Tuto_ExplainWidget.uasset" 3735
"../../../../../../Users/jinso/Documents/GitHub/Flip_Side/Content/UI/Texture/ItemBox.uasset" 3736
"../../../../../../Users/jinso/Documents/GitHub/Flip_Side/Content/UI/Fonts/NanumGothic.uasset" 3737
"../../../../../../Users/jinso/Documents/GitHub/Flip_Side/Content/UI/Fonts/NanumGothicBold.uasset" 3738
"/Game/Player/Player_Shop/Inputs/IMC_Shop" 3739
"/Game/ShopTutorial/6Card/WBP_Tuto_ShopCardWidget" 3740
"../../../../../../Users/jinso/Documents/GitHub/Flip_Side/Content/UI/Texture/Material/M_Lock.uasset" 3741
"../../../Engine/Content/Functions/Engine_MaterialFunctions02/Texturing/CustomRotator.uasset" 3742
"../../../../../../Users/jinso/Documents/GitHub/Flip_Side/Content/UI/Texture/T_Gear.uasset" 3743
"/Game/ShopTutorial/4CoinManage/WBP_Tuto_Inc_CoinCountButton" 3744
"C:/Users/jinso/Documents/GitHub/Flip_Side/Content/UI/Texture/MinusButton.uasset" 3745
"C:/Users/jinso/Documents/GitHub/Flip_Side/Content/UI/Texture/Material/MI_WCoinIcon.uasset" 3746
"C:/Users/jinso/Documents/GitHub/Flip_Side/Content/Coin/Texture/W_Deal_BloodCanon.uasset" 3747
"C:/Users/jinso/Documents/GitHub/Flip_Side/Content/ShopTutorial/4CoinManage/WBP_Tuto_CoinSlotWidget.uasset" 3748
"C:/Users/jinso/Documents/GitHub/Flip_Side/Content/UI/Texture/Coin_Front_Diffuse.uasset" 3749
"../../../../../../Users/jinso/Documents/GitHub/Flip_Side/Content/UI/Texture/T_CoinCountArrow.uasset" 3750
"C:/Users/jinso/Documents/GitHub/Flip_Side/Content/UI/Texture/Coin_Back_Diffuse.uasset" 3751
"/Game/UI/Shop_CoinManager/Widget/WBP_De_CoinCountButton" 3752
"/Game/UI/Shop_CoinManager/Widget/WBP_ShopCoinWarning" 3753
"/Game/UI/Shop_CoinManager/Widget/WBP_CoinSlotNum" 3754
"/Game/ShopTutorial/5Item/WBP_Tuto_ShopItemWidget" 3755
"../../../../../../Users/jinso/Documents/GitHub/Flip_Side/Content/ShopTutorial/UI_ShopTutorial/WBP_Tuto_ArrowWidget.uasset" 3756
"../../../../../../Users/jinso/Documents/GitHub/Flip_Side/Content/UI/WBP_PriceWidget.uasset" 3757
"../../../../../../Users/jinso/Documents/GitHub/Flip_Side/Content/UI/Texture/T_UIBackGround.uasset" 3758
"../../../../../../Users/jinso/Documents/GitHub/Flip_Side/Content/UI/Texture/bar2.uasset" 3759
"../../../../../../Users/jinso/Documents/GitHub/Flip_Side/Content/UI/Texture/T_PriceTag.uasset" 3760
"../../../../../../Users/jinso/Documents/GitHub/Flip_Side/Content/UI/Texture/T_WeaponSelectBox.uasset" 3761
"/Game/ShopTutorial/6Card/WBP_Tuto_CardSelectModeWidget" 3762
"../../../../../../Users/jinso/Documents/GitHub/Flip_Side/Content/UI/Texture/LockButton.uasset" 3763
"/Game/UI/Texture/Material/M_WCoinIcon" 3764
"C:/Users/jinso/Documents/GitHub/Flip_Side/Content/UI/Texture/T_BottomLessButton.uasset" 3765
"C:/Users/jinso/Documents/GitHub/Flip_Side/Content/ShopTutorial/4CoinManage/WBP_Tuto_CoinSlotContainer.uasset" 3766
"C:/Users/jinso/Documents/GitHub/Flip_Side/Content/ShopTutorial/4CoinManage/WBP_Tuto_SelectWeaponButton.uasset" 3767
"C:/Users/jinso/Documents/GitHub/Flip_Side/Content/ShopTutorial/4CoinManage/WBP_Tuto_WeaponGridContainer.uasset" 3768
"C:/Users/jinso/Documents/GitHub/Flip_Side/Content/UI/Texture/PlusButton.uasset" 3769
"C:/Users/jinso/Documents/GitHub/Flip_Side/Content/ShopTutorial/4CoinManage/WBP_Tuto_CoinManageWidget.uasset" 3770
"C:/Users/jinso/Documents/GitHub/Flip_Side/Content/UI/Texture/HeartCoin.uasset" 3771
"C:/Users/jinso/Documents/GitHub/Flip_Side/Content/ShopTutorial/3UnlockCoin/WBP_Tuto_UnlockWeaponGrid.uasset" 3772
"C:/Users/jinso/Documents/GitHub/Flip_Side/Content/ShopTutorial/4CoinManage/WBP_Tuto_WeaponSelectGrid.uasset" 3773
"C:/Users/jinso/Documents/GitHub/Flip_Side/Content/UI/Texture/Shop/T_ClassButton_Tank.uasset" 3774
"C:/Users/jinso/Documents/GitHub/Flip_Side/Content/UI/Texture/Shop/T_ClassButton_Deal.uasset" 3775
"/Game/UI/Texture/MinusButton" 3776
"C:/Users/jinso/Documents/GitHub/Flip_Side/Content/UI/Texture/T_BarVertical.uasset" 3777
"C:/Users/jinso/Documents/GitHub/Flip_Side/Content/ShopTutorial/3UnlockCoin/WBP_Tuto_UnlockWeaponWidget.uasset" 3778
"C:/Users/jinso/Documents/GitHub/Flip_Side/Content/UI/Shop_CoinManager/Widget/WBP_WeaponSelectGrid.uasset" 3779
"C:/Users/jinso/Documents/GitHub/Flip_Side/Content/UI/Shop_UnlockWeapon/WBP_WeaponDescription.uasset" 3780
"C:/Users/jinso/Documents/GitHub/Flip_Side/Content/UI/Shop_CoinManager/Widget/WBP_SelectWeaponButton.uasset" 3781
"C:/Users/jinso/Documents/GitHub/Flip_Side/Content/UI/Fonts/DT_RichTextStyles.uasset" 3782
"C:/Users/jinso/Documents/GitHub/Flip_Side/Content/ShopTutorial/2Boss/WBP_Tuto_ShopBossInfo.uasset" 3783
"C:/Users/jinso/Documents/GitHub/Flip_Side/Content/ShopTutorial/3UnlockCoin/WBP_Tuto_UnlockWeaponGridContainer.uasset" 3784
"C:/Users/jinso/Documents/GitHub/Flip_Side/Content/UI/Shop_BossInfo/M_BossRangeCam.uasset" 3785
"C:/Users/jinso/Documents/GitHub/Flip_Side/Content/ShopTutorial/WBP_Tuto_ShopWIdgetContainer.uasset" 3786
"C:/Users/jinso/Documents/GitHub/Flip_Side/Content/ShopTutorial/3UnlockCoin/WBP_Tuto_UnlockWeaponButton.uasset" 3787
"/Game/UI/Texture/Coin_Front_Diffuse" 3788
"C:/Users/jinso/Documents/GitHub/Flip_Side/Content/ShopTutorial/3UnlockCoin/WBP_Tuto_UnlockSelectWeaponButton.uasset" 3789
"/Game/UI/Texture/Coin_Back_Diffuse" 3790
"/Game/UI/Texture/Material/MI_WCoinIcon" 3791
"/Game/UI/Shop_UnlockWeapon/WBP_WeaponDescription" 3792
"C:/Users/jinso/Documents/GitHub/Flip_Side/Content/UI/WBP_ShopMainWidget.uasset" 3793
"C:/Users/jinso/Documents/GitHub/Flip_Side/Content/UI/Texture/T_ModeChangeBackGround.uasset" 3794
"C:/Users/jinso/Documents/GitHub/Flip_Side/Content/UI/WBP_ShopModeChangeWidget.uasset" 3795
"C:/Users/jinso/Documents/GitHub/Flip_Side/Content/UI/M_ModeChange.uasset" 3796
"../../../Engine/Content/MaterialTemplates/Textures/T_Noise01.uasset" 3797
"C:/Users/jinso/Documents/GitHub/Flip_Side/Content/UI/Texture/Shop/T_BackMainButton.uasset" 3798
"/Game/UI/Texture/Shop/T_ClassButton_Tank" 3799
"/Game/UI/Texture/Shop/T_ClassButton_Deal" 3800
"C:/Users/jinso/Documents/GitHub/Flip_Side/Content/UI/WBP_BlockWidget.uasset" 3801
"C:/Users/jinso/Documents/GitHub/Flip_Side/Content/UI/Texture/Shop/T_ClassButton_Util.uasset" 3802
"/Game/ShopTutorial/3UnlockCoin/WBP_Tuto_UnlockWeaponGrid" 3803
"/Game/ShopTutorial/3UnlockCoin/WBP_Tuto_UnlockSelectWeaponButton" 3804
"/Game/UI/Texture/T_BottomLessButton" 3805
"/Game/UI/Texture/HeartCoin" 3806
"/Game/ShopTutorial/4CoinManage/WBP_Tuto_WeaponSelectGrid" 3807
"/Game/UI/Shop_CoinManager/Widget/WBP_WeaponSelectGrid" 3808
"/Game/ShopTutorial/4CoinManage/WBP_Tuto_CoinSlotContainer" 3809
"/Game/UI/Shop_BossInfo/M_BossRangeCam" 3810
"/Game/ShopTutorial/2Boss/WBP_Tuto_ShopBossInfo" 3811
"/Game/ShopTutorial/3UnlockCoin/WBP_Tuto_UnlockWeaponWidget" 3812
"C:/Users/jinso/Documents/GitHub/Flip_Side/Content/Player/Player_Shop/BP_ShopPlayer_Pawn.uasset" 3813
"C:/Users/jinso/Documents/GitHub/Flip_Side/Content/ShopTutorial/BP_Tuto_ExplainShopController.uasset" 3814
"C:/Users/jinso/Documents/GitHub/Flip_Side/Content/UI/Shop_ItemSelect/WBP_ShopInvenItemButton.uasset" 3815
"C:/Users/jinso/Documents/GitHub/Flip_Side/Content/ShopTutorial/BP_Tuto_ExplainShopLevelGameMode.uasset" 3816
"C:/Users/jinso/Documents/GitHub/Flip_Side/Content/UI/Shop_CoinManager/Widget/WBP_CoinSlotContainer.uasset" 3817
"C:/Users/jinso/Documents/GitHub/Flip_Side/Content/UI/Shop_CoinManager/Widget/WBP_CoinManageWidget.uasset" 3818
"C:/Users/jinso/Documents/GitHub/Flip_Side/Content/UI/Shop_ItemSelect/WBP_ShopSellItemGrid.uasset" 3819
"C:/Users/jinso/Documents/GitHub/Flip_Side/Content/ShopTutorial/BP_Tuto_ShopModeChanger.uasset" 3820
"C:/Users/jinso/Documents/GitHub/Flip_Side/Content/UI/Shop_CardSelect/WBP_ShopPlayerCards.uasset" 3821
"../../../Engine/Content/EngineDebugMaterials/BlackUnlitMaterial.uasset" 3822
"C:/Users/jinso/Documents/GitHub/Flip_Side/Content/UI/Shop_CoinManager/Widget/WBP_WeaponGridContainer.uasset" 3823
"C:/Users/jinso/Documents/GitHub/Flip_Side/Content/UI/Shop_CoinManager/Widget/WBP_CoinSlotWidget.uasset" 3824
"C:/Users/jinso/Documents/GitHub/Flip_Side/Content/Levels/L_Tutorial_TutoShop_Level.umap" 3825
"C:/Users/jinso/Documents/GitHub/Flip_Side/Content/UI/Shop_ItemSelect/WBP_ShopItemWidget.uasset" 3826
"C:/Users/jinso/Documents/GitHub/Flip_Side/Content/UI/Shop_CoinManager/BP_ShopCreateCoin.uasset" 3827
"C:/Users/jinso/Documents/GitHub/Flip_Side/Content/UI/Shop_ItemSelect/WBP_ShopItemInven.uasset" 3828
"C:/Users/jinso/Documents/GitHub/Flip_Side/Content/UI/Shop_CoinManager/Widget/WBP_Inc_CoinCountButton.uasset" 3829
"C:/Users/jinso/Documents/GitHub/Flip_Side/Content/UI/Shop_CardSelect/WBP_CardSelectModeWidget.uasset" 3830
"C:/Users/jinso/Documents/GitHub/Flip_Side/Content/UI/Shop_CardSelect/WBP_PlayerCard.uasset" 3831
"/Game/UI/WBP_ShopModeChangeWidget" 3832
"/Game/ShopTutorial/4CoinManage/WBP_Tuto_CoinManageWidget" 3833
"/Game/UI/WBP_ShopMainWidget" 3834
"/Game/ShopTutorial/WBP_Tuto_ShopWIdgetContainer" 3835
"/Game/UI/WBP_BlockWidget" 3836
"/Game/UI/Shop_CardSelect/WBP_PlayerCard" 3837
"C:/Users/jinso/Documents/GitHub/Flip_Side/Content/UI/Shop_UnlockWeapon/Widget/WBP_UnlockSelectWeaponButton.uasset" 3838
"C:/Users/jinso/Documents/GitHub/Flip_Side/Content/UI/Shop_UnlockWeapon/WBP_UnlockWeaponWidget.uasset" 3839
"C:/Users/jinso/Documents/GitHub/Flip_Side/Content/UI/WBP_ShopWIdgetContainer.uasset" 3840
"C:/Users/jinso/Documents/GitHub/Flip_Side/Content/Boss/Info/BossMugShot/T_Posion_Mugshot.uasset" 3841
"C:/Users/jinso/Documents/GitHub/Flip_Side/Content/UI/Shop_UnlockWeapon/Widget/WBP_UnlockWeaponGridContainer.uasset" 3842
"C:/Users/jinso/Documents/GitHub/Flip_Side/Content/Levels/L_Tutorial_Shop_Level.umap" 3843
"C:/Users/jinso/Documents/GitHub/Flip_Side/Content/UI/Shop_UnlockWeapon/WBP_UnlockWeaponGrid.uasset" 3844
"C:/Users/jinso/Documents/GitHub/Flip_Side/Content/UI/Shop_BossInfo/WBP_ShopBossInfo.uasset" 3845
"C:/Users/jinso/Documents/GitHub/Flip_Side/Content/Player/Player_Shop/BP_ShopLevelGameMode.uasset" 3846
"C:/Users/jinso/Documents/GitHub/Flip_Side/Content/UI/Shop_UnlockWeapon/WBP_UnlockWeaponButton.uasset" 3847
"C:/Users/jinso/Documents/GitHub/Flip_Side/Content/ShopTutorial/BP_Tuto_ShopLevelGameMode.uasset" 3848
"C:/Users/jinso/Documents/GitHub/Flip_Side/Content/ShopTutorial/BP_Tuto_ShopController.uasset" 3849
"C:/Users/jinso/Documents/GitHub/Flip_Side/Content/Player/Player_Shop/BP_ShopController.uasset" 3850
"/Game/UI/Shop_CoinManager/Widget/WBP_CoinManageWidget" 3851
"/Game/UI/Shop_ItemSelect/WBP_ShopItemWidget" 3852
"/Game/UI/Shop_CardSelect/WBP_CardSelectModeWidget" 3853
"/Game/UI/Shop_CoinManager/BP_ShopCreateCoin" 3854
"/Game/Levels/L_Tutorial_TutoShop_Level" 3855
"../../../../../../Users/jinso/Documents/GitHub/Flip_Side/Content/Levels/L_Tutorial_TutoShop_Level.umap" 3856
"/Game/Player/Player_Shop/BP_ShopLevelGameMode" 3857
"C:/Users/jinso/Documents/GitHub/Flip_Side/Content/Player/StartEnd/StartEndPawn.uasset" 3858
"C:/Users/jinso/Documents/GitHub/Flip_Side/Content/Player/StartEnd/WBP_EndHud.uasset" 3859
"C:/Users/jinso/Documents/GitHub/Flip_Side/Content/Player/StartEnd/M_IntroVideo.uasset" 3860
"C:/Users/jinso/Documents/GitHub/Flip_Side/Content/Player/StartEnd/WBP_StartHud.uasset" 3861
"C:/Users/jinso/Documents/GitHub/Flip_Side/Content/Player/StartEnd/FMS_Intro.uasset" 3862
"C:/Users/jinso/Documents/GitHub/Flip_Side/Content/Player/StartEnd/MT_Intro.uasset" 3863
"C:/Users/jinso/Documents/GitHub/Flip_Side/Content/Levels/L_GameStart.umap" 3864
"C:/Users/jinso/Documents/GitHub/Flip_Side/Content/Levels/L_ShopLevel.umap" 3865
"../../../Engine/Plugins/FX/Niagara/Content/DynamicInputs/Vectors/Position/AddVectorToPosition.uasset" 3866
"C:/Users/jinso/Documents/GitHub/Flip_Side/Content/Player/StartEnd/StartEndController.uasset" 3867
"../../../Engine/Plugins/FX/Niagara/Content/DynamicInputs/UniformRange/V2/RandomRangeInt.uasset" 3868
"C:/Users/jinso/Documents/GitHub/Flip_Side/Content/Player/StartEnd/MP_Intro.uasset" 3869
"../../../Engine/Plugins/FX/Niagara/Content/DynamicInputs/UniformRange/V3/RandomRangeLinearColor.uasset" 3870
"../../../Engine/Plugins/FX/Niagara/Content/VectorFields/Assets/TilingCurl16.uasset" 3871
"../../../Engine/Plugins/FX/Niagara/Content/Functions/V2/RemapRange.uasset" 3872
"../../../Engine/Plugins/FX/Niagara/Content/Functions/FindAngleBetweenVectors.uasset" 3873
"../../../Engine/Plugins/FX/Niagara/Content/Functions/V2/ConeMask.uasset" 3874
"../../../Engine/Plugins/FX/Niagara/Content/VectorFields/Assets/TilingCurl64.uasset" 3875
"C:/Users/jinso/Documents/GitHub/Flip_Side/Content/Player/StartEnd/StartEndGameMode.uasset" 3876
"/Game/Levels/L_Tutorial_Shop_Level" 3877
"../../../../../../Users/jinso/Documents/GitHub/Flip_Side/Content/Levels/L_Tutorial_Shop_Level.umap" 3878
"/Engine/EditorResources/EmptyActor" 3879
"../../../Engine/Content/EditorResources/EmptyActor.uasset" 3880
"/Engine/EditorResources/LightIcons/S_LightError" 3881
"../../../Engine/Content/EditorResources/LightIcons/S_LightError.uasset" 3882
"/Niagara/VectorFields/Assets/TilingCurl64" 3883
"../../../Engine/Plugins/FX/Niagara/Content/Functions/ChannelMasks/SelectV4Channel.uasset" 3884
"../../../Engine/Plugins/FX/Niagara/Content/Functions/RandomUnitVector.uasset" 3885
"../../../Engine/Plugins/FX/Niagara/Content/Functions/RandomVector.uasset" 3886
"../../../Engine/Plugins/FX/Niagara/Content/Modules/Update/Forces/V2/CurlNoiseForce.uasset" 3887
"../../../Engine/Plugins/FX/Niagara/Content/Modules/Update/Position/JitterPosition.uasset" 3888
"../../../Engine/Plugins/FX/Niagara/Content/Functions/NormalizeDistanceRange.uasset" 3889
"../../../Engine/Plugins/FX/Niagara/Content/Enums/ENiagaraVector4_Channels.uasset" 3890
"../../../Engine/Plugins/FX/Niagara/Content/Functions/Localspace/PositionToVector.uasset" 3891
"../../../Engine/Plugins/FX/Niagara/Content/Enums/Utility/ENiagara_PartitionMode.uasset" 3892
"../../../Engine/Plugins/FX/Niagara/Content/Functions/RandomRangeFloat.uasset" 3893
"../../../Engine/Plugins/FX/Niagara/Content/Functions/GetRandomInfo.uasset" 3894
"../../../Engine/Plugins/FX/Niagara/Content/Functions/LinearColor/RGBToHSV.uasset" 3895
"../../../Engine/Plugins/FX/Niagara/Content/Modules/Update/Utility/PartitionParticles.uasset" 3896
"/Niagara/VectorFields/Assets/TilingCurl16" 3897
"/Niagara/Functions/V2/ConeMask" 3898
"../../Plugins/FX/Niagara/Content/Functions/DirectionAndLengthSafe.uasset" 3899
"/Niagara/DynamicInputs/Vectors/Position/AddVectorToPosition" 3900
"/Niagara/DynamicInputs/UniformRange/V3/RandomRangeLinearColor" 3901
"../../Plugins/FX/Niagara/Content/Functions/V2/CalculateRandomRange.uasset" 3902
"../../Plugins/FX/Niagara/Content/Functions/V2/CalculateRandomRangeFloat.uasset" 3903
"../../Plugins/FX/Niagara/Content/Enums/ENiagaraChannelCorrelation.uasset" 3904
"../../Plugins/FX/Niagara/Content/Enums/ENiagaraRandomnessEvaluation.uasset" 3905
"../../Plugins/FX/Niagara/Content/Enums/ENiagaraRandomnessMode.uasset" 3906
"/Niagara/DynamicInputs/UniformRange/V2/RandomRangeInt" 3907
"../../Plugins/FX/Niagara/Content/Functions/V2/CalculateRandomRangeInteger.uasset" 3908
"/Game/Levels/L_GameStart" 3909
"../../../../../../Users/jinso/Documents/GitHub/Flip_Side/Content/Levels/L_GameStart.umap" 3910
"/Game/Levels/L_ShopLevel" 3911
"../../../../../../Users/jinso/Documents/GitHub/Flip_Side/Content/Levels/L_ShopLevel.umap" 3912
"/Niagara/Functions/NormalizeDistanceRange" 3913
"../../../Engine/Plugins/FX/Niagara/Content/Modules/Beams/BeamEmitterSetup.uasset" 3914
"../../../Engine/Plugins/FX/Niagara/Content/DynamicInputs/Helpers/SimulationPosition.uasset" 3915
"../../../Engine/Plugins/FX/Niagara/Content/Modules/Beams/UpdateBeam.uasset" 3916
"../../../Engine/Plugins/FX/Niagara/Content/Functions/V2/CalculateRandomBool.uasset" 3917
"../../../Engine/Plugins/FX/Niagara/Content/Modules/Beams/SpawnBeam.uasset" 3918
"../../../Engine/Plugins/FX/Niagara/Content/Functions/Spline/FindPositionOnBezierSpline.uasset" 3919
"../../../Engine/Plugins/FX/Niagara/Content/DynamicInputs/Multiply/Multiply_VectorByFloat.uasset" 3920
"../../../Engine/Plugins/FX/Niagara/Content/Modules/Beams/BeamWidth.uasset" 3921
"../../../Engine/Plugins/FX/Niagara/Content/Enums/Utility/ENiagara_PartitionMode_v2.uasset" 3922
"../../../Engine/Plugins/FX/Niagara/Content/Enums/Utility/ENiagara_DynamicMaterialParametersInputMode.uasset" 3923
"../../../Engine/Plugins/FX/Niagara/Content/Functions/Localspace/TransformBase.uasset" 3924
"../../../Engine/Plugins/FX/Niagara/Content/Functions/NormalizedExecutionIndex.uasset" 3925
"../../../Engine/Plugins/FX/Niagara/Content/Functions/Localspace/TransformPosition.uasset" 3926
"../../../Engine/Plugins/FX/Niagara/Content/Functions/Localspace/TransformVector.uasset" 3927
"../../../Engine/Plugins/FX/Niagara/Content/Functions/LinearColor/HueShiftLinearColor.uasset" 3928
"C:/Users/jinso/Documents/GitHub/Flip_Side/Content/Effect/Material/M_Lightning.uasset" 3929
"../../Plugins/FX/Niagara/Content/Functions/Math/SaturateFloat.uasset" 3930
"../../../Engine/Plugins/FX/Niagara/Content/Modules/Update/Material/DynamicMaterialParameters.uasset" 3931
"../../../Engine/Plugins/FX/Niagara/Content/Functions/Localspace/SimulationPosition.uasset" 3932
"../../../Engine/Plugins/FX/Niagara/Content/Modules/Spawn/Initialization/V2/InitializeParticle.uasset" 3933
"/Niagara/Functions/LinearColor/RGBToHSV" 3934
"/Niagara/Enums/Utility/ENiagara_PartitionMode" 3935
"/Niagara/Functions/RandomVector" 3936
"/Niagara/Functions/Localspace/PositionToVector" 3937
"/Niagara/Functions/Localspace/SimulationPosition" 3938
"../../../Engine/Plugins/FX/Niagara/Content/Enums/Ribbons/ENiagara_UnsetDirectSetRandom.uasset" 3939
"../../../Engine/Plugins/FX/Niagara/Content/Enums/ENiagaraBooleanLogicOps_v2.uasset" 3940
"../../../Engine/Plugins/FX/Niagara/Content/DynamicInputs/ValueFromCurve/FloatFromCurve.uasset" 3941
"../../../Engine/Plugins/FX/Niagara/Content/Enums/ENiagara_MassInitializationMode.uasset" 3942
"../../../Engine/Plugins/FX/Niagara/Content/Enums/Ribbons/ENiagara_UnsetDirectSet.uasset" 3943
"../../../Engine/Plugins/FX/Niagara/Content/Enums/ENiagara_LifetimeMode.uasset" 3944
"../../../Engine/Plugins/FX/Niagara/Content/Enums/ENiagara_ColorInitializationMode.uasset" 3945
"../../../Engine/Plugins/FX/Niagara/Content/Enums/ENiagaraCurlNoiseQuality.uasset" 3946
"../../../Engine/Plugins/FX/Niagara/Content/Enums/ENiagara_PositionInitializationMode.uasset" 3947
"../../../Engine/Plugins/FX/Niagara/Content/Enums/ENiagara_AttributeSamplingApplyOutput.uasset" 3948
"/Niagara/Functions/V2/CalculateRandomBool" 3949
"/Niagara/Modules/Update/Position/JitterPosition" 3950
"/Niagara/Functions/LinearColor/HueShiftLinearColor" 3951
"/Niagara/Enums/Utility/ENiagara_DynamicMaterialParametersInputMode" 3952
"/Niagara/Modules/Update/Material/DynamicMaterialParameters" 3953
"/Game/Effect/Material/M_Lightning" 3954
"/Niagara/Modules/Beams/UpdateBeam" 3955
"/Niagara/Modules/Beams/SpawnBeam" 3956
"/Niagara/Modules/Beams/BeamWidth" 3957
"/Niagara/Modules/Beams/BeamEmitterSetup" 3958
"/Niagara/Enums/Utility/ENiagara_PartitionMode_v2" 3959
"/Niagara/Modules/Update/Utility/PartitionParticles" 3960
"../../../Engine/Plugins/FX/Niagara/Content/Enums/ENiagara_SizeScaleMode.uasset" 3961
"../../../Engine/Plugins/FX/Niagara/Content/Enums/ENiagara_SpriteRotationMode.uasset" 3962
"../../../Engine/Plugins/FX/Niagara/Content/Modules/Update/Lifetime/ParticleState.uasset" 3963
"../../../Engine/Plugins/FX/Niagara/Content/Functions/Drag/DragVelocity.uasset" 3964
"../../../Engine/Plugins/FX/Niagara/Content/Icons/Modules/T_Icon_Solver_LimitAccel.uasset" 3965
"../../../Engine/Plugins/FX/Niagara/Content/Functions/System/SystemChangeState.uasset" 3966
"../../../Engine/Plugins/FX/Niagara/Content/Modules/Update/Color/Color.uasset" 3967
"../../../Engine/Plugins/FX/Niagara/Content/Enums/ENiagara_UVFlippingMode.uasset" 3968
"../../../Engine/Plugins/FX/Niagara/Content/Modules/Solvers/ApplyRotationVector.uasset" 3969
"../../../Engine/Plugins/FX/Niagara/Content/Icons/Modules/T_Icon_Particle_InfiniteLife.uasset" 3970
"../../../Engine/Plugins/FX/Niagara/Content/Icons/Modules/T_Icon_Solver_RotationalSolve.uasset" 3971
"../../../Engine/Plugins/FX/Niagara/Content/Modules/System/SystemState.uasset" 3972
"../../../Engine/Plugins/FX/Niagara/Content/VectorFields/Assets/TilingCurl32.uasset" 3973
"../../../Engine/Plugins/FX/Niagara/Content/Functions/Math/CentimeterMeterConversion.uasset" 3974
"../../../Engine/Plugins/FX/Niagara/Content/Functions/Rotation/AxisAngleToQuaternion.uasset" 3975
"../../../Engine/Plugins/FX/Niagara/Content/Functions/Rotation/MultiplyQuaternion.uasset" 3976
"../../../Engine/Plugins/FX/Niagara/Content/Icons/Modules/T_Icon_Solver_LimitSpeed.uasset" 3977
"../../../Engine/Plugins/FX/Niagara/Content/Modules/Solvers/SolveForcesAndVelocity.uasset" 3978
"../../../Engine/Plugins/FX/Niagara/Content/Functions/Rotation/MultiplyVectorWithQuaternion.uasset" 3979
"../../Plugins/FX/Niagara/Content/Enums/ENiagara_InfiniteLoopDuration.uasset" 3980
"/Niagara/Enums/ENiagara_PositionInitializationMode" 3981
"/Niagara/Enums/ENiagara_MassInitializationMode" 3982
"/Niagara/Enums/ENiagara_LifetimeMode" 3983
"/Niagara/Enums/ENiagara_ColorInitializationMode" 3984
"/Niagara/Enums/ENiagaraCurlNoiseQuality" 3985
"/Niagara/DynamicInputs/ValueFromCurve/FloatFromCurve" 3986
"/Niagara/Enums/Ribbons/ENiagara_UnsetDirectSet" 3987
"/Niagara/Enums/Ribbons/ENiagara_UnsetDirectSetRandom" 3988
"/Niagara/Modules/Solvers/SolveForcesAndVelocity" 3989
"../../../Engine/Plugins/FX/Niagara/Content/Modules/Emitter/SpawnBurst_Instantaneous.uasset" 3990
"../../../Engine/Plugins/FX/Niagara/Content/Icons/Modules/T_Icon_Scalability_Emitter.uasset" 3991
"../../../Engine/Plugins/FX/Niagara/Content/Icons/Modules/T_Icon_Scalability_System.uasset" 3992
"../../../Engine/Plugins/FX/Niagara/Content/Functions/Emitter/EmitterChangeState.uasset" 3993
"../../../Engine/Plugins/FX/Niagara/Content/Enums/ENiagara_EmitterStateOptions.uasset" 3994
"../../../Engine/Plugins/FX/Niagara/Content/Enums/ENiagaraEmitterScalabilityMode_Limited.uasset" 3995
"../../../Engine/Plugins/FX/Niagara/Content/Enums/ENiagaraEmitterLifeCycleMode.uasset" 3996
"../../../Engine/Plugins/FX/Niagara/Content/Modules/Emitter/EmitterState.uasset" 3997
"../../../Engine/Plugins/FX/Niagara/Content/Enums/ENiagaraSystemInactiveMode.uasset" 3998
"../../../Engine/Plugins/FX/Niagara/Content/Enums/ENiagaraInactiveMode.uasset" 3999
"C:/Users/jinso/Documents/GitHub/Flip_Side/Content/Effect/BossEffects/Groggy/NS_GroggyBoss_Pattern3.uasset" 4000
"/Niagara/Modules/Spawn/Initialization/V2/InitializeParticle" 4001
"/Niagara/Modules/Update/Forces/V2/CurlNoiseForce" 4002
"/Niagara/Functions/System/SystemChangeState" 4003
"/Niagara/Modules/Update/Lifetime/ParticleState" 4004
"/Niagara/Modules/Update/Color/Color" 4005
"/Game/Effect/BossEffects/Groggy/NS_GroggyBoss_Pattern3" 4006
"C:/Users/jinso/Documents/GitHub/Flip_Side/Content/Effect/Textures/T_Lightning.uasset" 4007
"C:/Users/jinso/Documents/GitHub/Flip_Side/Content/Effect/Textures/normal_noise_texture_512.uasset" 4008
"../../../Engine/Content/Functions/Engine_MaterialFunctions02/Texturing/FlipBook.uasset" 4009
"../../../Engine/Content/Functions/Engine_MaterialFunctions02/ExampleContent/Textures/flipbook.uasset" 4010
"../../../Engine/Content/Functions/Engine_MaterialFunctions01/Texturing/ComputeMipLevel.uasset" 4011
"../../../Engine/Plugins/FX/Niagara/Content/Enums/SpriteRenderer/ENiagara_ScaleSpriteSize.uasset" 4012
"../../../Engine/Content/Functions/Engine_MaterialFunctions02/ExampleContent/Textures/DebugNumberPeriod.uasset" 4013
"C:/Users/jinso/Documents/GitHub/Flip_Side/Content/Effect/Material/M_Lightning_Sub.uasset" 4014
"../../../Engine/Content/Functions/Engine_MaterialFunctions01/ImageAdjustment/DeriveHDRfromLDR.uasset" 4015
"../../../Engine/Plugins/FX/Niagara/Content/Functions/SphericalToCartesianCoordinates.uasset" 4016
"../../../Engine/Plugins/FX/Niagara/Content/Functions/ParametricTorusKnot.uasset" 4017
"../../../Engine/Plugins/FX/Niagara/Content/Functions/IsolateLongestVectorComponent.uasset" 4018
"../../../Engine/Plugins/FX/Niagara/Content/Modules/Update/Size/ScaleSpriteSize.uasset" 4019
"../../../Engine/Content/Functions/Engine_MaterialFunctions02/Utility/DebugScalarValues.uasset" 4020
"../../../Engine/Content/Functions/Engine_MaterialFunctions02/Utility/DebugFloat2Values.uasset" 4021
"../../../Engine/Plugins/FX/Niagara/Content/Functions/RandomPointInBox.uasset" 4022
"../../../Engine/Plugins/FX/Niagara/Content/Enums/ENiagaraExpansionMode.uasset" 4023
"../../../Engine/Plugins/FX/Niagara/Content/Functions/ParametricTorus.uasset" 4024
"../../../Engine/Plugins/FX/Niagara/Content/Functions/Rotation/RotateVector2D.uasset" 4025
"../../../Engine/Plugins/FX/Niagara/Content/Functions/PolarToCartesianCoordinates.uasset" 4026
"/Niagara/Enums/ENiagaraExpansionMode" 4027
"/Niagara/Functions/SphericalToCartesianCoordinates" 4028
"../../../Engine/Plugins/FX/Niagara/Content/Enums/Transforms/ENiagara_TransformOrder.uasset" 4029
"../../../Engine/Plugins/FX/Niagara/Content/Enums/Transforms/ENiagara_TransformType.uasset" 4030
"../../../Engine/Plugins/FX/Niagara/Content/Modules/Spawn/Location/V2/ShapeLocation.uasset" 4031
"../../../Engine/Plugins/FX/Niagara/Content/Enums/Transforms/ENiagara_OffsetMode.uasset" 4032
"../../../Engine/Plugins/FX/Niagara/Content/Functions/V2/DistanceBasedFalloff.uasset" 4033
"../../../Engine/Plugins/FX/Niagara/Content/Enums/Transforms/ENiagara_ScaleMode.uasset" 4034
"../../../Engine/Plugins/FX/Niagara/Content/Enums/Location/ENiagaraRingDiscMode.uasset" 4035
"../../../Engine/Plugins/FX/Niagara/Content/Functions/Rotation/TransformStack/TransformStack_Rotation.uasset" 4036
"../../../Engine/Plugins/FX/Niagara/Content/Enums/Location/ENiagara_LocationShapes.uasset" 4037
"../../../Engine/Plugins/FX/Niagara/Content/Enums/Location/ENiagara_ConeMode.uasset" 4038
"../../../Engine/Plugins/FX/Niagara/Content/Enums/Location/ENiagara_CylinderMode.uasset" 4039
"../../../Engine/Plugins/FX/Niagara/Content/Enums/Location/ENiagara_BoxPlaneMode.uasset" 4040
"/Niagara/Functions/PolarToCartesianCoordinates" 4041
"/Niagara/Functions/RandomPointInBox" 4042
"/Niagara/Functions/ParametricTorusKnot" 4043
"/Niagara/Functions/ParametricTorus" 4044
"/Niagara/Functions/Rotation/RotateVector2D" 4045
"/Niagara/Enums/SpriteRenderer/ENiagara_ScaleSpriteSize" 4046
"/Niagara/Modules/Update/Size/ScaleSpriteSize" 4047
"/Game/Effect/Material/M_Lightning_Sub" 4048
"/Niagara/Functions/V2/DistanceBasedFalloff" 4049
"../../../Engine/Plugins/FX/Niagara/Content/Functions/V2/CalculateRandomUnitVector.uasset" 4050
"../../../Engine/Plugins/FX/Niagara/Content/Modules/Spawn/Velocity/AddVelocity.uasset" 4051
"../../../Engine/Plugins/FX/Niagara/Content/Functions/Rotation/MakeQuaternionFrom3BasisVectors.uasset" 4052
"../../../Engine/Plugins/FX/Niagara/Content/Functions/Rotation/MatrixToQuaternion.uasset" 4053
"../../../Engine/Plugins/FX/Niagara/Content/Functions/Rotation/XYZRotationToQuaternion.uasset" 4054
"../../../Engine/Plugins/FX/Niagara/Content/Functions/Rotation/AngleUnitConverter.uasset" 4055
"../../../Engine/Plugins/FX/Niagara/Content/Functions/Rotation/FindQuatBetween.uasset" 4056
"../../../Engine/Plugins/FX/Niagara/Content/Functions/Rotation/InvertQuaternion.uasset" 4057
"../../../Engine/Plugins/FX/Niagara/Content/Enums/Utility/ENiagara_VelocityMode.uasset" 4058
"../../../Engine/Plugins/FX/Niagara/Content/Enums/ENiagaraScaleColorMode.uasset" 4059
"../../../Engine/Plugins/FX/Niagara/Content/Enums/Angles/ENiagara_AngleInput.uasset" 4060
"../../../Engine/Plugins/FX/Niagara/Content/Enums/ENiagaraShapeTorusMode.uasset" 4061
"C:/Users/jinso/Documents/GitHub/Flip_Side/Content/Effect/BossEffects/Groggy/NS_GroggyBoss_Pattern1.uasset" 4062
"../../../Engine/Plugins/FX/Niagara/Content/Enums/Transforms/ENiagara_RotationMode.uasset" 4063
"../../../Engine/Plugins/FX/Niagara/Content/Modules/Update/Color/ScaleColor.uasset" 4064
"../../../Engine/Plugins/FX/Niagara/Content/Enums/ENiagaraTorusDistributionMode.uasset" 4065
"../../../Engine/Plugins/FX/Niagara/Content/Functions/Math/CalculateRandomPointInConeSphereIntersection.uasset" 4066
"../../../Engine/Plugins/FX/Niagara/Content/DynamicInputs/TypeConversions/VectorFromFloat.uasset" 4067
"../../../Engine/Plugins/Interchange/Assets/Content/gltf/MaterialFunctions/MF_Clearcoat.uasset" 4068
"../../../Engine/Plugins/FX/Niagara/Content/Enums/ENiagaraSphereDistributionMode.uasset" 4069
"/Niagara/Enums/Location/ENiagara_BoxPlaneMode" 4070
"/Niagara/Enums/Location/ENiagara_ConeMode" 4071
"/Niagara/Enums/Location/ENiagara_CylinderMode" 4072
"/Niagara/Enums/Location/ENiagara_LocationShapes" 4073
"/Niagara/Enums/Location/ENiagaraRingDiscMode" 4074
"/Niagara/Enums/Transforms/ENiagara_OffsetMode" 4075
"/Niagara/Enums/Transforms/ENiagara_ScaleMode" 4076
"/Niagara/Enums/Transforms/ENiagara_TransformOrder" 4077
"/Niagara/Enums/Transforms/ENiagara_TransformType" 4078
"/Niagara/Functions/Rotation/TransformStack/TransformStack_Rotation" 4079
"../../../Engine/Plugins/Interchange/Assets/Content/gltf/MaterialFunctions/MF_SpecularAnisotropy.uasset" 4080
"../../../Engine/Plugins/Interchange/Assets/Content/gltf/MaterialBodies/MF_ClearCoat_Body.uasset" 4081
"../../../Engine/Plugins/Interchange/Assets/Content/gltf/MaterialFunctions/MF_Specular.uasset" 4082
"../../../Engine/Plugins/Interchange/Assets/Content/gltf/MaterialFunctions/MF_ScaleNormal.uasset" 4083
"../../../Engine/Plugins/Interchange/Assets/Content/gltf/MaterialFunctions/MF_Occlusion.uasset" 4084
"../../../Engine/Plugins/Interchange/Assets/Content/gltf/Textures/T_Anisotropy_Direction_Linear.uasset" 4085
"../../../Engine/Plugins/Interchange/Assets/Content/gltf/MaterialFunctions/MF_RotateNormals_TS.uasset" 4086
"../../../Engine/Plugins/Interchange/Assets/Content/gltf/MaterialFunctions/MF_Emissive.uasset" 4087
"../../../Engine/Plugins/Interchange/Assets/Content/gltf/MaterialFunctions/MF_Normals.uasset" 4088
"../../../Engine/Plugins/Interchange/Assets/Content/gltf/Textures/T_Generic_N.uasset" 4089
"/Game/Effect/BossEffects/Groggy/NS_GroggyBoss_Pattern1" 4090
"/InterchangeAssets/gltf/MaterialFunctions/MF_Normals" 4091
"../../../Engine/Plugins/Interchange/Assets/Content/gltf/MaterialFunctions/MF_IOR.uasset" 4092
"../../../Engine/Plugins/Interchange/Assets/Content/gltf/MaterialFunctions/MF_RotateV2.uasset" 4093
"../../../Engine/Plugins/Interchange/Assets/Content/gltf/MaterialFunctions/MF_Iridescence.uasset" 4094
"../../../Engine/Plugins/Interchange/Assets/Content/gltf/Textures/T_White_Linear.uasset" 4095
"../../../Engine/Plugins/Interchange/Assets/Content/gltf/MaterialFunctions/MF_TransformUVs.uasset" 4096
"../../../Engine/Content/Functions/Engine_MaterialFunctions01/Texturing/FlattenNormal.uasset" 4097
"../../../Engine/Plugins/Interchange/Assets/Content/gltf/MaterialFunctions/MF_MetallicRoughness.uasset" 4098
"../../../Engine/Plugins/Interchange/Assets/Content/Functions/MF_Iridescence.uasset" 4099
"../../../Engine/Plugins/Interchange/Assets/Content/gltf/Textures/T_White_srgb.uasset" 4100
"../../../Engine/Plugins/Interchange/Assets/Content/gltf/MaterialInstances/MI_ClearCoat_Blend_DS.uasset" 4101
"../../../Engine/Plugins/Interchange/Assets/Content/gltf/MaterialInstances/MI_ClearCoat_Opaque.uasset" 4102
"../../../Engine/Plugins/Interchange/Assets/Content/gltf/MaterialInstances/MI_ClearCoat_Mask_DS.uasset" 4103
"../../../Engine/Plugins/Interchange/Assets/Content/gltf/MaterialFunctions/MF_BaseColor.uasset" 4104
"../../../Engine/Content/Functions/Engine_MaterialFunctions03/Math/RemapValueRange.uasset" 4105
"../../../Engine/Plugins/Interchange/Assets/Content/gltf/MaterialInstances/MI_ClearCoat_Mask.uasset" 4106
"../../../Engine/Plugins/Interchange/Assets/Content/Functions/MF_IridescenceNoLUT.uasset" 4107
"../../../Engine/Plugins/Interchange/Assets/Content/gltf/MaterialInstances/MI_ClearCoat_Blend.uasset" 4108
"../../../Engine/Plugins/Interchange/Assets/Content/gltf/MaterialInstances/MI_ClearCoat_Opaque_DS.uasset" 4109
"../../../Engine/Plugins/Interchange/Assets/Content/gltf/MaterialBodies/MF_Default_Body.uasset" 4110
"../../../Engine/Plugins/Interchange/Assets/Content/gltf/M_ClearCoat.uasset" 4111
"/InterchangeAssets/gltf/MaterialFunctions/MF_SpecularAnisotropy" 4112
"../../../Engine/Plugins/Interchange/Assets/Content/Utilities/New_LUT.uasset" 4113
"/InterchangeAssets/gltf/MaterialBodies/MF_Default_Body" 4114
"../../../Engine/Plugins/Interchange/Assets/Content/gltf/MaterialInstances/MI_Default_Mask.uasset" 4115
"../../../Engine/Plugins/Interchange/Assets/Content/gltf/MaterialInstances/MI_Default_Opaque.uasset" 4116
"../../../Engine/Plugins/Interchange/Assets/Content/gltf/MaterialInstances/MI_Default_Blend.uasset" 4117
"../../../Engine/Plugins/Interchange/Assets/Content/gltf/MaterialInstances/MI_Default_Mask_DS.uasset" 4118
"../../../Engine/Plugins/Interchange/Assets/Content/gltf/M_Default.uasset" 4119
"../../../Engine/Plugins/Interchange/Assets/Content/gltf/MaterialInstances/MI_Default_Opaque_DS.uasset" 4120
"/InterchangeAssets/gltf/MaterialFunctions/MF_Clearcoat" 4121
"/InterchangeAssets/gltf/MaterialInstances/MI_ClearCoat_Blend_DS" 4122
"/InterchangeAssets/gltf/MaterialInstances/MI_ClearCoat_Mask_DS" 4123
"/InterchangeAssets/gltf/MaterialInstances/MI_ClearCoat_Opaque_DS" 4124
"/InterchangeAssets/gltf/MaterialInstances/MI_ClearCoat_Blend" 4125
"/InterchangeAssets/gltf/MaterialInstances/MI_ClearCoat_Mask" 4126
"/InterchangeAssets/gltf/MaterialInstances/MI_ClearCoat_Opaque" 4127
"/InterchangeAssets/gltf/MaterialInstances/MI_Default_Mask_DS" 4128
"../../../Engine/Plugins/Interchange/Assets/Content/gltf/MaterialInstances/MI_Default_Blend_DS.uasset" 4129
"../../../Engine/Plugins/Interchange/Assets/Content/gltf/MaterialBodies/MF_Sheen_Body.uasset" 4130
"../../../Engine/Plugins/Interchange/Assets/Content/gltf/MaterialInstances/MI_Sheen_Opaque.uasset" 4131
"../../../Engine/Plugins/Interchange/Assets/Content/gltf/MaterialInstances/MI_Sheen_Opaque_DS.uasset" 4132
"../../../Engine/Plugins/Interchange/Assets/Content/gltf/M_Sheen.uasset" 4133
"../../../Engine/Plugins/Interchange/Assets/Content/gltf/MaterialInstances/MI_Sheen_Mask.uasset" 4134
"../../../Engine/Plugins/Interchange/Assets/Content/gltf/MaterialInstances/MI_Transmission.uasset" 4135
"../../../Engine/Plugins/Interchange/Assets/Content/gltf/MaterialFunctions/MF_Sheen.uasset" 4136
"../../../Engine/Plugins/Interchange/Assets/Content/gltf/MaterialInstances/MI_Sheen_Mask_DS.uasset" 4137
"../../../Engine/Plugins/Interchange/Assets/Content/gltf/M_Transmission.uasset" 4138
"../../../Engine/Plugins/Interchange/Assets/Content/gltf/MaterialFunctions/MF_Transmission.uasset" 4139
"../../../Engine/Content/Functions/Engine_MaterialFunctions02/Texturing/ScreenAlignedPixelToPixelUVs.uasset" 4140
"../../../Engine/Plugins/Interchange/Assets/Content/gltf/MaterialFunctions/MF_PerceivedBrightness.uasset" 4141
"../../../Engine/Plugins/Interchange/Assets/Content/gltf/MaterialFunctions/MF_Temporal_Blur.uasset" 4142
"../../../Engine/Plugins/Interchange/Assets/Content/gltf/MaterialInstances/MI_Sheen_Blend.uasset" 4143
"../../../Engine/Plugins/Interchange/Assets/Content/gltf/MaterialFunctions/MF_MaxComponentValue.uasset" 4144
"../../../Engine/Plugins/Interchange/Assets/Content/gltf/MaterialInstances/MI_Sheen_Blend_DS.uasset" 4145
"../../../Engine/Plugins/Interchange/Assets/Content/gltf/MaterialBodies/MF_Transmission_Body.uasset" 4146
"../../../Engine/Plugins/Interchange/Assets/Content/gltf/M_SpecularGlossiness.uasset" 4147
"../../../Engine/Plugins/Interchange/Assets/Content/gltf/MaterialInstances/MI_SpecularGlossiness_Opaque.uasset" 4148
"../../../Engine/Content/Functions/Engine_MaterialFunctions02/Math/AddComponents.uasset" 4149
"../../../Engine/Plugins/Interchange/Assets/Content/gltf/MaterialFunctions/MF_Fresnel_DS.uasset" 4150
"../../../Engine/Plugins/Interchange/Assets/Content/gltf/MaterialBodies/MF_SpecularGlossiness_Body.uasset" 4151
"../../../Engine/Plugins/Interchange/Assets/Content/gltf/MaterialFunctions/MF_SpecGlossToMetalRoughness.uasset" 4152
"../../../Engine/Plugins/Interchange/Assets/Content/gltf/MaterialInstances/MI_Transmission_DS.uasset" 4153
"../../../Engine/Plugins/Interchange/Assets/Content/gltf/MaterialFunctions/MF_DiffuseSpecGloss.uasset" 4154
"/InterchangeAssets/gltf/MaterialInstances/MI_Default_Opaque_DS" 4155
"/InterchangeAssets/gltf/MaterialInstances/MI_Default_Blend" 4156
"/InterchangeAssets/gltf/MaterialInstances/MI_Default_Mask" 4157
"/InterchangeAssets/gltf/MaterialInstances/MI_Default_Opaque" 4158
"/Engine/EditorResources/AudioIcons/S_AudioComponent_AutoActivate" 4159
"../../../Engine/Content/EditorResources/AudioIcons/S_AudioComponent_AutoActivate.uasset" 4160
"../../../Engine/Plugins/Interchange/Assets/Shaders/ThinFilmFunctions.usf" 4161
"/InterchangeAssets/gltf/MaterialInstances/MI_SpecularGlossiness_Opaque" 4162
"../../../Engine/Plugins/Interchange/Assets/Content/gltf/MaterialInstances/MI_SpecularGlossiness_Blend.uasset" 4163
"../../../Engine/Plugins/Interchange/Assets/Content/gltf/MaterialInstances/MI_SpecularGlossiness_Opaque_DS.uasset" 4164
"../../../Engine/Plugins/Interchange/Assets/Content/gltf/MaterialInstances/MI_SpecularGlossiness_Mask.uasset" 4165
"../../../Engine/Plugins/Interchange/Assets/Content/gltf/MaterialInstances/MI_SpecularGlossiness_Blend_DS.uasset" 4166
"C:/Users/jinso/Documents/GitHub/Flip_Side/Content/Coin/Material/M_CoinActed.uasset" 4167
"../../../Engine/Plugins/Interchange/Assets/Content/gltf/MaterialInstances/MI_SpecularGlossiness_Mask_DS.uasset" 4168
"/InterchangeAssets/gltf/MaterialInstances/MI_Transmission_DS" 4169
"/InterchangeAssets/gltf/MaterialInstances/MI_Transmission" 4170
"/InterchangeAssets/gltf/MaterialInstances/MI_Sheen_Blend_DS" 4171
"/InterchangeAssets/gltf/MaterialInstances/MI_Sheen_Mask_DS" 4172
"/InterchangeAssets/gltf/MaterialInstances/MI_Sheen_Opaque_DS" 4173
"/InterchangeAssets/gltf/MaterialInstances/MI_Sheen_Blend" 4174
"/InterchangeAssets/gltf/MaterialInstances/MI_Sheen_Mask" 4175
"/InterchangeAssets/gltf/MaterialInstances/MI_Sheen_Opaque" 4176
"/InterchangeAssets/gltf/MaterialInstances/MI_Default_Blend_DS" 4177
"/Game/Coin/Material/M_CoinActed" 4178
"C:/Users/jinso/Documents/GitHub/Flip_Side/Content/Coin/Mesh/CoinActedPlane.uasset" 4179
"C:/Users/jinso/Documents/GitHub/Flip_Side/Content/UI/CoinUI/WBP_CoinHPWidget.uasset" 4180
"../../../Engine/Content/MapTemplates/TilingNoise05.uasset" 4181
"C:/Users/jinso/Documents/GitHub/Flip_Side/Content/UI/CoinUI/Meterial/MI_CoinHP.uasset" 4182
"../../../Engine/Content/Functions/Engine_MaterialFunctions02/Utility/VectorToRadialValue.uasset" 4183
"C:/Users/jinso/Documents/GitHub/Flip_Side/Content/UI/CoinUI/Meterial/T_CoinHPBar.uasset" 4184
"C:/Users/jinso/Documents/GitHub/Flip_Side/Content/BattleTutorial/TBP_TutorialTargetPoint_ItemSlot.uasset" 4185
"C:/Users/jinso/Documents/GitHub/Flip_Side/Content/BattleTutorial/TBP_TutorialTargetPoint_CoinSlot.uasset" 4186
"../../../Engine/Content/Functions/Engine_MaterialFunctions01/Gradient/RadialGradientExponential.uasset" 4187
"C:/Users/jinso/Documents/GitHub/Flip_Side/Content/UI/BattleUIs/capture/RT_FrontRangeCam.uasset" 4188
"C:/Users/jinso/Documents/GitHub/Flip_Side/Content/BattleTutorial/TBP_TutorialTargetPoint_Card.uasset" 4189
"../../../Engine/Content/Functions/Engine_MaterialFunctions01/Density/ExponentialDensity.uasset" 4190
"C:/Users/jinso/Documents/GitHub/Flip_Side/Content/UI/BattleUIs/capture/RT_BackRangeCam.uasset" 4191
"C:/Users/jinso/Documents/GitHub/Flip_Side/Content/UI/CoinUI/Meterial/M_CoinHP.uasset" 4192
"C:/Users/jinso/Documents/GitHub/Flip_Side/Content/BattleTutorial/WBP_BattleTutorialOverlay.uasset" 4193
"C:/Users/jinso/Documents/GitHub/Flip_Side/Content/BattleTutorial/TBP_TutorialTargetPoint_Drawer.uasset" 4194
"C:/Users/jinso/Documents/GitHub/Flip_Side/Content/BackGroundProps/Mesh/Textures/TableComp/TableComponents_DefaultMaterial_BaseColor.uasset" 4195
"C:/Users/jinso/Documents/GitHub/Flip_Side/Content/Coin/Mesh/Coin_Coin/GC_Coin.uasset" 4196
"C:/Users/jinso/Documents/GitHub/Flip_Side/Content/BattleTutorial/TBP_TutorialTargetPoint_Lever.uasset" 4197
"/InterchangeAssets/gltf/MaterialInstances/MI_SpecularGlossiness_Blend_DS" 4198
"C:/Users/jinso/Documents/GitHub/Flip_Side/Content/BattleTutorial/TBP_TutorialTP_ReadyCoin.uasset" 4199
"C:/Users/jinso/Documents/GitHub/Flip_Side/Content/BattleTutorial/M_Tutorial_DimMask.uasset" 4200
"C:/Users/jinso/Documents/GitHub/Flip_Side/Content/BackGroundProps/Mesh/Textures/TableComp/TableComponents_DefaultMaterial_Normal.uasset" 4201
"C:/Users/jinso/Documents/GitHub/Flip_Side/Content/UI/BattleUIs/capture/BP_BackRangeCam.uasset" 4202
"C:/Users/jinso/Documents/GitHub/Flip_Side/Content/Coin/BP_CoinActor.uasset" 4203
"C:/Users/jinso/Documents/GitHub/Flip_Side/Content/UI/BattleUIs/capture/BP_FrontRangeCam.uasset" 4204
"C:/Users/jinso/Documents/GitHub/Flip_Side/Content/BackGroundProps/Mesh/Textures/TableComp/TableComponents_DefaultMaterial_OcclusionRoughnessMetallic.uasset" 4205
"/InterchangeAssets/gltf/MaterialInstances/MI_SpecularGlossiness_Mask_DS" 4206
"/InterchangeAssets/gltf/MaterialInstances/MI_SpecularGlossiness_Opaque_DS" 4207
"/InterchangeAssets/gltf/MaterialInstances/MI_SpecularGlossiness_Blend" 4208
"/InterchangeAssets/gltf/MaterialInstances/MI_SpecularGlossiness_Mask" 4209
"/Game/BackGroundProps/Mesh/Textures/TableComp/TableComponents_DefaultMaterial_OcclusionRoughnessMetallic" 4210
"C:/Users/jinso/Documents/GitHub/Flip_Side/Content/BackGroundProps/Mesh/LeverBase.uasset" 4211
"C:/Users/jinso/Documents/GitHub/Flip_Side/Content/BackGroundProps/Mesh/DeskComponents_GameBoardBase.uasset" 4212
"C:/Users/jinso/Documents/GitHub/Flip_Side/Content/BackGroundProps/Mesh/Textures/Lever/LeverImsh_DefaultMaterial_OcclusionRoughnessMetallic.uasset" 4213
"C:/Users/jinso/Documents/GitHub/Flip_Side/Content/BackGroundProps/Mesh/Material/M_TableComponents.uasset" 4214
"/Game/BackGroundProps/Mesh/Textures/TableComp/TableComponents_DefaultMaterial_Normal" 4215
"C:/Users/jinso/Documents/GitHub/Flip_Side/Content/BackGroundProps/Mesh/Textures/Lever/LeverImsh_DefaultMaterial_Normal.uasset" 4216
"C:/Users/jinso/Documents/GitHub/Flip_Side/Content/BackGroundProps/Mesh/Textures/Lever/LeverImsh_DefaultMaterial_BaseColor.uasset" 4217
"/Game/BackGroundProps/Mesh/Textures/TableComp/TableComponents_DefaultMaterial_BaseColor" 4218
"/Game/UI/BattleUIs/capture/BP_FrontRangeCam" 4219
"/Game/UI/BattleUIs/capture/BP_BackRangeCam" 4220
"/Game/BattleTutorial/WBP_BattleTutorialOverlay" 4221
"/Game/BattleTutorial/TBP_TutorialTP_ReadyCoin" 4222
"/Game/BattleTutorial/TBP_TutorialTargetPoint_Lever" 4223
"/Game/BattleTutorial/TBP_TutorialTargetPoint_ItemSlot" 4224
"/Game/BattleTutorial/TBP_TutorialTargetPoint_Drawer" 4225
"/Game/BattleTutorial/TBP_TutorialTargetPoint_CoinSlot" 4226
"/Game/BattleTutorial/TBP_TutorialTargetPoint_Card" 4227
"/Game/Coin/BP_CoinActor" 4228
"/Game/BackGroundProps/Mesh/Textures/Lever/LeverImsh_DefaultMaterial_OcclusionRoughnessMetallic" 4229
"C:/Users/jinso/Documents/GitHub/Flip_Side/Content/BackGroundProps/Mesh/Lever.uasset" 4230
"C:/Users/jinso/Documents/GitHub/Flip_Side/Content/BackGroundProps/BP_Draw.uasset" 4231
"C:/Users/jinso/Documents/GitHub/Flip_Side/Content/BackGroundProps/Mesh/Material/M_Lever.uasset" 4232
"../../../Engine/Content/Engine_MI_Shaders/T_Reflection.uasset" 4233
"C:/Users/jinso/Documents/GitHub/Flip_Side/Content/Boss/TextureAndMat/Material/Tutorial/M_SelectedOutline.uasset" 4234
"../../../Engine/Content/Engine_MI_Shaders/M_Shader_SimpleTranslucent.uasset" 4235
"C:/Users/jinso/Documents/GitHub/Flip_Side/Content/BackGroundProps/BP_BattleLever.uasset" 4236
"../../../Engine/Content/Engine_MI_Shaders/T_Emissive.uasset" 4237
"C:/Users/jinso/Documents/GitHub/Flip_Side/Content/BackGroundProps/BP_Slot.uasset" 4238
"C:/Users/jinso/Documents/GitHub/Flip_Side/Content/BackGroundProps/BP_UseItemSlot.uasset" 4239
"/Game/BackGroundProps/Mesh/Textures/Lever/LeverImsh_DefaultMaterial_Normal" 4240
"C:/Users/jinso/Documents/GitHub/Flip_Side/Content/Levels/L_StageOne.umap" 4241
"C:/Users/jinso/Documents/GitHub/Flip_Side/Content/BackGroundProps/Mesh/UseItemSlot.uasset" 4242
"C:/Users/jinso/Documents/GitHub/Flip_Side/Content/Levels/L_Stage_Battle_Tutorial.umap" 4243
"C:/Users/jinso/Documents/GitHub/Flip_Side/Content/Player/Player_Battle/BP_BattlePlayerPawn.uasset" 4244
"C:/Users/jinso/Documents/GitHub/Flip_Side/Content/Boss/Mesh/Poison/Poison_Last.uasset" 4245
"C:/Users/jinso/Documents/GitHub/Flip_Side/Content/Player/Player_Battle/Inupts/IMC_Battle.uasset" 4246
"C:/Users/jinso/Documents/GitHub/Flip_Side/Content/Player/Player_Battle/BP_BattleLevelGameMode.uasset" 4247
"C:/Users/jinso/Documents/GitHub/Flip_Side/Content/Boss/Mesh/Poison/Poison_Last_Poison_Last/GC_Poison_Last.uasset" 4248
"C:/Users/jinso/Documents/GitHub/Flip_Side/Content/Player/Player_Battle/BP_BattleController.uasset" 4249
"../../../Engine/Content/Engine_MI_Shaders/Instances/M_Shader_SimpleTranslucent_Invis.uasset" 4250
"C:/Users/jinso/Documents/GitHub/Flip_Side/Content/Boss/Anims/Poison/Meshy_AI_biped_Animation_Electrocution_Reaction_without_skin.uasset" 4251
"../../../Engine/Plugins/Interchange/Assets/Content/Materials/UnlitMaterial.uasset" 4252
"C:/Users/jinso/Documents/GitHub/Flip_Side/Content/Boss/Anims/Poison/ABP_PoisonBoss.uasset" 4253
"C:/Users/jinso/Documents/GitHub/Flip_Side/Content/Boss/Anims/Poison/Meshy_AI_biped_Animation_Axe_Breathe_and_Look_Around_withSkin_Anim.uasset" 4254
"C:/Users/jinso/Documents/GitHub/Flip_Side/Content/PreviewGrid/BP_WeaponRangePreviewActor.uasset" 4255
"/Game/BackGroundProps/Mesh/Textures/Lever/LeverImsh_DefaultMaterial_BaseColor" 4256
"../../../Engine/Content/EditorBlueprintResources/StandardMacros.uasset" 4257
"/Game/BackGroundProps/Mesh/DeskComponents_GameBoardBase" 4258
"/Engine/EditorBlueprintResources/StandardMacros" 4259
"C:/Users/jinso/Documents/GitHub/Flip_Side/Content/Boss/TextureAndMat/Tex/Poison/Meshy_AI_biped_texture_0_metallic.uasset" 4260
"C:/Users/jinso/Documents/GitHub/Flip_Side/Content/Boss/Mesh/Poison/Meshy_AI_biped_Character_output_PhysicsAsset.uasset" 4261
"C:/Users/jinso/Documents/GitHub/Flip_Side/Content/Boss/Mesh/Poison/Meshy_AI_biped_Character_output_Skeleton.uasset" 4262
"C:/Users/jinso/Documents/GitHub/Flip_Side/Content/Boss/TextureAndMat/Tex/Poison/Meshy_AI_biped_texture_0_normal.uasset" 4263
"C:/Users/jinso/Documents/GitHub/Flip_Side/Content/Boss/TextureAndMat/Tex/Poison/Meshy_AI_biped_texture_0.uasset" 4264
"/Game/BackGroundProps/Mesh/LeverBase" 4265
"/Game/Boss/Mesh/Poison/Poison_Last_Poison_Last/GC_Poison_Last" 4266
"../../../../../../Users/jinso/Documents/GitHub/Flip_Side/Content/Boss/TextureAndMat/Material/Poison/Material_1.uasset" 4267
"../../../../../../Users/jinso/Documents/GitHub/Flip_Side/Content/Boss/TextureAndMat/Tex/Poison/Meshy_AI_biped_texture_0.uasset" 4268
"../../../../../../Users/jinso/Documents/GitHub/Flip_Side/Content/Boss/TextureAndMat/Tex/Poison/Meshy_AI_biped_texture_0_metallic.uasset" 4269
"../../../../../../Users/jinso/Documents/GitHub/Flip_Side/Content/Boss/TextureAndMat/Tex/Poison/Meshy_AI_biped_texture_0_normal.uasset" 4270
"../../../../../../Users/jinso/Documents/GitHub/Flip_Side/Content/Boss/TextureAndMat/Tex/Poison/Meshy_AI_biped_texture_0_roughness.uasset" 4271
"/Game/Boss/TextureAndMat/Tex/Poison/Meshy_AI_biped_texture_0_normal" 4272
"C:/Users/jinso/Documents/GitHub/Flip_Side/Content/Boss/TextureAndMat/Tex/Poison/Meshy_AI_biped_texture_0_roughness.uasset" 4273
"C:/Users/jinso/Documents/GitHub/Flip_Side/Content/Boss/TextureAndMat/Material/Poison/Material_1.uasset" 4274
"C:/Users/jinso/Documents/GitHub/Flip_Side/Content/BackGroundImages/Mesh/BackGround1_Right.uasset" 4275
"C:/Users/jinso/Documents/GitHub/Flip_Side/Content/Boss/Mesh/Poison/Meshy_AI_biped_Character_output.uasset" 4276
"C:/Users/jinso/Documents/GitHub/Flip_Side/Content/BackGroundImages/Mesh/BackGround1_Left.uasset" 4277
"/Game/Boss/Anims/Poison/ABP_PoisonBoss" 4278
"/Game/Boss/TextureAndMat/Tex/Poison/Meshy_AI_biped_texture_0_metallic" 4279
"/Game/Boss/TextureAndMat/Tex/Poison/Meshy_AI_biped_texture_0" 4280
"/Game/Player/Player_Battle/Inupts/IMC_Battle" 4281
"/Engine/Engine_MI_Shaders/T_Reflection" 4282
"/Game/Player/Player_Battle/BP_BattleController" 4283
"/Game/Player/Player_Battle/BP_BattlePlayerPawn" 4284
"/Game/Boss/Mesh/Poison/Meshy_AI_biped_Character_output_PhysicsAsset" 4285
"/Engine/Engine_MI_Shaders/M_Shader_SimpleTranslucent" 4286
"/Engine/Engine_MI_Shaders/T_Emissive" 4287
"/Game/BackGroundProps/BP_Draw" 4288
"../../../../../../Users/jinso/Documents/GitHub/Flip_Side/Content/BackGroundProps/Mesh/Draw.uasset" 4289
"../../../../../../Users/jinso/Documents/GitHub/Flip_Side/Content/BackGroundProps/Mesh/Material/M_Draw.uasset" 4290
"../../../../../../Users/jinso/Documents/GitHub/Flip_Side/Content/BackGroundProps/Mesh/Textures/Draw/Draw_DefaultMaterial_BaseColor.uasset" 4291
"../../../../../../Users/jinso/Documents/GitHub/Flip_Side/Content/BackGroundProps/Mesh/Textures/Draw/Draw_DefaultMaterial_Normal.uasset" 4292
"../../../../../../Users/jinso/Documents/GitHub/Flip_Side/Content/BackGroundProps/Mesh/Textures/Draw/Draw_DefaultMaterial_OcclusionRoughnessMetallic.uasset" 4293
"/Game/Boss/TextureAndMat/Material/Tutorial/M_SelectedOutline" 4294
"/Game/Player/Player_Battle/BP_BattleLevelGameMode" 4295
"/InterchangeAssets/Materials/UnlitMaterial" 4296
"/Game/PreviewGrid/BP_WeaponRangePreviewActor" 4297
"../../../../../../Users/jinso/Documents/GitHub/Flip_Side/Content/Coin/BP_Grid.uasset" 4298
"../../../../../../Users/jinso/Documents/GitHub/Flip_Side/Content/Coin/Mesh/Grid.uasset" 4299
"../../../../../../Users/jinso/Documents/GitHub/Flip_Side/Content/Coin/Material/MI_Grid.uasset" 4300
"../../../../../../Users/jinso/Documents/GitHub/Flip_Side/Content/Coin/Material/M_Grid.uasset" 4301
"/Engine/Engine_MI_Shaders/Instances/M_Shader_SimpleTranslucent_Invis" 4302
"/Game/BackGroundProps/Mesh/UseItemSlot" 4303
"../../../../../../Users/jinso/Documents/GitHub/Flip_Side/Content/BackGroundProps/Mesh/Material/M_Slots.uasset" 4304
"../../../../../../Users/jinso/Documents/GitHub/Flip_Side/Content/BackGroundProps/Mesh/Textures/Slots/ImshiSlots_DefaultMaterial_BaseColor.uasset" 4305
"../../../../../../Users/jinso/Documents/GitHub/Flip_Side/Content/BackGroundProps/Mesh/Textures/Slots/ImshiSlots_DefaultMaterial_Emissive.uasset" 4306
"../../../../../../Users/jinso/Documents/GitHub/Flip_Side/Content/BackGroundProps/Mesh/Textures/Slots/ImshiSlots_DefaultMaterial_Normal.uasset" 4307
"../../../../../../Users/jinso/Documents/GitHub/Flip_Side/Content/BackGroundProps/Mesh/Textures/Slots/ImshiSlots_DefaultMaterial_OcclusionRoughnessMetallic.uasset" 4308
"/Game/BackGroundProps/BP_UseItemSlot" 4309
"/Game/BackGroundProps/BP_Slot" 4310
"../../../../../../Users/jinso/Documents/GitHub/Flip_Side/Content/BackGroundProps/Mesh/CoinSlot.uasset" 4311
"/Game/Boss/Mesh/Poison/Meshy_AI_biped_Character_output" 4312
"C:/Users/jinso/Documents/GitHub/Flip_Side/Content/BackGroundImages/Texture/Tutorial/T_BackGround1_Floor.uasset" 4313
"C:/Users/jinso/Documents/GitHub/Flip_Side/Content/BackGroundImages/M_BackgroundTexture.uasset" 4314
"C:/Users/jinso/Documents/GitHub/Flip_Side/Content/BackGroundImages/Mesh/BackGround1_Front.uasset" 4315
"C:/Users/jinso/Documents/GitHub/Flip_Side/Content/BackGroundImages/MI_BackGround.uasset" 4316
"C:/Users/jinso/Documents/GitHub/Flip_Side/Content/BackGroundImages/Mesh/BackGround1_Floor.uasset" 4317
"C:/Users/jinso/Documents/GitHub/Flip_Side/Content/Boss/Anims/Tutorial/Anim_Attack_3.uasset" 4318
"C:/Users/jinso/Documents/GitHub/Flip_Side/Content/Boss/Anims/Tutorial/Tutorial_DeathAnim.uasset" 4319
"C:/Users/jinso/Documents/GitHub/Flip_Side/Content/Boss/Montages/Tutorial/Mon_Attack_3.uasset" 4320
"C:/Users/jinso/Documents/GitHub/Flip_Side/Content/Coin/Texture/W_Deal_Pipe.uasset" 4321
"C:/Users/jinso/Documents/GitHub/Flip_Side/Content/Boss/Montages/Tutorial/Mon_Hit.uasset" 4322
"C:/Users/jinso/Documents/GitHub/Flip_Side/Content/Boss/Montages/Tutorial/Mon_Attack_1.uasset" 4323
"C:/Users/jinso/Documents/GitHub/Flip_Side/Content/Boss/Anims/Tutorial/Anim_Hit.uasset" 4324
"C:/Users/jinso/Documents/GitHub/Flip_Side/Content/Boss/Anims/Tutorial/Anim_Attack_2.uasset" 4325
"C:/Users/jinso/Documents/GitHub/Flip_Side/Content/Boss/Montages/Tutorial/Mon_Death.uasset" 4326
"C:/Users/jinso/Documents/GitHub/Flip_Side/Content/Coin/Texture/W_Tank_SteamPiston.uasset" 4327
"C:/Users/jinso/Documents/GitHub/Flip_Side/Content/Coin/Texture/W_Deal_StandTypeSniper.uasset" 4328
"C:/Users/jinso/Documents/GitHub/Flip_Side/Content/Boss/Anims/Tutorial/Anim_Attack_1.uasset" 4329
"C:/Users/jinso/Documents/GitHub/Flip_Side/Content/Boss/Montages/Tutorial/Mon_Attack_2.uasset" 4330
"C:/Users/jinso/Documents/GitHub/Flip_Side/Content/UI/BattleUIs/capture/M_BackRangeCam.uasset" 4331
"C:/Users/jinso/Documents/GitHub/Flip_Side/Content/Boss/Mesh/Tutorial/Tutorial_Boss_Skeleton.uasset" 4332
"C:/Users/jinso/Documents/GitHub/Flip_Side/Content/Boss/Patterns/Tutorial/BP_Tutorial_BossPattern.uasset" 4333
"/Game/BackGroundProps/Mesh/Material/M_Lever" 4334
"../../../../../../Users/jinso/Documents/GitHub/Flip_Side/Content/BackGroundProps/Mesh/Textures/Lever/LeverImsh_DefaultMaterial_BaseColor.uasset" 4335
"../../../../../../Users/jinso/Documents/GitHub/Flip_Side/Content/BackGroundProps/Mesh/Textures/Lever/LeverImsh_DefaultMaterial_Normal.uasset" 4336
"../../../../../../Users/jinso/Documents/GitHub/Flip_Side/Content/BackGroundProps/Mesh/Textures/Lever/LeverImsh_DefaultMaterial_OcclusionRoughnessMetallic.uasset" 4337
"/Game/BackGroundProps/Mesh/Lever" 4338
"/Game/Boss/Mesh/Poison/Poison_Last" 4339
"/Game/BackGroundProps/BP_BattleLever" 4340
"../../../../../../Users/jinso/Documents/GitHub/Flip_Side/Content/BackGroundProps/Mesh/LeverBase.uasset" 4341
"/Game/Levels/L_Stage_Battle_Tutorial" 4342
"../../../../../../Users/jinso/Documents/GitHub/Flip_Side/Content/BattleTutorial/TBP_TutorialTargetPoint_Card.uasset" 4343
"../../../../../../Users/jinso/Documents/GitHub/Flip_Side/Content/BattleTutorial/TBP_TutorialTargetPoint_CoinSlot.uasset" 4344
"../../../../../../Users/jinso/Documents/GitHub/Flip_Side/Content/BattleTutorial/TBP_TutorialTargetPoint_Drawer.uasset" 4345
"../../../../../../Users/jinso/Documents/GitHub/Flip_Side/Content/BattleTutorial/TBP_TutorialTargetPoint_ItemSlot.uasset" 4346
"../../../../../../Users/jinso/Documents/GitHub/Flip_Side/Content/BattleTutorial/TBP_TutorialTargetPoint_Lever.uasset" 4347
"../../../../../../Users/jinso/Documents/GitHub/Flip_Side/Content/BattleTutorial/TBP_TutorialTP_ReadyCoin.uasset" 4348
"../../../../../../Users/jinso/Documents/GitHub/Flip_Side/Content/UI/BattleUIs/capture/BP_BackRangeCam.uasset" 4349
"../../../../../../Users/jinso/Documents/GitHub/Flip_Side/Content/UI/BattleUIs/capture/BP_FrontRangeCam.uasset" 4350
"../../../../../../Users/jinso/Documents/GitHub/Flip_Side/Content/BackGroundProps/Mesh/DeskComponents_GameBoardBase.uasset" 4351
"../../../../../../Users/jinso/Documents/GitHub/Flip_Side/Content/BackGroundProps/Mesh/Table.uasset" 4352
"../../../../../../Users/jinso/Documents/GitHub/Flip_Side/Content/BattleTutorial/WBP_BattleTutorialOverlay.uasset" 4353
"../../../../../../Users/jinso/Documents/GitHub/Flip_Side/Content/UI/BattleUIs/capture/RT_BackRangeCam.uasset" 4354
"../../../../../../Users/jinso/Documents/GitHub/Flip_Side/Content/UI/BattleUIs/capture/RT_FrontRangeCam.uasset" 4355
"../../../../../../Users/jinso/Documents/GitHub/Flip_Side/Content/BackGroundProps/Mesh/Material/M_TableComponents.uasset" 4356
"../../../../../../Users/jinso/Documents/GitHub/Flip_Side/Content/BackGroundProps/Mesh/Material/M_Table.uasset" 4357
"../../../../../../Users/jinso/Documents/GitHub/Flip_Side/Content/BattleTutorial/M_Tutorial_DimMask.uasset" 4358
"../../../../../../Users/jinso/Documents/GitHub/Flip_Side/Content/BackGroundProps/Mesh/Textures/TableComp/TableComponents_DefaultMaterial_BaseColor.uasset" 4359
"../../../../../../Users/jinso/Documents/GitHub/Flip_Side/Content/BackGroundProps/Mesh/Textures/TableComp/TableComponents_DefaultMaterial_Normal.uasset" 4360
"../../../../../../Users/jinso/Documents/GitHub/Flip_Side/Content/BackGroundProps/Mesh/Textures/TableComp/TableComponents_DefaultMaterial_OcclusionRoughnessMetallic.uasset" 4361
"../../../../../../Users/jinso/Documents/GitHub/Flip_Side/Content/BackGroundProps/Mesh/Textures/Table/DeskVer2_DefaultMaterial_BaseColor.uasset" 4362
"../../../../../../Users/jinso/Documents/GitHub/Flip_Side/Content/BackGroundProps/Mesh/Textures/Table/DeskVer2_DefaultMaterial_Normal.uasset" 4363
"../../../../../../Users/jinso/Documents/GitHub/Flip_Side/Content/BackGroundProps/Mesh/Textures/Table/DeskVer2_DefaultMaterial_OcclusionRoughnessMetallic.uasset" 4364
"../../../../../../Users/jinso/Documents/GitHub/Flip_Side/Content/Levels/L_Stage_Battle_Tutorial.umap" 4365
"/Game/Levels/L_StageOne" 4366
"../../../../../../Users/jinso/Documents/GitHub/Flip_Side/Content/Levels/L_StageOne.umap" 4367
"/Game/BackGroundImages/Mesh/BackGround1_Left" 4368
"C:/Users/jinso/Documents/GitHub/Flip_Side/Content/UI/BossUI/MI_BossHp.uasset" 4369
"C:/Users/jinso/Documents/GitHub/Flip_Side/Content/UI/BossUI/MI_Shield.uasset" 4370
"C:/Users/jinso/Documents/GitHub/Flip_Side/Content/UI/BossUI/MI_ProgressBackground.uasset" 4371
"C:/Users/jinso/Documents/GitHub/Flip_Side/Content/UI/BattleUIs/WBP_BattleInfo.uasset" 4372
"C:/Users/jinso/Documents/GitHub/Flip_Side/Content/UI/Texture/BossHPBottom.uasset" 4373
"C:/Users/jinso/Documents/GitHub/Flip_Side/Content/UI/Texture/T_Heart.uasset" 4374
"C:/Users/jinso/Documents/GitHub/Flip_Side/Content/UI/BossUI/M_Shield.uasset" 4375
"C:/Users/jinso/Documents/GitHub/Flip_Side/Content/UI/Texture/T_HpBarBorder_White.uasset" 4376
"C:/Users/jinso/Documents/GitHub/Flip_Side/Content/UI/BossUI/M_BossHp.uasset" 4377
"/Game/BackGroundImages/Mesh/BackGround1_Right" 4378
"/Game/UI/BattleUIs/capture/M_BackRangeCam" 4379
"/Game/Boss/Patterns/Tutorial/BP_Tutorial_BossPattern" 4380
"/Game/Boss/Montages/Tutorial/Mon_Hit" 4381
"/Game/Boss/Montages/Tutorial/Mon_Death" 4382
"/Game/BackGroundImages/Mesh/BackGround1_Floor" 4383
"/Game/BackGroundImages/Mesh/BackGround1_Front" 4384
"/Game/UI/Texture/BossHPBottom" 4385
"C:/Users/jinso/Documents/GitHub/Flip_Side/Content/UI/Texture/BossHpTop.uasset" 4386
"C:/Users/jinso/Documents/GitHub/Flip_Side/Content/UI/Texture/BossParternButton.uasset" 4387
"C:/Users/jinso/Documents/GitHub/Flip_Side/Content/Effect/Material/M_Field.uasset" 4388
"C:/Users/jinso/Documents/GitHub/Flip_Side/Content/Boss/Anims/Tutorial/IDLE.uasset" 4389
"../../../Engine/Content/Engine_MI_Shaders/T_Base_Tile_Normal.uasset" 4390
"/Game/UI/BossUI/MI_Shield" 4391
"../../../Engine/Plugins/FX/Niagara/Content/DefaultAssets/DefaultSpriteMaterial.uasset" 4392
"C:/Users/jinso/Documents/GitHub/Flip_Side/Content/Boss/TextureAndMat/Material/Tutorial/M_TutoBoss.uasset" 4393
"C:/Users/jinso/Documents/GitHub/Flip_Side/Content/Boss/BP_BOSS/BP_BossActor_Blind.uasset" 4394
"C:/Users/jinso/Documents/GitHub/Flip_Side/Content/UI/BossUI/WBP_BossHP.uasset" 4395
"C:/Users/jinso/Documents/GitHub/Flip_Side/Content/Boss/Anims/Tutorial/ABP_Tutorial.uasset" 4396
"C:/Users/jinso/Documents/GitHub/Flip_Side/Content/Boss/Mesh/Tutorial/Tutorial_Boss_PhysicsAsset.uasset" 4397
"C:/Users/jinso/Documents/GitHub/Flip_Side/Content/Boss/Anims/Tutorial/TutorialBoss_StunAnim.uasset" 4398
"C:/Users/jinso/Documents/GitHub/Flip_Side/Content/Effect/NS_Barrier.uasset" 4399
"C:/Users/jinso/Documents/GitHub/Flip_Side/Content/Boss/Mesh/Tutorial/Tutorial_Last_Tutorial_Last/GC_Tutorial_Last.uasset" 4400
"C:/Users/jinso/Documents/GitHub/Flip_Side/Content/Boss/Mesh/Tutorial/Tutorial_Last.uasset" 4401
"C:/Users/jinso/Documents/GitHub/Flip_Side/Content/Boss/Mesh/Tutorial/Tutorial_Boss.uasset" 4402
"C:/Users/jinso/Documents/GitHub/Flip_Side/Content/Boss/BP_BOSS/M_RoleIndicator.uasset" 4403
"C:/Users/jinso/Documents/GitHub/Flip_Side/Content/Boss/BP_BOSS/BP_Tutorial_BossActor.uasset" 4404
"C:/Users/jinso/Documents/GitHub/Flip_Side/Content/Boss/TextureAndMat/Tex/Tutorial/T_Tutorial_Boss.uasset" 4405
"/Game/UI/BossUI/MI_ProgressBackground" 4406
"../../../Engine/Plugins/FX/Niagara/Content/Modules/Solvers/ApplyInitialForces.uasset" 4407
"C:/Users/jinso/Documents/GitHub/Flip_Side/Content/Boss/BP_BOSS/BP_BossActor_Swamp.uasset" 4408
"C:/Users/jinso/Documents/GitHub/Flip_Side/Content/Boss/BP_BOSS/BP_RoleTarget_BossActor.uasset" 4409
"../../../Engine/Plugins/FX/Niagara/Content/Modules/Update/Orientation/V2/MeshRotationForce.uasset" 4410
"/Game/UI/BossUI/MI_BossHp" 4411
"/Game/UI/BattleUIs/WBP_BattleInfo" 4412
"../../../../../../Users/jinso/Documents/GitHub/Flip_Side/Content/UI/Texture/T_BarVertical.uasset" 4413
"/Niagara/Modules/Solvers/ApplyInitialForces" 4414
"C:/Users/jinso/Documents/GitHub/Flip_Side/Content/Effect/Textures/T_Smoke.uasset" 4415
"../../../Engine/Plugins/FX/Niagara/Content/DynamicInputs/UniformRange/V2/RandomRangeFloat.uasset" 4416
"C:/Users/jinso/Documents/GitHub/Flip_Side/Content/Effect/Material/M_NS_Smoke.uasset" 4417
"../../../Engine/Plugins/FX/Niagara/Content/Modules/Update/Forces/Drag.uasset" 4418
"C:/Users/jinso/Documents/GitHub/Flip_Side/Content/BackGroundProps/Mesh/DeskComponents_Gear1.uasset" 4419
"../../../Engine/Plugins/FX/Niagara/Content/DynamicInputs/UniformRange/V2/RandomRangeVector.uasset" 4420
"C:/Users/jinso/Documents/GitHub/Flip_Side/Content/Effect/Material/M_NS_Flame.uasset" 4421
"../../../Engine/Plugins/FX/Niagara/Content/Enums/ENiagaraMeshTransforms.uasset" 4422
"../../../Engine/Plugins/FX/Niagara/Content/Modules/Update/Forces/GravityForce.uasset" 4423
"/Game/Boss/BP_BOSS/BP_Tutorial_BossActor" 4424
"../../Plugins/FX/Niagara/Content/Modules/Emitter/EmitterState.uasset" 4425
"../../Plugins/FX/Niagara/Content/Modules/Emitter/SpawnBurst_Instantaneous.uasset" 4426
"../../Plugins/FX/Niagara/Content/Modules/Spawn/Initialization/V2/InitializeParticle.uasset" 4427
"../../Plugins/FX/Niagara/Content/Modules/System/SystemState.uasset" 4428
"../../Plugins/FX/Niagara/Content/Modules/Update/Lifetime/ParticleState.uasset" 4429
"../../Plugins/FX/Niagara/Content/Modules/Update/Material/DynamicMaterialParameters.uasset" 4430
"../../Plugins/FX/Niagara/Content/Functions/Emitter/EmitterChangeState.uasset" 4431
"../../Plugins/FX/Niagara/Content/Icons/Modules/T_Icon_Scalability_Emitter.uasset" 4432
"../../Plugins/FX/Niagara/Content/Icons/Modules/T_Icon_Scalability_System.uasset" 4433
"../../Plugins/FX/Niagara/Content/Functions/LinearColor/HueShiftLinearColor.uasset" 4434
"../../Plugins/FX/Niagara/Content/Functions/Localspace/SimulationPosition.uasset" 4435
"../../Plugins/FX/Niagara/Content/Functions/Localspace/TransformVector.uasset" 4436
"../../Plugins/FX/Niagara/Content/Functions/V2/CalculateRandomBool.uasset" 4437
"../../Plugins/FX/Niagara/Content/Functions/System/SystemChangeState.uasset" 4438
"../../Plugins/FX/Niagara/Content/Icons/Modules/T_Icon_Particle_InfiniteLife.uasset" 4439
"../../Plugins/FX/Niagara/Content/Functions/Localspace/TransformBase.uasset" 4440
"/Game/Boss/BP_BOSS/BP_RoleTarget_BossActor" 4441
"/Game/Boss/BP_BOSS/BP_BossActor_Swamp" 4442
"/Game/Boss/BP_BOSS/BP_BossActor_Blind" 4443
"../../../../../../Users/jinso/Documents/GitHub/Flip_Side/Content/Boss/Mesh/Poison/Poison_Last_Poison_Last/GC_Poison_Last.uasset" 4444
"/Niagara/Modules/Update/Orientation/V2/MeshRotationForce" 4445
"../../../Engine/Plugins/FX/Niagara/Content/Modules/Emitter/SpawnRate.uasset" 4446
"../../../Engine/Plugins/FX/Niagara/Content/DynamicInputs/Execution/ReturnNormalizedExecIndex.uasset" 4447
"C:/Users/jinso/Documents/GitHub/Flip_Side/Content/Effect/Material/M_NS_Ring.uasset" 4448
"../../../Engine/Plugins/FX/Niagara/Content/DynamicInputs/TypeConversions/MakeVector2D.uasset" 4449
"../../../Engine/Plugins/FX/Niagara/Content/DynamicInputs/TypeConversions/Vector2DLength.uasset" 4450
"../../Plugins/FX/Niagara/Content/Functions/Rotation/MultiplyVectorWithQuaternion.uasset" 4451
"C:/Users/jinso/Documents/GitHub/Flip_Side/Content/Effect/BossEffects/Groggy/NS_GroggyBoss_Pattern2.uasset" 4452
"C:/Users/jinso/Documents/GitHub/Flip_Side/Content/Effect/CoinEffects/NS_DealType_Normal.uasset" 4453
"../../../Engine/Plugins/FX/Niagara/Content/DynamicInputs/ValueFromCurve/VectorFromCurve.uasset" 4454
"C:/Users/jinso/Documents/GitHub/Flip_Side/Content/Effect/Textures/T_aura.uasset" 4455
"C:/Users/jinso/Documents/GitHub/Flip_Side/Content/Effect/Material/M_NS_MovingNoise.uasset" 4456
"../../../Engine/Plugins/FX/Niagara/Content/Modules/Update/Orientation/AlignSpriteToMeshOrientation.uasset" 4457
"C:/Users/jinso/Documents/GitHub/Flip_Side/Content/Effect/Textures/T_FailedIcon_Blur.uasset" 4458
"C:/Users/jinso/Documents/GitHub/Flip_Side/Content/Effect/Material/TextureMat/MI_NS_Tank_Tex.uasset" 4459
"C:/Users/jinso/Documents/GitHub/Flip_Side/Content/Effect/NS_ShieldHeal_Beam.uasset" 4460
"C:/Users/jinso/Documents/GitHub/Flip_Side/Content/Effect/Material/M_Beam.uasset" 4461
"../../../Engine/Content/EditorMeshes/EditorSphere.uasset" 4462
"C:/Users/jinso/Documents/GitHub/Flip_Side/Content/Effect/NS_NormalAttack.uasset" 4463
"C:/Users/jinso/Documents/GitHub/Flip_Side/Content/Effect/CoinEffects/NS_SmokeSuit.uasset" 4464
"C:/Users/jinso/Documents/GitHub/Flip_Side/Content/Effect/Material/TextureMat/M_NS_Texture.uasset" 4465
"C:/Users/jinso/Documents/GitHub/Flip_Side/Content/Effect/Material/M_NS_Flash.uasset" 4466
"C:/Users/jinso/Documents/GitHub/Flip_Side/Content/Effect/Textures/T_Tank_Buff.uasset" 4467
"../../../Engine/Plugins/FX/Niagara/Content/Modules/Update/Size/ScaleMeshSize.uasset" 4468
"/Niagara/DynamicInputs/UniformRange/V2/RandomRangeFloat" 4469
"/Niagara/Modules/Update/Forces/Drag" 4470
"/Niagara/Modules/Update/Forces/GravityForce" 4471
"/Game/Effect/Material/M_NS_Smoke" 4472
"/Game/Effect/Material/M_NS_Flame" 4473
"/Game/BackGroundProps/Mesh/DeskComponents_Gear1" 4474
"/Niagara/DynamicInputs/UniformRange/V2/RandomRangeVector" 4475
"/Game/Effect/Material/M_NS_MovingNoise" 4476
"C:/Users/jinso/Documents/GitHub/Flip_Side/Content/Effect/Textures/T_Heal_Blur.uasset" 4477
"C:/Users/jinso/Documents/GitHub/Flip_Side/Content/Effect/Material/Special/M_UtilEnergy.uasset" 4478
"C:/Users/jinso/Documents/GitHub/Flip_Side/Content/Effect/CoinEffects/NS_TankType_Normal.uasset" 4479
"C:/Users/jinso/Documents/GitHub/Flip_Side/Content/Effect/Material/TextureMat/MI_NS_UpperArrow_Tex.uasset" 4480
"C:/Users/jinso/Documents/GitHub/Flip_Side/Content/Effect/Textures/T_ModifiedArrow.uasset" 4481
"../../../Engine/Plugins/FX/Niagara/Content/Enums/Transforms/ENiagara_MeshOrientationOptions.uasset" 4482
"../../../Engine/Plugins/FX/Niagara/Content/Functions/Rotation/RandomQuaternion.uasset" 4483
"C:/Users/jinso/Documents/GitHub/Flip_Side/Content/Effect/CoinEffects/NS_UtilType_Heal_Normal.uasset" 4484
"/Niagara/Modules/Update/Size/ScaleMeshSize" 4485
"../../../Engine/Plugins/FX/Niagara/Content/Modules/Spawn/Orientation/V3/InitialMeshOrientation.uasset" 4486
"C:/Users/jinso/Documents/GitHub/Flip_Side/Content/Effect/Material/TextureMat/MI_NS_Heal_Tex.uasset" 4487
"/Niagara/DynamicInputs/ValueFromCurve/VectorFromCurve" 4488
"/Niagara/DynamicInputs/TypeConversions/Vector2DLength" 4489
"/Game/Effect/Material/TextureMat/MI_NS_Tank_Tex" 4490
"/Game/Effect/CoinEffects/NS_SmokeSuit" 4491
"../../Plugins/FX/Niagara/Content/DynamicInputs/ValueFromCurve/FloatFromCurve.uasset" 4492
"../../Plugins/FX/Niagara/Content/Modules/Solvers/SolveForcesAndVelocity.uasset" 4493
"../../Plugins/FX/Niagara/Content/Modules/Spawn/Velocity/AddVelocity.uasset" 4494
"../../Plugins/FX/Niagara/Content/Functions/Drag/DragVelocity.uasset" 4495
"../../Plugins/FX/Niagara/Content/Functions/Math/CentimeterMeterConversion.uasset" 4496
"../../Plugins/FX/Niagara/Content/Modules/Solvers/ApplyRotationVector.uasset" 4497
"../../Plugins/FX/Niagara/Content/Icons/Modules/T_Icon_Solver_LimitAccel.uasset" 4498
"../../Plugins/FX/Niagara/Content/Icons/Modules/T_Icon_Solver_LimitSpeed.uasset" 4499
"../../Plugins/FX/Niagara/Content/Icons/Modules/T_Icon_Solver_RotationalSolve.uasset" 4500
"../../Plugins/FX/Niagara/Content/Functions/Math/CalculateRandomPointInConeSphereIntersection.uasset" 4501
"../../Plugins/FX/Niagara/Content/Functions/Rotation/AngleUnitConverter.uasset" 4502
"../../Plugins/FX/Niagara/Content/Functions/Rotation/AxisAngleToQuaternion.uasset" 4503
"../../Plugins/FX/Niagara/Content/Functions/Rotation/FindQuatBetween.uasset" 4504
"../../Plugins/FX/Niagara/Content/Functions/Rotation/InvertQuaternion.uasset" 4505
"../../Plugins/FX/Niagara/Content/Functions/Rotation/MakeQuaternionFrom3BasisVectors.uasset" 4506
"../../Plugins/FX/Niagara/Content/Functions/Rotation/MultiplyQuaternion.uasset" 4507
"../../Plugins/FX/Niagara/Content/Functions/Rotation/TransformStack/TransformStack_Rotation.uasset" 4508
"../../Plugins/FX/Niagara/Content/Functions/Rotation/XYZRotationToQuaternion.uasset" 4509
"../../Plugins/FX/Niagara/Content/Functions/V2/CalculateRandomUnitVector.uasset" 4510
"../../Plugins/FX/Niagara/Content/Functions/V2/DistanceBasedFalloff.uasset" 4511
"../../Plugins/FX/Niagara/Content/Functions/RandomRangeFloat.uasset" 4512
"../../Plugins/FX/Niagara/Content/Functions/Rotation/MatrixToQuaternion.uasset" 4513
"../../Plugins/FX/Niagara/Content/Functions/NormalizeDistanceRange.uasset" 4514
"../../Plugins/FX/Niagara/Content/Functions/GetRandomInfo.uasset" 4515
"/Game/Effect/CoinEffects/NS_DealType_Normal" 4516
"../../Plugins/FX/Niagara/Content/Modules/Spawn/Location/V2/ShapeLocation.uasset" 4517
"../../Plugins/FX/Niagara/Content/Functions/NormalizedExecutionIndex.uasset" 4518
"../../Plugins/FX/Niagara/Content/Functions/Localspace/TransformPosition.uasset" 4519
"../../Plugins/FX/Niagara/Content/Functions/ParametricTorus.uasset" 4520
"../../Plugins/FX/Niagara/Content/Functions/ParametricTorusKnot.uasset" 4521
"../../Plugins/FX/Niagara/Content/Functions/PolarToCartesianCoordinates.uasset" 4522
"../../Plugins/FX/Niagara/Content/Functions/RandomPointInBox.uasset" 4523
"../../Plugins/FX/Niagara/Content/Functions/Rotation/RotateVector2D.uasset" 4524
"../../Plugins/FX/Niagara/Content/Functions/SphericalToCartesianCoordinates.uasset" 4525
"../../Plugins/FX/Niagara/Content/Functions/V2/RemapRange.uasset" 4526
"../../Plugins/FX/Niagara/Content/Functions/IsolateLongestVectorComponent.uasset" 4527
"/Game/Effect/BossEffects/Groggy/NS_GroggyBoss_Pattern2" 4528
"../../Plugins/FX/Niagara/Content/Modules/Update/Color/ScaleColor.uasset" 4529
"../../Plugins/FX/Niagara/Content/Modules/Update/Size/ScaleSpriteSize.uasset" 4530
"/Game/Effect/NS_ShieldHeal_Beam" 4531
"/Game/Effect/NS_NormalAttack" 4532
"/Game/Effect/Material/TextureMat/MI_NS_UpperArrow_Tex" 4533
"C:/Users/jinso/Documents/GitHub/Flip_Side/Content/UI/Texture/card.uasset" 4534
"/Game/Effect/CoinEffects/NS_UtilType_Heal_Normal" 4535
"../../Plugins/FX/Niagara/Content/DynamicInputs/TypeConversions/VectorFromFloat.uasset" 4536
"/Game/Effect/CoinEffects/NS_TankType_Normal" 4537
"/Game/UI/Texture/T_CancelButton" 4538
"/Game/UI/CardUI/WBP_CardWidget" 4539
"/Game/UI/Shop_CardSelect/WBP_ShopCardWidget" 4540
"/Game/UI/CardUI/WBP_ShopSelectCardCancelImage" 4541
"/Game/ShopTutorial/6Card/WBP_Tuto_ShopPlayerCards" 4542
"/Game/UI/Shop_BossInfo/BP_BossPatternPreviewActor" 4543
"C:/Users/jinso/Documents/GitHub/Flip_Side/Content/UI/Texture/LockButton.uasset" 4544
"/Game/UI/Shop_CardSelect/WBP_ShopCardWarning" 4545
"/Game/ShopTutorial/3UnlockCoin/WBP_Tuto_UnlockWeaponGridContainer" 4546
"C:/Users/jinso/Documents/GitHub/Flip_Side/Content/ShopTutorial/UI_ShopTutorial/WBP_Tuto_ArrowWidget.uasset" 4547
"C:/Users/jinso/Documents/GitHub/Flip_Side/Content/UI/Texture/T_PriceTag.uasset" 4548
"C:/Users/jinso/Documents/GitHub/Flip_Side/Content/UI/WBP_PriceWidget.uasset" 4549
"C:/Users/jinso/Documents/GitHub/Flip_Side/Content/ShopTutorial/UI_ShopTutorial/WBP_Tuto_ExplainWidget.uasset" 4550
"C:/Users/jinso/Documents/GitHub/Flip_Side/Content/ShopTutorial/UI_ShopTutorial/WBP_Tuto_BlockerWidget.uasset" 4551
"/Game/UI/Texture/LockButton" 4552
"/Game/ShopTutorial/4CoinManage/WBP_Tuto_WeaponGridContainer" 4553
"/Game/UI/Shop_CoinManager/Widget/WBP_Inc_CoinCountButton" 4554
"/Game/UI/Shop_CoinManager/Widget/WBP_CoinSlotContainer" 4555
"/Game/ShopTutorial/UI_ShopTutorial/WBP_Tuto_ArrowWidget" 4556
"C:/Users/jinso/Documents/GitHub/Flip_Side/Content/Effect/CoinEffects/NS_UtilType_Modifier_Normal.uasset" 4557
"C:/Users/jinso/Documents/GitHub/Flip_Side/Content/Effect/Material/Special/M_Streak.uasset" 4558
"C:/Users/jinso/Documents/GitHub/Flip_Side/Content/Effect/Material/Special/M_Arc.uasset" 4559
"C:/Users/jinso/Documents/GitHub/Flip_Side/Content/Effect/CommonEffects/NS_BossHit.uasset" 4560
"C:/Users/jinso/Documents/GitHub/Flip_Side/Content/Effect/Material/Special/M_StyledSmoke.uasset" 4561
"C:/Users/jinso/Documents/GitHub/Flip_Side/Content/Effect/Textures/T_Noise_1.uasset" 4562
"../../../Engine/Plugins/FX/Niagara/Content/Modules/Update/Size/ScaleSpriteSizeBySpeed.uasset" 4563
"/Game/UI/Shop_UnlockWeapon/Widget/WBP_UnlockWeaponGridContainer" 4564
"/Game/Effect/Material/Special/M_StyledSmoke" 4565
"../../../Engine/Plugins/FX/Niagara/Content/Functions/Rotation/LerpQuaternion.uasset" 4566
"C:/Users/jinso/Documents/GitHub/Flip_Side/Content/Effect/CommonEffects/NS_BossCC.uasset" 4567
"../../../Engine/Plugins/FX/Niagara/Content/Functions/Rotation/TwoVectorsToQuaternion.uasset" 4568
"../../../Engine/Plugins/FX/Niagara/Content/Functions/Rotation/MakeQuaternionFromXAndZVectors.uasset" 4569
"C:/Users/jinso/Documents/GitHub/Flip_Side/Content/Effect/CommonEffects/NS_CoinFailed.uasset" 4570
"../../../Engine/Plugins/FX/Niagara/Content/Functions/CalculateMeshRadius.uasset" 4571
"../../../Engine/Plugins/FX/Niagara/Content/Functions/Helpers/DoOnce_fn.uasset" 4572
"../../../Engine/Plugins/FX/Niagara/Content/Functions/Helpers/FN_FirstFrame_Numeric.uasset" 4573
"../../../Engine/Plugins/FX/Niagara/Content/Functions/Rotation/MakeQuaternionFromXAndYVectors.uasset" 4574
"../../../Engine/Plugins/FX/Niagara/Content/Functions/DeriveThirdOrthogonalVector.uasset" 4575
"../../../Engine/Plugins/FX/Niagara/Content/Modules/Update/Orientation/V3/UpdateMeshOrientation.uasset" 4576
"C:/Users/jinso/Documents/GitHub/Flip_Side/Content/Effect/Textures/T_blur_1.uasset" 4577
"../../../Engine/Plugins/FX/Niagara/Content/Functions/Math/InterpolateOverTime_V3_.uasset" 4578
"../../../Engine/Plugins/FX/Niagara/Content/Functions/Rotation/RotateAngleOnAxis.uasset" 4579
"../../../Engine/Plugins/FX/Niagara/Content/Functions/Math/V2/SmoothLerpOverTime.uasset" 4580
"../../../Engine/Plugins/FX/Niagara/Content/Functions/ProjectVectorOnPlane.uasset" 4581
"../../../Engine/Content/Functions/Engine_MaterialFunctions01/ImageAdjustment/CheapContrast.uasset" 4582
"../../../Engine/Plugins/FX/Niagara/Content/Functions/MakeVectorsOrthogonal.uasset" 4583
"/Niagara/Modules/Update/Size/ScaleSpriteSizeBySpeed" 4584
"/Game/Effect/CommonEffects/NS_BossHit" 4585
"/Game/Effect/CoinEffects/NS_UtilType_Modifier_Normal" 4586
"/InterchangeAssets/gltf/M_ClearCoat" 4587
"/Game/Effect/Textures/T_blur_1" 4588
"C:/Users/jinso/Documents/GitHub/Flip_Side/Content/Effect/Material/Special/M_BloodSikle.uasset" 4589
"../../../Engine/Plugins/FX/Niagara/Content/Enums/Utility/ENiagara_OrientVectorCount.uasset" 4590
"C:/Users/jinso/Documents/GitHub/Flip_Side/Content/BackGroundProps/Mesh/Torus_VFX.uasset" 4591
"../../../Engine/Content/Functions/Engine_MaterialFunctions01/Gradient/LinearGradient.uasset" 4592
"/Niagara/Functions/ProjectVectorOnPlane" 4593
"C:/Users/jinso/Documents/GitHub/Flip_Side/Content/Effect/Material/TextureMat/MI_NS_Pipe_Tex.uasset" 4594
"../../../Engine/Plugins/FX/Niagara/Content/Enums/ENiagaraCalculateRadiusOptions.uasset" 4595
"C:/Users/jinso/Documents/GitHub/Flip_Side/Content/Effect/CoinEffects/NS_BloodCannon.uasset" 4596
"C:/Users/jinso/Documents/GitHub/Flip_Side/Content/Boss/Mesh/Groggy/Last.uasset" 4597
"C:/Users/jinso/Documents/GitHub/Flip_Side/Content/Boss/Anims/Groggy/ABP_Groggy.uasset" 4598
"../../../Engine/Plugins/FX/Niagara/Content/Enums/Utility/ENiagara_UpdateMeshOrientationMode.uasset" 4599
"C:/Users/jinso/Documents/GitHub/Flip_Side/Content/Effect/Material/M_NS_Radial_Trans.uasset" 4600
"C:/Users/jinso/Documents/GitHub/Flip_Side/Content/Boss/Anims/Groggy/Goggy_CC.uasset" 4601
"C:/Users/jinso/Documents/GitHub/Flip_Side/Content/Effect/NS_CardEffect_Promotion.uasset" 4602
"C:/Users/jinso/Documents/GitHub/Flip_Side/Content/Boss/Anims/Groggy/Groggy_IDLE.uasset" 4603
"/Niagara/Functions/MakeVectorsOrthogonal" 4604
"/Niagara/Functions/DeriveThirdOrthogonalVector" 4605
"/Niagara/Functions/Rotation/RotateAngleOnAxis" 4606
"/Niagara/Functions/Helpers/DoOnce_fn" 4607
"/Niagara/Functions/Helpers/FN_FirstFrame_Numeric" 4608
"/Niagara/Functions/Math/V2/SmoothLerpOverTime" 4609
"/Niagara/Functions/Rotation/MakeQuaternionFromXAndYVectors" 4610
"/Niagara/Functions/Rotation/TwoVectorsToQuaternion" 4611
"/Niagara/Functions/Math/InterpolateOverTime_V3_" 4612
"/Niagara/Functions/Rotation/MakeQuaternionFromXAndZVectors" 4613
"/Niagara/Functions/Rotation/LerpQuaternion" 4614
"/Game/Effect/CommonEffects/NS_CoinFailed" 4615
"/Game/Effect/CommonEffects/NS_BossCC" 4616
"/Game/Effect/NS_CardEffect_Promotion" 4617
"C:/Users/jinso/Documents/GitHub/Flip_Side/Content/Boss/TextureAndMat/Tex/Groggy/GroggyBoss_Metalic_Roughness.uasset" 4618
"C:/Users/jinso/Documents/GitHub/Flip_Side/Content/Boss/Mesh/Groggy/GroggyBoss_PhysicsAsset.uasset" 4619
"C:/Users/jinso/Documents/GitHub/Flip_Side/Content/Boss/Montages/Groggy/Mon_Groggy_Clear.uasset" 4620
"C:/Users/jinso/Documents/GitHub/Flip_Side/Content/Boss/TextureAndMat/Tex/Groggy/GroggyBoss_Diffuse.uasset" 4621
"C:/Users/jinso/Documents/GitHub/Flip_Side/Content/Boss/Anims/Groggy/Groggy_HitWhenGroggyFull.uasset" 4622
"C:/Users/jinso/Documents/GitHub/Flip_Side/Content/Boss/Anims/Groggy/Groggy_Die_Anim.uasset" 4623
"C:/Users/jinso/Documents/GitHub/Flip_Side/Content/Boss/Mesh/Groggy/Last_Last/GC_GroggyBoss_Last.uasset" 4624
"C:/Users/jinso/Documents/GitHub/Flip_Side/Content/Boss/TextureAndMat/Tex/Groggy/GroggyBoss_Normal.uasset" 4625
"C:/Users/jinso/Documents/GitHub/Flip_Side/Content/Boss/TextureAndMat/Material/Groggy/M_GoggyBoss.uasset" 4626
"C:/Users/jinso/Documents/GitHub/Flip_Side/Content/Boss/Anims/Groggy/Groggy_HitWhenGroggyNotFull.uasset" 4627
"C:/Users/jinso/Documents/GitHub/Flip_Side/Content/Boss/Mesh/Groggy/GroggyBoss_Skeleton.uasset" 4628
"C:/Users/jinso/Documents/GitHub/Flip_Side/Content/Boss/Mesh/Groggy/GroggyBoss.uasset" 4629
"C:/Users/jinso/Documents/GitHub/Flip_Side/Content/UseableItem/BP_UseableItem.uasset" 4630
"C:/Users/jinso/Documents/GitHub/Flip_Side/Content/Boss/BP_BOSS/BP_Groggy_BossActor.uasset" 4631
"C:/Users/jinso/Documents/GitHub/Flip_Side/Content/Boss/Montages/Groggy/Mon_Groggy_Hit.uasset" 4632
"/Engine/Functions/Engine_MaterialFunctions01/ImageAdjustment/CheapContrast" 4633
"/Niagara/Modules/Update/Orientation/V3/UpdateMeshOrientation" 4634
"/Game/Effect/CoinEffects/NS_BloodCannon" 4635
"/Game/Boss/Mesh/Groggy/Last" 4636
"../../../Engine/Content/Functions/Substrate/MF_SchlickInternal.uasset" 4637
"C:/Users/jinso/Documents/GitHub/Flip_Side/Content/Effect/CoinEffects/NS_NormalSpawn.uasset" 4638
"../../../Engine/Content/Functions/Engine_MaterialFunctions01/Volumetrics/BeersLaw.uasset" 4639
"../../../Engine/Plugins/Interchange/Assets/Content/Functions/MX_Transmission.uasset" 4640
"../../../Engine/Plugins/Interchange/Assets/Content/gltf/MaterialInstances/MI_Unlit_Mask.uasset" 4641
"../../../Engine/Plugins/Interchange/Assets/Content/gltf/M_Unlit.uasset" 4642
"../../../Engine/Plugins/Interchange/Assets/Content/Functions/MX_StandardSurface.uasset" 4643
"../../../Engine/Plugins/Interchange/Assets/Content/Functions/MX_OpenPBR_Translucent.uasset" 4644
"../../../Engine/Plugins/Interchange/Assets/Content/gltf/MaterialInstances/MI_Unlit_Opaque.uasset" 4645
"../../../Engine/Plugins/Interchange/Assets/Content/Functions/MF_OrenNayerView.uasset" 4646
"../../../Engine/Plugins/Interchange/Assets/Content/gltf/MaterialBodies/MF_Unlit_Body.uasset" 4647
"../../../Engine/Plugins/Interchange/Assets/Content/Functions/MX_TransmissionSurface.uasset" 4648
"../../../Engine/Plugins/Interchange/Assets/Content/gltf/MaterialInstances/MI_Unlit_Blend.uasset" 4649
"/Game/Boss/Anims/Groggy/ABP_Groggy" 4650
"/Game/UseableItem/BP_UseableItem" 4651
"/Game/Boss/BP_BOSS/BP_Groggy_BossActor" 4652
"/InterchangeAssets/gltf/MaterialInstances/MI_Unlit_Blend" 4653
"/InterchangeAssets/gltf/MaterialInstances/MI_Unlit_Mask" 4654
"/InterchangeAssets/gltf/MaterialInstances/MI_Unlit_Opaque" 4655
"/InterchangeAssets/Functions/MX_OpenPBR_Translucent" 4656
"/Game/Effect/CoinEffects/NS_NormalSpawn" 4657
"C:/Users/jinso/Documents/GitHub/Flip_Side/Content/UI/Shop_BossInfo/RT_BossRangeCam.uasset" 4658
"/Game/Player/StartEnd/WBP_StartHud" 4659
"/Game/Player/StartEnd/WBP_EndHud" 4660
"/Engine/MaterialTemplates/Textures/T_Noise01" 4661
"../../../Engine/Plugins/Interchange/Assets/Content/gltf/MaterialInstances/MI_Unlit_Opaque_DS.uasset" 4662
"../../../Engine/Plugins/Runtime/HDRIBackdrop/Content/Materials/HDRI_Attributes.uasset" 4663
"../../../Engine/Plugins/Interchange/Assets/Content/gltf/MaterialInstances/MI_Unlit_Mask_DS.uasset" 4664
"/Game/UI/Texture/T_ModeChangeBackGround" 4665
"../../../Engine/Plugins/Runtime/HDRIBackdrop/Content/Materials/MI_HDRI_Floor.uasset" 4666
"../../../Engine/Plugins/Runtime/HDRIBackdrop/Content/Materials/HDRI_Projection_Floor.uasset" 4667
"../../../Engine/Plugins/Runtime/HDRIBackdrop/Content/Meshes/EnviroDome.uasset" 4668
"../../../Engine/Plugins/Runtime/HDRIBackdrop/Content/Materials/MI_HDRI_Sky.uasset" 4669
"../../../Engine/Plugins/Runtime/HDRIBackdrop/Content/Blueprints/HDRIBackdrop.uasset" 4670
"../../../Engine/Plugins/Runtime/HDRIBackdrop/Content/Materials/HDRI_Projection_Sky.uasset" 4671
"../../../Engine/Plugins/Runtime/HDRIBackdrop/Content/Textures/approaching_storm_4k.uasset" 4672
"../../../Engine/Plugins/Interchange/Assets/Content/gltf/MaterialInstances/MI_Unlit_Blend_DS.uasset" 4673
"C:/Users/jinso/Documents/GitHub/Flip_Side/Content/Boss/TextureAndMat/Tex/Tutorial/TutorialBoss_EffectModel_Fiston_DefaultMaterial_BaseColor.uasset" 4674
"C:/Users/jinso/Documents/GitHub/Flip_Side/Content/Boss/TextureAndMat/Tex/Tutorial/TutorialBoss_EffectModel_Fiston_DefaultMaterial_Normal.uasset" 4675
"C:/Users/jinso/Documents/GitHub/Flip_Side/Content/Boss/TextureAndMat/Tex/Tutorial/TutorialBoss_EffectModel_Fiston_DefaultMaterial_OcclusionRoughnessMetallic.uasset" 4676
"/Game/Boss/TextureAndMat/Tex/Tutorial/TutorialBoss_EffectModel_Fiston_DefaultMaterial_OcclusionRoughnessMetallic" 4677
"C:/Users/jinso/Documents/GitHub/Flip_Side/Content/Boss/Patterns/Tutorial/BP_PatternVisualActor_Tutorial.uasset" 4678
"C:/Users/jinso/Documents/GitHub/Flip_Side/Content/Boss/TextureAndMat/Material/Tutorial/M_TutoBoss_AttackMesh.uasset" 4679
"C:/Users/jinso/Documents/GitHub/Flip_Side/Content/UI/Texture/MainSceneButtons/Main_CardSelect.uasset" 4680
"/Game/Boss/TextureAndMat/Tex/Tutorial/TutorialBoss_EffectModel_Fiston_DefaultMaterial_Normal" 4681
"C:/Users/jinso/Documents/GitHub/Flip_Side/Content/Boss/Mesh/Tutorial/TutorialBoss_EffectModel_Fiston.uasset" 4682
"C:/Users/jinso/Documents/GitHub/Flip_Side/Content/UI/BattleUIs/capture/M_FrontRangeCam.uasset" 4683
"../../../Engine/Content/Functions/Engine_MaterialFunctions02/ExampleContent/Textures/OffsetNoiseDistanceFields_ForNormals.uasset" 4684
"C:/Users/jinso/Documents/GitHub/Flip_Side/Content/UI/BattleUIs/WBP_NotBattleCoinUI.uasset" 4685
"C:/Users/jinso/Documents/GitHub/Flip_Side/Content/UI/Texture/T_Bar_One_Right.uasset" 4686
"C:/Users/jinso/Documents/GitHub/Flip_Side/Content/UI/CardUI/M_ActiveCard.uasset" 4687
"C:/Users/jinso/Documents/GitHub/Flip_Side/Content/UI/Stage_CardSelect/WBP_StageHUDWidget.uasset" 4688
"C:/Users/jinso/Documents/GitHub/Flip_Side/Content/Boss/Patterns/Tutorial/C_TutorialPatternCurve.uasset" 4689
"C:/Users/jinso/Documents/GitHub/Flip_Side/Content/UI/Texture/T_Bar_One.uasset" 4690
"C:/Users/jinso/Documents/GitHub/Flip_Side/Content/UI/Stage_CardSelect/WBP_StageHandCardWidget.uasset" 4691
"/Game/Boss/TextureAndMat/Tex/Tutorial/TutorialBoss_EffectModel_Fiston_DefaultMaterial_BaseColor" 4692
"/InterchangeAssets/gltf/MaterialInstances/MI_Unlit_Blend_DS" 4693
"/InterchangeAssets/gltf/MaterialInstances/MI_Unlit_Mask_DS" 4694
"/InterchangeAssets/gltf/MaterialInstances/MI_Unlit_Opaque_DS" 4695
"/Game/Player/StartEnd/StartEndController" 4696
"C:/Users/jinso/Documents/GitHub/Flip_Side/Content/UI/BattleUIs/WBP_BattleCoinInfoUI.uasset" 4697
"C:/Users/jinso/Documents/GitHub/Flip_Side/Content/Others/MEsh/Default_Wall.uasset" 4698
"C:/Users/jinso/Documents/GitHub/Flip_Side/Content/Others/BP_Turret_OtherActor.uasset" 4699
"C:/Users/jinso/Documents/GitHub/Flip_Side/Content/Others/MEsh/TexAndMAt/Wall/Default/normal.uasset" 4700
"C:/Users/jinso/Documents/GitHub/Flip_Side/Content/Others/MEsh/TexAndMAt/Wall/Default/material_0.uasset" 4701
"C:/Users/jinso/Documents/GitHub/Flip_Side/Content/Others/MEsh/TexAndMAt/Wall/Default/diffuse.uasset" 4702
"/Game/UI/BattleUIs/WBP_NotBattleCoinUI" 4703
"/Game/UI/Stage_CardSelect/WBP_StageHUDWidget" 4704
"/Game/Boss/Patterns/Tutorial/BP_PatternVisualActor_Tutorial" 4705
"/Game/Others/MEsh/TexAndMAt/Wall/Default/diffuse" 4706
"C:/Users/jinso/Documents/GitHub/Flip_Side/Content/Others/BP_DefaultWall_OtherActor.uasset" 4707
"C:/Users/jinso/Documents/GitHub/Flip_Side/Content/UI/BattleUIs/WBP_BattlePhaseAndTurnDisplayUI.uasset" 4708
"C:/Users/jinso/Documents/GitHub/Flip_Side/Content/UI/BattleUIs/WBP_ItemInfo.uasset" 4709
"C:/Users/jinso/Documents/GitHub/Flip_Side/Content/UI/Fonts/DT_TurnText.uasset" 4710
"/Game/Others/BP_Turret_OtherActor" 4711
"/Game/UI/BattleUIs/WBP_BattleCoinInfoUI" 4712
"/Game/Others/MEsh/Default_Wall" 4713
"/Game/UI/Shop_BossInfo/WBP_ShopBossInfo" 4714
"C:/Users/jinso/Documents/GitHub/Flip_Side/Content/Boss/Anims/Groggy/Groggy_Pattern_2.uasset" 4715
"C:/Users/jinso/Documents/GitHub/Flip_Side/Content/Boss/Anims/Groggy/Groggy_Pattern_1.uasset" 4716
"C:/Users/jinso/Documents/GitHub/Flip_Side/Content/Boss/Montages/Groggy/Mon_Groggy_Pattern_3.uasset" 4717
"C:/Users/jinso/Documents/GitHub/Flip_Side/Content/Boss/Montages/Poison/Mon_Poison_Attack1.uasset" 4718
"C:/Users/jinso/Documents/GitHub/Flip_Side/Content/Boss/Montages/Groggy/Mon_Groggy_Pattern_2.uasset" 4719
"C:/Users/jinso/Documents/GitHub/Flip_Side/Content/Boss/Anims/Poison/Meshy_AI_biped_Animation_Charged_Slash_withSkin_Anim.uasset" 4720
"C:/Users/jinso/Documents/GitHub/Flip_Side/Content/Boss/Anims/Groggy/Groggy_Pattern_3.uasset" 4721
"C:/Users/jinso/Documents/GitHub/Flip_Side/Content/Boss/Anims/Poison/Meshy_AI_biped_Animation_Skill_01_withSkin_Anim.uasset" 4722
"C:/Users/jinso/Documents/GitHub/Flip_Side/Content/Boss/Montages/Poison/Mon_Poison_Attack2.uasset" 4723
"C:/Users/jinso/Documents/GitHub/Flip_Side/Content/Boss/Montages/Groggy/Mon_Groggy_Pattern_1.uasset" 4724
"C:/Users/jinso/Documents/GitHub/Flip_Side/Content/Boss/Montages/Poison/Mon_Poison_Shield.uasset" 4725
"C:/Users/jinso/Documents/GitHub/Flip_Side/Content/Boss/Anims/Poison/Meshy_AI_biped_Animation_mage_soell_cast_1_withSkin_Anim.uasset" 4726
"C:/Users/jinso/Documents/GitHub/Flip_Side/Content/UI/BattleUIs/WBP_StageEnd.uasset" 4727
"C:/Users/jinso/Documents/GitHub/Flip_Side/Content/Boss/Anims/Poison/Meshy_AI_biped_Animation_Strangled_and_Fall_Forward_without_skin.uasset" 4728
"C:/Users/jinso/Documents/GitHub/Flip_Side/Content/Boss/Montages/Poison/Poison_Hit.uasset" 4729
"C:/Users/jinso/Documents/GitHub/Flip_Side/Content/Boss/Montages/Poison/Poison_Death.uasset" 4730
"C:/Users/jinso/Documents/GitHub/Flip_Side/Content/Boss/Anims/Poison/Meshy_AI_biped_Animation_Slap_Reaction_withSkin_Anim.uasset" 4731
"/Game/UI/BattleUIs/WBP_BattlePhaseAndTurnDisplayUI" 4732
"/Game/UI/BattleUIs/WBP_ItemInfo" 4733
"/Game/Others/BP_DefaultWall_OtherActor" 4734
"../../../Engine/Plugins/Animation/ControlRig/Content/Controls/ControlRig_Arrow2_3mm.uasset" 4735
"../../../Engine/Plugins/Interchange/Assets/Content/Functions/MX_OpenPBR_Opaque.uasset" 4736
"../../../Engine/Plugins/Animation/ControlRig/Content/Controls/ControlRig_Arrow4_1mm.uasset" 4737
"../../../Engine/Plugins/Animation/ControlRig/Content/Controls/ControlRig_Arrow4_3mm.uasset" 4738
"../../../Engine/Plugins/Animation/ControlRig/Content/Controls/ControlRig_Arrow2_solid.uasset" 4739
"../../../Engine/Plugins/Animation/ControlRig/Content/Controls/ControlRig_Sphere_solid.uasset" 4740
"../../../Engine/Plugins/Animation/ControlRig/Content/Controls/ControlRig_Box_3mm.uasset" 4741
"../../../Engine/Plugins/Animation/ControlRig/Content/Controls/ControlRig_Arrow_solid.uasset" 4742
"../../../Engine/Plugins/Animation/ControlRig/Content/Controls/ControlRig_Arrow4_solid.uasset" 4743
"../../../Engine/Plugins/Animation/ControlRig/Content/Controls/ControlRig_Arrow_3mm.uasset" 4744
"../../../Engine/Plugins/Animation/ControlRig/Content/Controls/ControlRig_Arrow2_1mm.uasset" 4745
"../../../Engine/Plugins/Animation/ControlRig/Content/Controls/ControlRig_Arrow_1mm.uasset" 4746
"../../../Engine/Plugins/Animation/ControlRig/Content/Controls/ControlRig_Box_1mm.uasset" 4747
"/Game/Boss/Montages/Poison/Poison_Hit" 4748
"/Game/Boss/Montages/Poison/Poison_Death" 4749
"/Game/Boss/Montages/Poison/Mon_Poison_Shield" 4750
"/Game/Boss/Montages/Poison/Mon_Poison_Attack2" 4751
"/Game/Boss/Montages/Poison/Mon_Poison_Attack1" 4752
"/Game/Boss/Montages/Groggy/Mon_Groggy_Pattern_3" 4753
"/Game/Boss/Montages/Groggy/Mon_Groggy_Pattern_2" 4754
"/Game/Boss/Montages/Groggy/Mon_Groggy_Pattern_1" 4755
"/Game/UI/BattleUIs/WBP_StageEnd" 4756
"/ControlRig/Controls/ControlRig_Arrow2_solid" 4757
"/ControlRig/Controls/ControlRig_Box_3mm" 4758
"/ControlRig/Controls/ControlRig_Box_1mm" 4759
"/ControlRig/Controls/ControlRig_Arrow_solid" 4760
"/ControlRig/Controls/ControlRig_Arrow_3mm" 4761
"/ControlRig/Controls/ControlRig_Arrow_1mm" 4762
"/ControlRig/Controls/ControlRig_Arrow4_solid" 4763
"/ControlRig/Controls/ControlRig_Arrow4_3mm" 4764
"/ControlRig/Controls/ControlRig_Arrow4_1mm" 4765
"/ControlRig/Controls/ControlRig_Arrow2_3mm" 4766
"/ControlRig/Controls/ControlRig_Arrow2_1mm" 4767
"/ControlRig/Controls/ControlRig_Sphere_solid" 4768
"/InterchangeAssets/Functions/MX_OpenPBR_Opaque" 4769
"../../../Engine/Plugins/Animation/ControlRig/Content/Controls/ControlRig_Circle_3mm.uasset" 4770
"../../../Engine/Plugins/Animation/ControlRig/Content/Controls/ControlRig_Box_solid.uasset" 4771
"../../../Engine/Plugins/Animation/ControlRig/Content/Controls/ControlRig_Circle_solid.uasset" 4772
"../../../Engine/Plugins/Animation/ControlRig/Content/Controls/ControlRig_HalfCircle_solid.uasset" 4773
"../../../Engine/Plugins/Animation/ControlRig/Content/Controls/ControlRig_Diamond_1mm.uasset" 4774
"../../../Engine/Plugins/Animation/ControlRig/Content/Controls/ControlRig_Diamond_3mm.uasset" 4775
"../../../Engine/Plugins/Animation/ControlRig/Content/Controls/ControlRig_Hexagon_1mm.uasset" 4776
"../../../Engine/Plugins/Animation/ControlRig/Content/Controls/ControlRig_HalfCircle_3mm.uasset" 4777
"../../../Engine/Plugins/Animation/ControlRig/Content/Controls/ControlRig_HalfCircle_1mm.uasset" 4778
"../../../Engine/Plugins/Animation/ControlRig/Content/Controls/ControlRig_Diamond_solid.uasset" 4779
"../../../Engine/Plugins/Animation/ControlRig/Content/Controls/ControlRig_Circle_1mm.uasset" 4780
"../../../Engine/Plugins/Animation/ControlRig/Content/Controls/ControlRig_RoundedSquare_3mm.uasset" 4781
"../../../Engine/Plugins/Animation/ControlRig/Content/Controls/ControlRig_QuarterCircle_1mm.uasset" 4782
"../../../Engine/Plugins/Animation/ControlRig/Content/Controls/ControlRig_Pyramid_solid.uasset" 4783
"../../../Engine/Plugins/Animation/ControlRig/Content/Controls/ControlRig_RoundedTriangle_1mm.uasset" 4784
"../../../Engine/Plugins/Animation/ControlRig/Content/Controls/ControlRig_Hexagon_solid.uasset" 4785
"../../../Engine/Plugins/Animation/ControlRig/Content/Controls/ControlRig_RoundedTriangle_3mm.uasset" 4786
"../../../Engine/Plugins/Animation/ControlRig/Content/Controls/ControlRig_Pyramid_1mm.uasset" 4787
"../../../Engine/Plugins/Animation/ControlRig/Content/Controls/ControlRig_Octagon_3mm.uasset" 4788
"../../../Engine/Plugins/Animation/ControlRig/Content/Controls/ControlRig_Sphere_1mm.uasset" 4789
"../../../Engine/Plugins/Animation/ControlRig/Content/Controls/ControlRig_Pyramid_3mm.uasset" 4790
"../../../Engine/Plugins/Animation/ControlRig/Content/Controls/ControlRig_Square_1mm.uasset" 4791
"../../../Engine/Plugins/Animation/ControlRig/Content/Controls/ControlRig_Octagon_solid.uasset" 4792
"../../../Engine/Plugins/Animation/ControlRig/Content/Controls/ControlRig_RoundedSquare_solid.uasset" 4793
"../../../Engine/Plugins/Animation/ControlRig/Content/Controls/ControlRig_Octagon_1mm.uasset" 4794
"../../../Engine/Plugins/Animation/ControlRig/Content/Controls/ControlRig_Square_3mm.uasset" 4795
"../../../Engine/Plugins/Animation/ControlRig/Content/Controls/ControlRig_RoundedSquare_1mm.uasset" 4796
"../../../Engine/Plugins/Animation/ControlRig/Content/Controls/ControlRig_QuarterCircle_3mm.uasset" 4797
"../../../Engine/Plugins/Animation/ControlRig/Content/Controls/ControlRig_Hexagon_3mm.uasset" 4798
"../../../Engine/Plugins/Animation/ControlRig/Content/Controls/ControlRig_Sphere_3mm.uasset" 4799
"../../../Engine/Plugins/Animation/ControlRig/Content/Controls/ControlRig_QuarterCircle_solid.uasset" 4800
"../../../Engine/Plugins/Animation/ControlRig/Content/Controls/ControlRig_RoundedTriangle_solid.uasset" 4801
"/ControlRig/Controls/ControlRig_Hexagon_solid" 4802
"/ControlRig/Controls/ControlRig_Square_1mm" 4803
"/ControlRig/Controls/ControlRig_Sphere_3mm" 4804
"/ControlRig/Controls/ControlRig_Sphere_1mm" 4805
"/ControlRig/Controls/ControlRig_RoundedTriangle_solid" 4806
"/ControlRig/Controls/ControlRig_RoundedTriangle_3mm" 4807
"/ControlRig/Controls/ControlRig_Square_3mm" 4808
"/ControlRig/Controls/ControlRig_Hexagon_3mm" 4809
"/ControlRig/Controls/ControlRig_Hexagon_1mm" 4810
"/ControlRig/Controls/ControlRig_HalfCircle_solid" 4811
"/ControlRig/Controls/ControlRig_RoundedTriangle_1mm" 4812
"/ControlRig/Controls/ControlRig_HalfCircle_3mm" 4813
"/ControlRig/Controls/ControlRig_HalfCircle_1mm" 4814
"/ControlRig/Controls/ControlRig_Diamond_solid" 4815
"/ControlRig/Controls/ControlRig_RoundedSquare_solid" 4816
"/ControlRig/Controls/ControlRig_RoundedSquare_3mm" 4817
"/ControlRig/Controls/ControlRig_Diamond_3mm" 4818
"/ControlRig/Controls/ControlRig_Diamond_1mm" 4819
"/ControlRig/Controls/ControlRig_Circle_solid" 4820
"/ControlRig/Controls/ControlRig_RoundedSquare_1mm" 4821
"/ControlRig/Controls/ControlRig_Circle_3mm" 4822
"/ControlRig/Controls/ControlRig_QuarterCircle_solid" 4823
"/ControlRig/Controls/ControlRig_QuarterCircle_3mm" 4824
"/ControlRig/Controls/ControlRig_QuarterCircle_1mm" 4825
"/ControlRig/Controls/ControlRig_Pyramid_solid" 4826
"/ControlRig/Controls/ControlRig_Pyramid_3mm" 4827
"/ControlRig/Controls/ControlRig_Pyramid_1mm" 4828
"/ControlRig/Controls/ControlRig_Octagon_solid" 4829
"/ControlRig/Controls/ControlRig_Circle_1mm" 4830
"/ControlRig/Controls/ControlRig_Box_solid" 4831
"/ControlRig/Controls/ControlRig_Octagon_3mm" 4832
"/ControlRig/Controls/ControlRig_Octagon_1mm" 4833
"../../../Engine/Plugins/Animation/ControlRig/Content/Controls/ControlRig_Square_solid.uasset" 4834
"../../../Engine/Plugins/Animation/ControlRig/Content/Controls/ControlRig_Triangle_3mm.uasset" 4835
"../../../Engine/Plugins/Animation/ControlRig/Content/Controls/ControlRig_Triangle_solid.uasset" 4836
"../../../Engine/Plugins/Animation/ControlRig/Content/Controls/ControlRig_Wedge_1mm.uasset" 4837
"../../../Engine/Plugins/Animation/ControlRig/Content/Controls/ControlRig_Wedge_3mm.uasset" 4838
"../../../Engine/Plugins/Animation/ControlRig/Content/Controls/ControlRig_Star4_1mm.uasset" 4839
"../../../Engine/Plugins/Animation/ControlRig/Content/Controls/ControlRig_Star4_solid.uasset" 4840
"../../../Engine/Plugins/Animation/ControlRig/Content/Controls/ControlRig_Wedge_solid.uasset" 4841
"../../../Engine/Content/Maps/Entry.umap" 4842
"../../../Engine/Plugins/Animation/ControlRig/Content/Controls/ControlRig_Triangle_1mm.uasset" 4843
"../../../Engine/Plugins/Animation/ControlRig/Content/Controls/ControlRig_Star4_3mm.uasset" 4844
"../../../Engine/Content/Maps/Entry_BuiltData.uasset" 4845
"/Engine/Maps/Entry" 4846
"/ControlRig/Controls/ControlRig_Wedge_solid" 4847
"/ControlRig/Controls/ControlRig_Wedge_3mm" 4848
"/ControlRig/Controls/ControlRig_Wedge_1mm" 4849
"/ControlRig/Controls/ControlRig_Triangle_solid" 4850
"/ControlRig/Controls/ControlRig_Triangle_3mm" 4851
"/ControlRig/Controls/ControlRig_Triangle_1mm" 4852
"/ControlRig/Controls/ControlRig_Star4_solid" 4853
"/ControlRig/Controls/ControlRig_Star4_3mm" 4854
"/ControlRig/Controls/ControlRig_Star4_1mm" 4855
"/ControlRig/Controls/ControlRig_Square_solid" 4856
"/Game/UI/Shop_UnlockWeapon/Widget/WBP_UnlockSelectWeaponButton" 4857
"../../../Engine/Content/EditorMaterials/PreviewShadowIndicator.uasset" 4858
"../../../Engine/Content/EditorMaterials/PreviewShadowIndicatorMaterial.uasset" 4859
"../../../Engine/Content/EngineMaterials/Substrate/GLints/dict_16_192_64_0p5_0p02_0000_0002.uasset" 4860
"../../../Engine/Content/EngineMaterials/Substrate/GLints/dict_16_192_64_0p5_0p02_0000_0004.uasset" 4861
"../../../Engine/Content/EngineMaterials/Substrate/GLints/dict_16_192_64_0p5_0p02_0000_0000.uasset" 4862
"../../../Engine/Content/EngineMaterials/Substrate/GLints/dict_16_192_64_0p5_0p02_0000_0001.uasset" 4863
"../../../Engine/Content/EngineMaterials/Substrate/GLints/dict_16_192_64_0p5_0p02_0000_0006.uasset" 4864
"../../../Engine/Content/EngineMaterials/Substrate/GLints/dict_16_192_64_0p5_0p02_0001_0003.uasset" 4865
"../../../Engine/Content/EngineMaterials/Substrate/GLints/dict_16_192_64_0p5_0p02_0000_0003.uasset" 4866
"../../../Engine/Content/EngineMaterials/Substrate/GLints/dict_16_192_64_0p5_0p02_0000_0011.uasset" 4867
"../../../Engine/Content/EngineMaterials/Substrate/GLints/dict_16_192_64_0p5_0p02_0000_0005.uasset" 4868
"../../../Engine/Content/EngineMaterials/Substrate/GLints/dict_16_192_64_0p5_0p02_0000_0013.uasset" 4869
"../../../Engine/Content/EngineMaterials/Substrate/GLints/dict_16_192_64_0p5_0p02_0000_0009.uasset" 4870
"../../../Engine/Content/EngineMaterials/Substrate/GLints/dict_16_192_64_0p5_0p02_0000_0007.uasset" 4871
"../../../Engine/Content/EngineMaterials/Substrate/GLints/dict_16_192_64_0p5_0p02_0000_0008.uasset" 4872
"../../../Engine/Content/EngineMaterials/Substrate/GLints/dict_16_192_64_0p5_0p02_0001_0000.uasset" 4873
"../../../Engine/Content/EngineMaterials/Substrate/GLints/dict_16_192_64_0p5_0p02_0000_0015.uasset" 4874
"../../../Engine/Content/EngineMaterials/Substrate/GLints/dict_16_192_64_0p5_0p02_0000_0012.uasset" 4875
"../../../Engine/Content/EngineMaterials/Substrate/GLints/dict_16_192_64_0p5_0p02_0001_0001.uasset" 4876
"../../../Engine/Content/EngineMaterials/Substrate/GLints/dict_16_192_64_0p5_0p02_0000_0010.uasset" 4877
"../../../Engine/Content/EngineMaterials/Substrate/GLints/dict_16_192_64_0p5_0p02_0000_0014.uasset" 4878
"../../../Engine/Content/EngineMaterials/Substrate/GLints/dict_16_192_64_0p5_0p02_0001_0004.uasset" 4879
"../../../Engine/Content/EngineMaterials/Substrate/GLints/dict_16_192_64_0p5_0p02_0001_0009.uasset" 4880
"../../../Engine/Content/EngineMaterials/Substrate/GLints/dict_16_192_64_0p5_0p02_0001_0011.uasset" 4881
"../../../Engine/Content/EngineMaterials/Substrate/GLints/dict_16_192_64_0p5_0p02_0001_0005.uasset" 4882
"../../../Engine/Content/EngineMaterials/Substrate/GLints/dict_16_192_64_0p5_0p02_0001_0010.uasset" 4883
"../../../Engine/Content/EngineMaterials/Substrate/GLints/dict_16_192_64_0p5_0p02_0001_0007.uasset" 4884
"../../../Engine/Content/EngineMaterials/Substrate/GLints/dict_16_192_64_0p5_0p02_0001_0012.uasset" 4885
"../../../Engine/Content/EngineMaterials/Substrate/GLints/dict_16_192_64_0p5_0p02_0001_0006.uasset" 4886
"../../../Engine/Content/EngineMaterials/Substrate/GLints/dict_16_192_64_0p5_0p02_0001_0002.uasset" 4887
"../../../Engine/Content/EngineMaterials/Substrate/GLints/dict_16_192_64_0p5_0p02_0001_0008.uasset" 4888
"/Engine/EditorMaterials/PreviewShadowIndicatorMaterial" 4889
"/Engine/EngineMaterials/Substrate/GLints/dict_16_192_64_0p5_0p02_0001_0012" 4890
"../../../Engine/Content/EngineMaterials/Substrate/GLints/dict_16_192_64_0p5_0p02_0001_0013.uasset" 4891
"../../../Engine/Content/EngineMaterials/Substrate/GLints/dict_16_192_64_0p5_0p02_0001_0014.uasset" 4892
"/Engine/EngineMaterials/Substrate/GLints/dict_16_192_64_0p5_0p02_0001_0011" 4893
"/Engine/EngineMaterials/Substrate/GLints/dict_16_192_64_0p5_0p02_0001_0010" 4894
"/Engine/EngineMaterials/Substrate/GLints/dict_16_192_64_0p5_0p02_0001_0009" 4895
"/Engine/EngineMaterials/Substrate/GLints/dict_16_192_64_0p5_0p02_0001_0008" 4896
"/Engine/EngineMaterials/Substrate/GLints/dict_16_192_64_0p5_0p02_0001_0007" 4897
"/Engine/EngineMaterials/Substrate/GLints/dict_16_192_64_0p5_0p02_0001_0006" 4898
"/Engine/EngineMaterials/Substrate/GLints/dict_16_192_64_0p5_0p02_0001_0005" 4899
"/Engine/EngineMaterials/Substrate/GLints/dict_16_192_64_0p5_0p02_0001_0004" 4900
"/Engine/EngineMaterials/Substrate/GLints/dict_16_192_64_0p5_0p02_0001_0003" 4901
"/Engine/EngineMaterials/Substrate/GLints/dict_16_192_64_0p5_0p02_0001_0002" 4902
"/Engine/EngineMaterials/Substrate/GLints/dict_16_192_64_0p5_0p02_0001_0001" 4903
"/Engine/EngineMaterials/Substrate/GLints/dict_16_192_64_0p5_0p02_0001_0000" 4904
"/Engine/EngineMaterials/Substrate/GLints/dict_16_192_64_0p5_0p02_0000_0015" 4905
"/Engine/EngineMaterials/Substrate/GLints/dict_16_192_64_0p5_0p02_0000_0014" 4906
"/Engine/EngineMaterials/Substrate/GLints/dict_16_192_64_0p5_0p02_0000_0013" 4907
"/Engine/EngineMaterials/Substrate/GLints/dict_16_192_64_0p5_0p02_0000_0012" 4908
"/Engine/EngineMaterials/Substrate/GLints/dict_16_192_64_0p5_0p02_0000_0011" 4909
"/Engine/EngineMaterials/Substrate/GLints/dict_16_192_64_0p5_0p02_0000_0010" 4910
"/Engine/EngineMaterials/Substrate/GLints/dict_16_192_64_0p5_0p02_0000_0009" 4911
"/Engine/EngineMaterials/Substrate/GLints/dict_16_192_64_0p5_0p02_0000_0008" 4912
"/Engine/EngineMaterials/Substrate/GLints/dict_16_192_64_0p5_0p02_0000_0007" 4913
"/Engine/EngineMaterials/Substrate/GLints/dict_16_192_64_0p5_0p02_0000_0006" 4914
"/Engine/EngineMaterials/Substrate/GLints/dict_16_192_64_0p5_0p02_0000_0005" 4915
"/Engine/EngineMaterials/Substrate/GLints/dict_16_192_64_0p5_0p02_0000_0004" 4916
"/Engine/EngineMaterials/Substrate/GLints/dict_16_192_64_0p5_0p02_0000_0003" 4917
"/Engine/EngineMaterials/Substrate/GLints/dict_16_192_64_0p5_0p02_0000_0002" 4918
"/Engine/EngineMaterials/Substrate/GLints/dict_16_192_64_0p5_0p02_0000_0001" 4919
"/Engine/EngineMaterials/Substrate/GLints/dict_16_192_64_0p5_0p02_0000_0000" 4920
"/Engine/EngineMaterials/Substrate/GLints/dict_16_192_64_0p5_0p02_0001_0014" 4921
"../../../Engine/Content/EngineMaterials/Substrate/GLints/dict_16_192_64_0p5_0p02_0001_0015.uasset" 4922
"../../../Engine/Content/EngineMaterials/Substrate/GLints/dict_16_192_64_0p5_0p02_0002_0002.uasset" 4923
"../../../Engine/Content/EngineMaterials/Substrate/GLints/dict_16_192_64_0p5_0p02_0002_0000.uasset" 4924
"/Engine/EngineMaterials/Substrate/GLints/dict_16_192_64_0p5_0p02_0001_0013" 4925
"../../../Engine/Content/EngineMaterials/Substrate/GLints/dict_16_192_64_0p5_0p02_0002_0005.uasset" 4926
"../../../Engine/Content/EngineMaterials/Substrate/GLints/dict_16_192_64_0p5_0p02_0002_0006.uasset" 4927
"../../../Engine/Content/EngineMaterials/Substrate/GLints/dict_16_192_64_0p5_0p02_0002_0003.uasset" 4928
"../../../Engine/Content/EngineMaterials/Substrate/GLints/dict_16_192_64_0p5_0p02_0002_0001.uasset" 4929
"../../../Engine/Content/EngineMaterials/Substrate/GLints/dict_16_192_64_0p5_0p02_0002_0011.uasset" 4930
"../../../Engine/Content/EngineMaterials/Substrate/GLints/dict_16_192_64_0p5_0p02_0002_0012.uasset" 4931
"../../../Engine/Content/EngineMaterials/Substrate/GLints/dict_16_192_64_0p5_0p02_0002_0015.uasset" 4932
"../../../Engine/Content/EngineMaterials/Substrate/GLints/dict_16_192_64_0p5_0p02_0002_0004.uasset" 4933
"../../../Engine/Content/EngineMaterials/Substrate/GLints/dict_16_192_64_0p5_0p02_0002_0008.uasset" 4934
"../../../Engine/Content/EngineMaterials/Substrate/GLints/dict_16_192_64_0p5_0p02_0003_0001.uasset" 4935
"../../../Engine/Content/EngineMaterials/Substrate/GLints/dict_16_192_64_0p5_0p02_0002_0014.uasset" 4936
"/Engine/EngineMaterials/Substrate/GLints/dict_16_192_64_0p5_0p02_0002_0011" 4937
"../../../Engine/Content/EngineMaterials/Substrate/GLints/dict_16_192_64_0p5_0p02_0002_0013.uasset" 4938
"../../../Engine/Content/EngineMaterials/Substrate/GLints/dict_16_192_64_0p5_0p02_0003_0003.uasset" 4939
"../../../Engine/Content/EngineMaterials/Substrate/GLints/dict_16_192_64_0p5_0p02_0002_0007.uasset" 4940
"../../../Engine/Content/EngineMaterials/Substrate/GLints/dict_16_192_64_0p5_0p02_0003_0008.uasset" 4941
"../../../Engine/Content/EngineMaterials/Substrate/GLints/dict_16_192_64_0p5_0p02_0003_0005.uasset" 4942
"../../../Engine/Content/EngineMaterials/Substrate/GLints/dict_16_192_64_0p5_0p02_0003_0009.uasset" 4943
"../../../Engine/Content/EngineMaterials/Substrate/GLints/dict_16_192_64_0p5_0p02_0003_0013.uasset" 4944
"../../../Engine/Content/EngineMaterials/Substrate/GLints/dict_16_192_64_0p5_0p02_0003_0010.uasset" 4945
"../../../Engine/Content/EngineMaterials/Substrate/GLints/dict_16_192_64_0p5_0p02_0002_0009.uasset" 4946
"../../../Engine/Content/EngineMaterials/Substrate/GLints/dict_16_192_64_0p5_0p02_0003_0007.uasset" 4947
"../../../Engine/Content/EngineMaterials/Substrate/GLints/dict_16_192_64_0p5_0p02_0003_0011.uasset" 4948
"../../../Engine/Content/EngineMaterials/Substrate/GLints/dict_16_192_64_0p5_0p02_0003_0000.uasset" 4949
"../../../Engine/Content/EngineMaterials/Substrate/GLints/dict_16_192_64_0p5_0p02_0003_0004.uasset" 4950
"../../../Engine/Content/EngineMaterials/Substrate/GLints/dict_16_192_64_0p5_0p02_0003_0002.uasset" 4951
"/Engine/EngineMaterials/Substrate/GLints/dict_16_192_64_0p5_0p02_0002_0006" 4952
"../../../Engine/Content/EngineMaterials/Substrate/GLints/dict_16_192_64_0p5_0p02_0002_0010.uasset" 4953
"../../../Engine/Content/EngineMaterials/Substrate/GLints/dict_16_192_64_0p5_0p02_0003_0014.uasset" 4954
"../../../Engine/Content/EngineMaterials/Substrate/GLints/dict_16_192_64_0p5_0p02_0003_0006.uasset" 4955
"../../../Engine/Content/EngineMaterials/Substrate/GLints/dict_16_192_64_0p5_0p02_0003_0012.uasset" 4956
"/Engine/EngineMaterials/Substrate/GLints/dict_16_192_64_0p5_0p02_0002_0005" 4957
"/Engine/EngineMaterials/Substrate/GLints/dict_16_192_64_0p5_0p02_0002_0003" 4958
"/Engine/EngineMaterials/Substrate/GLints/dict_16_192_64_0p5_0p02_0002_0002" 4959
"/Engine/EngineMaterials/Substrate/GLints/dict_16_192_64_0p5_0p02_0002_0001" 4960
"/Engine/EngineMaterials/Substrate/GLints/dict_16_192_64_0p5_0p02_0002_0000" 4961
"/Engine/EngineMaterials/Substrate/GLints/dict_16_192_64_0p5_0p02_0001_0015" 4962
"/Engine/EngineMaterials/Substrate/GLints/dict_16_192_64_0p5_0p02_0003_0012" 4963
"../../../Engine/Content/EngineMaterials/Substrate/GLints/dict_16_192_64_0p5_0p02_0004_0001.uasset" 4964
"../../../Engine/Content/EngineMaterials/Substrate/GLints/dict_16_192_64_0p5_0p02_0004_0000.uasset" 4965
"../../../Engine/Content/EngineMaterials/Substrate/GLints/dict_16_192_64_0p5_0p02_0004_0003.uasset" 4966
"../../../Engine/Content/EngineMaterials/Substrate/GLints/dict_16_192_64_0p5_0p02_0004_0006.uasset" 4967
"../../../Engine/Content/EngineMaterials/Substrate/GLints/dict_16_192_64_0p5_0p02_0003_0015.uasset" 4968
"../../../Engine/Content/EngineMaterials/Substrate/GLints/dict_16_192_64_0p5_0p02_0004_0004.uasset" 4969
"../../../Engine/Content/EngineMaterials/Substrate/GLints/dict_16_192_64_0p5_0p02_0004_0002.uasset" 4970
"/Engine/EngineMaterials/Substrate/GLints/dict_16_192_64_0p5_0p02_0003_0011" 4971
"../../../Engine/Content/EngineMaterials/Substrate/GLints/dict_16_192_64_0p5_0p02_0004_0005.uasset" 4972
"/Engine/EngineMaterials/Substrate/GLints/dict_16_192_64_0p5_0p02_0003_0010" 4973
"/Engine/EngineMaterials/Substrate/GLints/dict_16_192_64_0p5_0p02_0003_0009" 4974
"/Engine/EngineMaterials/Substrate/GLints/dict_16_192_64_0p5_0p02_0003_0008" 4975
"/Engine/EngineMaterials/Substrate/GLints/dict_16_192_64_0p5_0p02_0003_0007" 4976
"/Engine/EngineMaterials/Substrate/GLints/dict_16_192_64_0p5_0p02_0003_0006" 4977
"/Engine/EngineMaterials/Substrate/GLints/dict_16_192_64_0p5_0p02_0003_0005" 4978
"/Engine/EngineMaterials/Substrate/GLints/dict_16_192_64_0p5_0p02_0003_0004" 4979
"/Engine/EngineMaterials/Substrate/GLints/dict_16_192_64_0p5_0p02_0003_0003" 4980
"/Engine/EngineMaterials/Substrate/GLints/dict_16_192_64_0p5_0p02_0003_0002" 4981
"/Engine/EngineMaterials/Substrate/GLints/dict_16_192_64_0p5_0p02_0003_0001" 4982
"/Engine/EngineMaterials/Substrate/GLints/dict_16_192_64_0p5_0p02_0003_0000" 4983
"/Engine/EngineMaterials/Substrate/GLints/dict_16_192_64_0p5_0p02_0002_0015" 4984
"/Engine/EngineMaterials/Substrate/GLints/dict_16_192_64_0p5_0p02_0002_0014" 4985
"/Engine/EngineMaterials/Substrate/GLints/dict_16_192_64_0p5_0p02_0002_0013" 4986
"/Engine/EngineMaterials/Substrate/GLints/dict_16_192_64_0p5_0p02_0002_0012" 4987
"/Engine/EngineMaterials/Substrate/GLints/dict_16_192_64_0p5_0p02_0002_0010" 4988
"/Engine/EngineMaterials/Substrate/GLints/dict_16_192_64_0p5_0p02_0002_0009" 4989
"/Engine/EngineMaterials/Substrate/GLints/dict_16_192_64_0p5_0p02_0002_0008" 4990
"/Engine/EngineMaterials/Substrate/GLints/dict_16_192_64_0p5_0p02_0002_0007" 4991
"/Engine/EngineMaterials/Substrate/GLints/dict_16_192_64_0p5_0p02_0002_0004" 4992
"/Engine/EngineMaterials/Substrate/GLints/dict_16_192_64_0p5_0p02_0003_0014" 4993
"/Engine/EngineMaterials/Substrate/GLints/dict_16_192_64_0p5_0p02_0003_0013" 4994
"/Engine/EngineMaterials/Substrate/GLints/dict_16_192_64_0p5_0p02_0004_0006" 4995
"../../../Engine/Content/EngineMaterials/Substrate/GLints/dict_16_192_64_0p5_0p02_0004_0012.uasset" 4996
"../../../Engine/Content/EngineMaterials/Substrate/GLints/dict_16_192_64_0p5_0p02_0004_0010.uasset" 4997
"../../../Engine/Content/EngineMaterials/Substrate/GLints/dict_16_192_64_0p5_0p02_0005_0003.uasset" 4998
"../../../Engine/Content/EngineMaterials/Substrate/GLints/dict_16_192_64_0p5_0p02_0004_0007.uasset" 4999
"../../../Engine/Content/EngineMaterials/Substrate/GLints/dict_16_192_64_0p5_0p02_0005_0002.uasset" 5000
"../../../Engine/Content/EngineMaterials/Substrate/GLints/dict_16_192_64_0p5_0p02_0004_0009.uasset" 5001
"../../../Engine/Content/EngineMaterials/Substrate/GLints/dict_16_192_64_0p5_0p02_0004_0011.uasset" 5002
"/Engine/EngineMaterials/Substrate/GLints/dict_16_192_64_0p5_0p02_0004_0005" 5003
"../../../Engine/Content/EngineMaterials/Substrate/GLints/dict_16_192_64_0p5_0p02_0005_0008.uasset" 5004
"../../../Engine/Content/EngineMaterials/Substrate/GLints/dict_16_192_64_0p5_0p02_0004_0014.uasset" 5005
"../../../Engine/Content/EngineMaterials/Substrate/GLints/dict_16_192_64_0p5_0p02_0005_0014.uasset" 5006
"../../../Engine/Content/EngineMaterials/Substrate/GLints/dict_16_192_64_0p5_0p02_0004_0015.uasset" 5007
"../../../Engine/Content/EngineMaterials/Substrate/GLints/dict_16_192_64_0p5_0p02_0004_0008.uasset" 5008
"../../../Engine/Content/EngineMaterials/Substrate/GLints/dict_16_192_64_0p5_0p02_0005_0012.uasset" 5009
"/Engine/EngineMaterials/Substrate/GLints/dict_16_192_64_0p5_0p02_0004_0004" 5010
"../../../Engine/Content/EngineMaterials/Substrate/GLints/dict_16_192_64_0p5_0p02_0005_0011.uasset" 5011
"../../../Engine/Content/EngineMaterials/Substrate/GLints/dict_16_192_64_0p5_0p02_0005_0006.uasset" 5012
"../../../Engine/Content/EngineMaterials/Substrate/GLints/dict_16_192_64_0p5_0p02_0005_0005.uasset" 5013
"../../../Engine/Content/EngineMaterials/Substrate/GLints/dict_16_192_64_0p5_0p02_0004_0013.uasset" 5014
"../../../Engine/Content/EngineMaterials/Substrate/GLints/dict_16_192_64_0p5_0p02_0005_0009.uasset" 5015
"../../../Engine/Content/EngineMaterials/Substrate/GLints/dict_16_192_64_0p5_0p02_0005_0007.uasset" 5016
"../../../Engine/Content/EngineMaterials/Substrate/GLints/dict_16_192_64_0p5_0p02_0005_0000.uasset" 5017
"../../../Engine/Content/EngineMaterials/Substrate/GLints/dict_16_192_64_0p5_0p02_0005_0013.uasset" 5018
"../../../Engine/Content/EngineMaterials/Substrate/GLints/dict_16_192_64_0p5_0p02_0005_0004.uasset" 5019
"../../../Engine/Content/EngineMaterials/Substrate/GLints/dict_16_192_64_0p5_0p02_0005_0001.uasset" 5020
"/Engine/EngineMaterials/Substrate/GLints/dict_16_192_64_0p5_0p02_0004_0003" 5021
"../../../Engine/Content/EngineMaterials/Substrate/GLints/dict_16_192_64_0p5_0p02_0005_0010.uasset" 5022
"/Engine/EngineMaterials/Substrate/GLints/dict_16_192_64_0p5_0p02_0004_0002" 5023
"/Engine/EngineMaterials/Substrate/GLints/dict_16_192_64_0p5_0p02_0004_0001" 5024
"/Engine/EngineMaterials/Substrate/GLints/dict_16_192_64_0p5_0p02_0004_0000" 5025
"/Engine/EngineMaterials/Substrate/GLints/dict_16_192_64_0p5_0p02_0003_0015" 5026
"/Engine/EngineMaterials/Substrate/GLints/dict_16_192_64_0p5_0p02_0005_0014" 5027
"../../../Engine/Content/EngineMaterials/Substrate/GLints/dict_16_192_64_0p5_0p02_0006_0000.uasset" 5028
"../../../Engine/Content/EngineMaterials/Substrate/GLints/dict_16_192_64_0p5_0p02_0006_0002.uasset" 5029
"../../../Engine/Content/EngineMaterials/Substrate/GLints/dict_16_192_64_0p5_0p02_0005_0015.uasset" 5030
"../../../Engine/Content/EngineMaterials/Substrate/GLints/dict_16_192_64_0p5_0p02_0006_0001.uasset" 5031
"/Engine/EngineMaterials/Substrate/GLints/dict_16_192_64_0p5_0p02_0005_0013" 5032
"../../../Engine/Content/EngineMaterials/Substrate/GLints/dict_16_192_64_0p5_0p02_0006_0006.uasset" 5033
"../../../Engine/Content/EngineMaterials/Substrate/GLints/dict_16_192_64_0p5_0p02_0006_0005.uasset" 5034
"../../../Engine/Content/EngineMaterials/Substrate/GLints/dict_16_192_64_0p5_0p02_0006_0004.uasset" 5035
"../../../Engine/Content/EngineMaterials/Substrate/GLints/dict_16_192_64_0p5_0p02_0006_0003.uasset" 5036
"/Engine/EngineMaterials/Substrate/GLints/dict_16_192_64_0p5_0p02_0005_0012" 5037
"/Engine/EngineMaterials/Substrate/GLints/dict_16_192_64_0p5_0p02_0005_0011" 5038
"/Engine/EngineMaterials/Substrate/GLints/dict_16_192_64_0p5_0p02_0005_0010" 5039
"/Engine/EngineMaterials/Substrate/GLints/dict_16_192_64_0p5_0p02_0005_0009" 5040
"/Engine/EngineMaterials/Substrate/GLints/dict_16_192_64_0p5_0p02_0005_0008" 5041
"/Engine/EngineMaterials/Substrate/GLints/dict_16_192_64_0p5_0p02_0005_0007" 5042
"/Engine/EngineMaterials/Substrate/GLints/dict_16_192_64_0p5_0p02_0005_0006" 5043
"/Engine/EngineMaterials/Substrate/GLints/dict_16_192_64_0p5_0p02_0005_0005" 5044
"/Engine/EngineMaterials/Substrate/GLints/dict_16_192_64_0p5_0p02_0005_0004" 5045
"/Engine/EngineMaterials/Substrate/GLints/dict_16_192_64_0p5_0p02_0005_0003" 5046
"/Engine/EngineMaterials/Substrate/GLints/dict_16_192_64_0p5_0p02_0005_0002" 5047
"/Engine/EngineMaterials/Substrate/GLints/dict_16_192_64_0p5_0p02_0005_0001" 5048
"/Engine/EngineMaterials/Substrate/GLints/dict_16_192_64_0p5_0p02_0005_0000" 5049
"/Engine/EngineMaterials/Substrate/GLints/dict_16_192_64_0p5_0p02_0004_0015" 5050
"/Engine/EngineMaterials/Substrate/GLints/dict_16_192_64_0p5_0p02_0004_0014" 5051
"/Engine/EngineMaterials/Substrate/GLints/dict_16_192_64_0p5_0p02_0004_0013" 5052
"/Engine/EngineMaterials/Substrate/GLints/dict_16_192_64_0p5_0p02_0004_0012" 5053
"/Engine/EngineMaterials/Substrate/GLints/dict_16_192_64_0p5_0p02_0004_0011" 5054
"/Engine/EngineMaterials/Substrate/GLints/dict_16_192_64_0p5_0p02_0004_0010" 5055
"/Engine/EngineMaterials/Substrate/GLints/dict_16_192_64_0p5_0p02_0004_0009" 5056
"/Engine/EngineMaterials/Substrate/GLints/dict_16_192_64_0p5_0p02_0004_0008" 5057
"/Engine/EngineMaterials/Substrate/GLints/dict_16_192_64_0p5_0p02_0004_0007" 5058
"/Engine/EngineMaterials/Substrate/GLints/dict_16_192_64_0p5_0p02_0006_0006" 5059
"../../../Engine/Content/EngineMaterials/Substrate/GLints/dict_16_192_64_0p5_0p02_0006_0007.uasset" 5060
"../../../Engine/Content/EngineMaterials/Substrate/GLints/dict_16_192_64_0p5_0p02_0006_0012.uasset" 5061
"../../../Engine/Content/EngineMaterials/Substrate/GLints/dict_16_192_64_0p5_0p02_0006_0011.uasset" 5062
"../../../Engine/Content/EngineMaterials/Substrate/GLints/dict_16_192_64_0p5_0p02_0006_0008.uasset" 5063
"../../../Engine/Content/EngineMaterials/Substrate/GLints/dict_16_192_64_0p5_0p02_0007_0004.uasset" 5064
"../../../Engine/Content/EngineMaterials/Substrate/GLints/dict_16_192_64_0p5_0p02_0007_0005.uasset" 5065
"../../../Engine/Content/EngineMaterials/Substrate/GLints/dict_16_192_64_0p5_0p02_0006_0010.uasset" 5066
"/Engine/EngineMaterials/Substrate/GLints/dict_16_192_64_0p5_0p02_0006_0005" 5067
"../../../Engine/Content/EngineMaterials/Substrate/GLints/dict_16_192_64_0p5_0p02_0007_0007.uasset" 5068
"../../../Engine/Content/EngineMaterials/Substrate/GLints/dict_16_192_64_0p5_0p02_0006_0013.uasset" 5069
"../../../Engine/Content/EngineMaterials/Substrate/GLints/dict_16_192_64_0p5_0p02_0007_0008.uasset" 5070
"../../../Engine/Content/EngineMaterials/Substrate/GLints/dict_16_192_64_0p5_0p02_0007_0010.uasset" 5071
"../../../Engine/Content/EngineMaterials/Substrate/GLints/dict_16_192_64_0p5_0p02_0006_0015.uasset" 5072
"../../../Engine/Content/EngineMaterials/Substrate/GLints/dict_16_192_64_0p5_0p02_0007_0014.uasset" 5073
"../../../Engine/Content/EngineMaterials/Substrate/GLints/dict_16_192_64_0p5_0p02_0006_0009.uasset" 5074
"../../../Engine/Content/EngineMaterials/Substrate/GLints/dict_16_192_64_0p5_0p02_0007_0013.uasset" 5075
"../../../Engine/Content/EngineMaterials/Substrate/GLints/dict_16_192_64_0p5_0p02_0006_0014.uasset" 5076
"../../../Engine/Content/EngineMaterials/Substrate/GLints/dict_16_192_64_0p5_0p02_0007_0011.uasset" 5077
"../../../Engine/Content/EngineMaterials/Substrate/GLints/dict_16_192_64_0p5_0p02_0007_0001.uasset" 5078
"../../../Engine/Content/EngineMaterials/Substrate/GLints/dict_16_192_64_0p5_0p02_0007_0012.uasset" 5079
"../../../Engine/Content/EngineMaterials/Substrate/GLints/dict_16_192_64_0p5_0p02_0007_0002.uasset" 5080
"/Engine/EngineMaterials/Substrate/GLints/dict_16_192_64_0p5_0p02_0006_0004" 5081
"../../../Engine/Content/EngineMaterials/Substrate/GLints/dict_16_192_64_0p5_0p02_0007_0003.uasset" 5082
"../../../Engine/Content/EngineMaterials/Substrate/GLints/dict_16_192_64_0p5_0p02_0007_0006.uasset" 5083
"../../../Engine/Content/EngineMaterials/Substrate/GLints/dict_16_192_64_0p5_0p02_0007_0000.uasset" 5084
"../../../Engine/Content/EngineMaterials/Substrate/GLints/dict_16_192_64_0p5_0p02_0007_0009.uasset" 5085
"/Engine/EngineMaterials/Substrate/GLints/dict_16_192_64_0p5_0p02_0006_0003" 5086
"/Engine/EngineMaterials/Substrate/GLints/dict_16_192_64_0p5_0p02_0006_0002" 5087
"/Engine/EngineMaterials/Substrate/GLints/dict_16_192_64_0p5_0p02_0006_0001" 5088
"/Engine/EngineMaterials/Substrate/GLints/dict_16_192_64_0p5_0p02_0006_0000" 5089
"/Engine/EngineMaterials/Substrate/GLints/dict_16_192_64_0p5_0p02_0005_0015" 5090
"/Engine/EngineMaterials/Substrate/GLints/dict_16_192_64_0p5_0p02_0007_0014" 5091
"../../../Engine/Content/EngineMaterials/Substrate/GLints/dict_16_192_64_0p5_0p02_0008_0000.uasset" 5092
"../../../Engine/Content/EngineMaterials/Substrate/GLints/dict_16_192_64_0p5_0p02_0007_0015.uasset" 5093
"../../../Engine/Content/EngineMaterials/Substrate/GLints/dict_16_192_64_0p5_0p02_0008_0001.uasset" 5094
"../../../Engine/Content/EngineMaterials/Substrate/GLints/dict_16_192_64_0p5_0p02_0008_0003.uasset" 5095
"/Engine/EngineMaterials/Substrate/GLints/dict_16_192_64_0p5_0p02_0007_0013" 5096
"../../../Engine/Content/EngineMaterials/Substrate/GLints/dict_16_192_64_0p5_0p02_0008_0002.uasset" 5097
"../../../Engine/Content/EngineMaterials/Substrate/GLints/dict_16_192_64_0p5_0p02_0008_0005.uasset" 5098
"../../../Engine/Content/EngineMaterials/Substrate/GLints/dict_16_192_64_0p5_0p02_0008_0004.uasset" 5099
"../../../Engine/Content/EngineMaterials/Substrate/GLints/dict_16_192_64_0p5_0p02_0008_0006.uasset" 5100
"/Engine/EngineMaterials/Substrate/GLints/dict_16_192_64_0p5_0p02_0007_0012" 5101
"/Engine/EngineMaterials/Substrate/GLints/dict_16_192_64_0p5_0p02_0007_0011" 5102
"/Engine/EngineMaterials/Substrate/GLints/dict_16_192_64_0p5_0p02_0007_0010" 5103
"/Engine/EngineMaterials/Substrate/GLints/dict_16_192_64_0p5_0p02_0007_0009" 5104
"/Engine/EngineMaterials/Substrate/GLints/dict_16_192_64_0p5_0p02_0007_0008" 5105
"/Engine/EngineMaterials/Substrate/GLints/dict_16_192_64_0p5_0p02_0007_0007" 5106
"/Engine/EngineMaterials/Substrate/GLints/dict_16_192_64_0p5_0p02_0007_0006" 5107
"/Engine/EngineMaterials/Substrate/GLints/dict_16_192_64_0p5_0p02_0007_0005" 5108
"/Engine/EngineMaterials/Substrate/GLints/dict_16_192_64_0p5_0p02_0007_0004" 5109
"/Engine/EngineMaterials/Substrate/GLints/dict_16_192_64_0p5_0p02_0007_0003" 5110
"/Engine/EngineMaterials/Substrate/GLints/dict_16_192_64_0p5_0p02_0007_0002" 5111
"/Engine/EngineMaterials/Substrate/GLints/dict_16_192_64_0p5_0p02_0007_0001" 5112
"/Engine/EngineMaterials/Substrate/GLints/dict_16_192_64_0p5_0p02_0007_0000" 5113
"/Engine/EngineMaterials/Substrate/GLints/dict_16_192_64_0p5_0p02_0006_0015" 5114
"/Engine/EngineMaterials/Substrate/GLints/dict_16_192_64_0p5_0p02_0006_0014" 5115
"/Engine/EngineMaterials/Substrate/GLints/dict_16_192_64_0p5_0p02_0006_0013" 5116
"/Engine/EngineMaterials/Substrate/GLints/dict_16_192_64_0p5_0p02_0006_0012" 5117
"/Engine/EngineMaterials/Substrate/GLints/dict_16_192_64_0p5_0p02_0006_0011" 5118
"/Engine/EngineMaterials/Substrate/GLints/dict_16_192_64_0p5_0p02_0006_0010" 5119
"/Engine/EngineMaterials/Substrate/GLints/dict_16_192_64_0p5_0p02_0006_0009" 5120
"/Engine/EngineMaterials/Substrate/GLints/dict_16_192_64_0p5_0p02_0006_0008" 5121
"/Engine/EngineMaterials/Substrate/GLints/dict_16_192_64_0p5_0p02_0006_0007" 5122
"/Engine/EngineMaterials/Substrate/GLints/dict_16_192_64_0p5_0p02_0008_0006" 5123
"../../../Engine/Content/EngineMaterials/Substrate/GLints/dict_16_192_64_0p5_0p02_0008_0009.uasset" 5124
"../../../Engine/Content/EngineMaterials/Substrate/GLints/dict_16_192_64_0p5_0p02_0008_0007.uasset" 5125
"../../../Engine/Content/EngineMaterials/Substrate/GLints/dict_16_192_64_0p5_0p02_0008_0012.uasset" 5126
"../../../Engine/Content/EngineMaterials/Substrate/GLints/dict_16_192_64_0p5_0p02_0008_0008.uasset" 5127
"/Engine/EngineMaterials/Substrate/GLints/dict_16_192_64_0p5_0p02_0008_0005" 5128
"../../../Engine/Content/EngineMaterials/Substrate/GLints/dict_16_192_64_0p5_0p02_0008_0010.uasset" 5129
"../../../Engine/Content/EngineMaterials/Substrate/GLints/dict_16_192_64_0p5_0p02_0009_0002.uasset" 5130
"../../../Engine/Content/EngineMaterials/Substrate/GLints/dict_16_192_64_0p5_0p02_0008_0013.uasset" 5131
"../../../Engine/Content/EngineMaterials/Substrate/GLints/dict_16_192_64_0p5_0p02_0008_0014.uasset" 5132
"../../../Engine/Content/EngineMaterials/Substrate/GLints/dict_16_192_64_0p5_0p02_0009_0001.uasset" 5133
"../../../Engine/Content/EngineMaterials/Substrate/GLints/dict_16_192_64_0p5_0p02_0008_0015.uasset" 5134
"/Engine/EngineMaterials/Substrate/GLints/dict_16_192_64_0p5_0p02_0008_0004" 5135
"../../../Engine/Content/EngineMaterials/Substrate/GLints/dict_16_192_64_0p5_0p02_0009_0007.uasset" 5136
"../../../Engine/Content/EngineMaterials/Substrate/GLints/dict_16_192_64_0p5_0p02_0009_0008.uasset" 5137
"../../../Engine/Content/EngineMaterials/Substrate/GLints/dict_16_192_64_0p5_0p02_0009_0010.uasset" 5138
"../../../Engine/Content/EngineMaterials/Substrate/GLints/dict_16_192_64_0p5_0p02_0009_0012.uasset" 5139
"../../../Engine/Content/EngineMaterials/Substrate/GLints/dict_16_192_64_0p5_0p02_0009_0006.uasset" 5140
"../../../Engine/Content/EngineMaterials/Substrate/GLints/dict_16_192_64_0p5_0p02_0009_0013.uasset" 5141
"../../../Engine/Content/EngineMaterials/Substrate/GLints/dict_16_192_64_0p5_0p02_0009_0005.uasset" 5142
"../../../Engine/Content/EngineMaterials/Substrate/GLints/dict_16_192_64_0p5_0p02_0008_0011.uasset" 5143
"../../../Engine/Content/EngineMaterials/Substrate/GLints/dict_16_192_64_0p5_0p02_0009_0011.uasset" 5144
"../../../Engine/Content/EngineMaterials/Substrate/GLints/dict_16_192_64_0p5_0p02_0009_0009.uasset" 5145
"../../../Engine/Content/EngineMaterials/Substrate/GLints/dict_16_192_64_0p5_0p02_0009_0003.uasset" 5146
"/Engine/EngineMaterials/Substrate/GLints/dict_16_192_64_0p5_0p02_0008_0003" 5147
"../../../Engine/Content/EngineMaterials/Substrate/GLints/dict_16_192_64_0p5_0p02_0009_0000.uasset" 5148
"../../../Engine/Content/EngineMaterials/Substrate/GLints/dict_16_192_64_0p5_0p02_0009_0004.uasset" 5149
"../../../Engine/Content/EngineMaterials/Substrate/GLints/dict_16_192_64_0p5_0p02_0009_0014.uasset" 5150
"/Engine/EngineMaterials/Substrate/GLints/dict_16_192_64_0p5_0p02_0008_0002" 5151
"/Engine/EngineMaterials/Substrate/GLints/dict_16_192_64_0p5_0p02_0008_0001" 5152
"/Engine/EngineMaterials/Substrate/GLints/dict_16_192_64_0p5_0p02_0008_0000" 5153
"/Engine/EngineMaterials/Substrate/GLints/dict_16_192_64_0p5_0p02_0007_0015" 5154
"/Engine/EngineMaterials/Substrate/GLints/dict_16_192_64_0p5_0p02_0009_0014" 5155
"../../../Engine/Content/EngineMaterials/Substrate/GLints/dict_16_192_64_0p5_0p02_0010_0000.uasset" 5156
"../../../Engine/Content/EngineMaterials/Substrate/GLints/dict_16_192_64_0p5_0p02_0009_0015.uasset" 5157
"../../../Engine/Content/EngineMaterials/Substrate/GLints/dict_16_192_64_0p5_0p02_0010_0001.uasset" 5158
"../../../Engine/Content/EngineMaterials/Substrate/GLints/dict_16_192_64_0p5_0p02_0010_0003.uasset" 5159
"../../../Engine/Content/EngineMaterials/Substrate/GLints/dict_16_192_64_0p5_0p02_0010_0004.uasset" 5160
"../../../Engine/Content/EngineMaterials/Substrate/GLints/dict_16_192_64_0p5_0p02_0010_0002.uasset" 5161
"../../../Engine/Content/EngineMaterials/Substrate/GLints/dict_16_192_64_0p5_0p02_0010_0006.uasset" 5162
"/Engine/EngineMaterials/Substrate/GLints/dict_16_192_64_0p5_0p02_0009_0013" 5163
"../../../Engine/Content/EngineMaterials/Substrate/GLints/dict_16_192_64_0p5_0p02_0010_0005.uasset" 5164
"/Engine/EngineMaterials/Substrate/GLints/dict_16_192_64_0p5_0p02_0009_0012" 5165
"/Engine/EngineMaterials/Substrate/GLints/dict_16_192_64_0p5_0p02_0009_0011" 5166
"/Engine/EngineMaterials/Substrate/GLints/dict_16_192_64_0p5_0p02_0009_0010" 5167
"/Engine/EngineMaterials/Substrate/GLints/dict_16_192_64_0p5_0p02_0009_0009" 5168
"/Engine/EngineMaterials/Substrate/GLints/dict_16_192_64_0p5_0p02_0009_0008" 5169
"/Engine/EngineMaterials/Substrate/GLints/dict_16_192_64_0p5_0p02_0009_0007" 5170
"/Engine/EngineMaterials/Substrate/GLints/dict_16_192_64_0p5_0p02_0009_0006" 5171
"/Engine/EngineMaterials/Substrate/GLints/dict_16_192_64_0p5_0p02_0009_0005" 5172
"/Engine/EngineMaterials/Substrate/GLints/dict_16_192_64_0p5_0p02_0009_0004" 5173
"/Engine/EngineMaterials/Substrate/GLints/dict_16_192_64_0p5_0p02_0009_0003" 5174
"/Engine/EngineMaterials/Substrate/GLints/dict_16_192_64_0p5_0p02_0009_0002" 5175
"/Engine/EngineMaterials/Substrate/GLints/dict_16_192_64_0p5_0p02_0009_0001" 5176
"/Engine/EngineMaterials/Substrate/GLints/dict_16_192_64_0p5_0p02_0009_0000" 5177
"/Engine/EngineMaterials/Substrate/GLints/dict_16_192_64_0p5_0p02_0008_0015" 5178
"/Engine/EngineMaterials/Substrate/GLints/dict_16_192_64_0p5_0p02_0008_0014" 5179
"/Engine/EngineMaterials/Substrate/GLints/dict_16_192_64_0p5_0p02_0008_0013" 5180
"/Engine/EngineMaterials/Substrate/GLints/dict_16_192_64_0p5_0p02_0008_0012" 5181
"/Engine/EngineMaterials/Substrate/GLints/dict_16_192_64_0p5_0p02_0008_0011" 5182
"/Engine/EngineMaterials/Substrate/GLints/dict_16_192_64_0p5_0p02_0008_0010" 5183
"/Engine/EngineMaterials/Substrate/GLints/dict_16_192_64_0p5_0p02_0008_0009" 5184
"/Engine/EngineMaterials/Substrate/GLints/dict_16_192_64_0p5_0p02_0008_0008" 5185
"/Engine/EngineMaterials/Substrate/GLints/dict_16_192_64_0p5_0p02_0008_0007" 5186
"/Engine/EngineMaterials/Substrate/GLints/dict_16_192_64_0p5_0p02_0010_0006" 5187
"../../../Engine/Content/EngineMaterials/Substrate/GLints/dict_16_192_64_0p5_0p02_0010_0011.uasset" 5188
"../../../Engine/Content/EngineMaterials/Substrate/GLints/dict_16_192_64_0p5_0p02_0010_0012.uasset" 5189
"../../../Engine/Content/EngineMaterials/Substrate/GLints/dict_16_192_64_0p5_0p02_0010_0008.uasset" 5190
"../../../Engine/Content/EngineMaterials/Substrate/GLints/dict_16_192_64_0p5_0p02_0010_0013.uasset" 5191
"../../../Engine/Content/EngineMaterials/Substrate/GLints/dict_16_192_64_0p5_0p02_0010_0007.uasset" 5192
"/Engine/EngineMaterials/Substrate/GLints/dict_16_192_64_0p5_0p02_0010_0005" 5193
"../../../Engine/Content/EngineMaterials/Substrate/GLints/dict_16_192_64_0p5_0p02_0011_0008.uasset" 5194
"../../../Engine/Content/EngineMaterials/Substrate/GLints/dict_16_192_64_0p5_0p02_0011_0000.uasset" 5195
"../../../Engine/Content/EngineMaterials/Substrate/GLints/dict_16_192_64_0p5_0p02_0011_0003.uasset" 5196
"../../../Engine/Content/EngineMaterials/Substrate/GLints/dict_16_192_64_0p5_0p02_0010_0009.uasset" 5197
"../../../Engine/Content/EngineMaterials/Substrate/GLints/dict_16_192_64_0p5_0p02_0011_0007.uasset" 5198
"../../../Engine/Content/EngineMaterials/Substrate/GLints/dict_16_192_64_0p5_0p02_0010_0010.uasset" 5199
"../../../Engine/Content/EngineMaterials/Substrate/GLints/dict_16_192_64_0p5_0p02_0011_0002.uasset" 5200
"../../../Engine/Content/EngineMaterials/Substrate/GLints/dict_16_192_64_0p5_0p02_0011_0001.uasset" 5201
"../../../Engine/Content/EngineMaterials/Substrate/GLints/dict_16_192_64_0p5_0p02_0011_0005.uasset" 5202
"../../../Engine/Content/EngineMaterials/Substrate/GLints/dict_16_192_64_0p5_0p02_0010_0015.uasset" 5203
"../../../Engine/Content/EngineMaterials/Substrate/GLints/dict_16_192_64_0p5_0p02_0011_0009.uasset" 5204
"../../../Engine/Content/EngineMaterials/Substrate/GLints/dict_16_192_64_0p5_0p02_0011_0004.uasset" 5205
"../../../Engine/Content/EngineMaterials/Substrate/GLints/dict_16_192_64_0p5_0p02_0011_0013.uasset" 5206
"../../../Engine/Content/EngineMaterials/Substrate/GLints/dict_16_192_64_0p5_0p02_0011_0006.uasset" 5207
"../../../Engine/Content/EngineMaterials/Substrate/GLints/dict_16_192_64_0p5_0p02_0011_0010.uasset" 5208
"/Engine/EngineMaterials/Substrate/GLints/dict_16_192_64_0p5_0p02_0010_0004" 5209
"../../../Engine/Content/EngineMaterials/Substrate/GLints/dict_16_192_64_0p5_0p02_0011_0012.uasset" 5210
"../../../Engine/Content/EngineMaterials/Substrate/GLints/dict_16_192_64_0p5_0p02_0011_0011.uasset" 5211
"../../../Engine/Content/EngineMaterials/Substrate/GLints/dict_16_192_64_0p5_0p02_0010_0014.uasset" 5212
"../../../Engine/Content/EngineMaterials/Substrate/GLints/dict_16_192_64_0p5_0p02_0011_0014.uasset" 5213
"/Engine/EngineMaterials/Substrate/GLints/dict_16_192_64_0p5_0p02_0010_0003" 5214
"/Engine/EngineMaterials/Substrate/GLints/dict_16_192_64_0p5_0p02_0010_0002" 5215
"/Engine/EngineMaterials/Substrate/GLints/dict_16_192_64_0p5_0p02_0010_0001" 5216
"/Engine/EngineMaterials/Substrate/GLints/dict_16_192_64_0p5_0p02_0010_0000" 5217
"/Engine/EngineMaterials/Substrate/GLints/dict_16_192_64_0p5_0p02_0009_0015" 5218
"/Engine/EngineMaterials/Substrate/GLints/dict_16_192_64_0p5_0p02_0011_0014" 5219
"../../../Engine/Content/EngineMaterials/Substrate/GLints/dict_16_192_64_0p5_0p02_0011_0015.uasset" 5220
"../../../Engine/Content/EngineMaterials/Substrate/GLints/dict_16_192_64_0p5_0p02_0012_0003.uasset" 5221
"../../../Engine/Content/EngineMaterials/Substrate/GLints/dict_16_192_64_0p5_0p02_0012_0001.uasset" 5222
"../../../Engine/Content/EngineMaterials/Substrate/GLints/dict_16_192_64_0p5_0p02_0012_0000.uasset" 5223
"../../../Engine/Content/EngineMaterials/Substrate/GLints/dict_16_192_64_0p5_0p02_0012_0005.uasset" 5224
"../../../Engine/Content/EngineMaterials/Substrate/GLints/dict_16_192_64_0p5_0p02_0012_0004.uasset" 5225
"/Engine/EngineMaterials/Substrate/GLints/dict_16_192_64_0p5_0p02_0011_0013" 5226
"../../../Engine/Content/EngineMaterials/Substrate/GLints/dict_16_192_64_0p5_0p02_0012_0002.uasset" 5227
"../../../Engine/Content/EngineMaterials/Substrate/GLints/dict_16_192_64_0p5_0p02_0012_0006.uasset" 5228
"/Engine/EngineMaterials/Substrate/GLints/dict_16_192_64_0p5_0p02_0011_0012" 5229
"/Engine/EngineMaterials/Substrate/GLints/dict_16_192_64_0p5_0p02_0011_0011" 5230
"/Engine/EngineMaterials/Substrate/GLints/dict_16_192_64_0p5_0p02_0011_0010" 5231
"/Engine/EngineMaterials/Substrate/GLints/dict_16_192_64_0p5_0p02_0011_0009" 5232
"/Engine/EngineMaterials/Substrate/GLints/dict_16_192_64_0p5_0p02_0011_0008" 5233
"/Engine/EngineMaterials/Substrate/GLints/dict_16_192_64_0p5_0p02_0011_0007" 5234
"/Engine/EngineMaterials/Substrate/GLints/dict_16_192_64_0p5_0p02_0011_0006" 5235
"/Engine/EngineMaterials/Substrate/GLints/dict_16_192_64_0p5_0p02_0011_0005" 5236
"/Engine/EngineMaterials/Substrate/GLints/dict_16_192_64_0p5_0p02_0011_0004" 5237
"/Engine/EngineMaterials/Substrate/GLints/dict_16_192_64_0p5_0p02_0011_0003" 5238
"/Engine/EngineMaterials/Substrate/GLints/dict_16_192_64_0p5_0p02_0011_0002" 5239
"/Engine/EngineMaterials/Substrate/GLints/dict_16_192_64_0p5_0p02_0011_0001" 5240
"/Engine/EngineMaterials/Substrate/GLints/dict_16_192_64_0p5_0p02_0011_0000" 5241
"/Engine/EngineMaterials/Substrate/GLints/dict_16_192_64_0p5_0p02_0010_0015" 5242
"/Engine/EngineMaterials/Substrate/GLints/dict_16_192_64_0p5_0p02_0010_0014" 5243
"/Engine/EngineMaterials/Substrate/GLints/dict_16_192_64_0p5_0p02_0010_0013" 5244
"/Engine/EngineMaterials/Substrate/GLints/dict_16_192_64_0p5_0p02_0010_0012" 5245
"/Engine/EngineMaterials/Substrate/GLints/dict_16_192_64_0p5_0p02_0010_0011" 5246
"/Engine/EngineMaterials/Substrate/GLints/dict_16_192_64_0p5_0p02_0010_0010" 5247
"/Engine/EngineMaterials/Substrate/GLints/dict_16_192_64_0p5_0p02_0010_0009" 5248
"/Engine/EngineMaterials/Substrate/GLints/dict_16_192_64_0p5_0p02_0010_0008" 5249
"/Engine/EngineMaterials/Substrate/GLints/dict_16_192_64_0p5_0p02_0010_0007" 5250
"/Engine/EngineMaterials/Substrate/GLints/dict_16_192_64_0p5_0p02_0012_0006" 5251
"../../../Engine/Content/EngineMaterials/Substrate/GLints/dict_16_192_64_0p5_0p02_0012_0009.uasset" 5252
"/Engine/EngineMaterials/Substrate/GLints/dict_16_192_64_0p5_0p02_0012_0005" 5253
"../../../Engine/Content/EngineMaterials/Substrate/GLints/dict_16_192_64_0p5_0p02_0012_0007.uasset" 5254
"../../../Engine/Content/EngineMaterials/Substrate/GLints/dict_16_192_64_0p5_0p02_0013_0003.uasset" 5255
"../../../Engine/Content/EngineMaterials/Substrate/GLints/dict_16_192_64_0p5_0p02_0013_0006.uasset" 5256
"../../../Engine/Content/EngineMaterials/Substrate/GLints/dict_16_192_64_0p5_0p02_0012_0014.uasset" 5257
"../../../Engine/Content/EngineMaterials/Substrate/GLints/dict_16_192_64_0p5_0p02_0012_0011.uasset" 5258
"../../../Engine/Content/EngineMaterials/Substrate/GLints/dict_16_192_64_0p5_0p02_0012_0008.uasset" 5259
"/Engine/EngineMaterials/Substrate/GLints/dict_16_192_64_0p5_0p02_0012_0004" 5260
"../../../Engine/Content/EngineMaterials/Substrate/GLints/dict_16_192_64_0p5_0p02_0012_0012.uasset" 5261
"../../../Engine/Content/EngineMaterials/Substrate/GLints/dict_16_192_64_0p5_0p02_0013_0005.uasset" 5262
"../../../Engine/Content/EngineMaterials/Substrate/GLints/dict_16_192_64_0p5_0p02_0012_0010.uasset" 5263
"../../../Engine/Content/EngineMaterials/Substrate/GLints/dict_16_192_64_0p5_0p02_0013_0004.uasset" 5264
"../../../Engine/Content/EngineMaterials/Substrate/GLints/dict_16_192_64_0p5_0p02_0013_0001.uasset" 5265
"../../../Engine/Content/EngineMaterials/Substrate/GLints/dict_16_192_64_0p5_0p02_0013_0000.uasset" 5266
"../../../Engine/Content/EngineMaterials/Substrate/GLints/dict_16_192_64_0p5_0p02_0012_0015.uasset" 5267
"../../../Engine/Content/EngineMaterials/Substrate/GLints/dict_16_192_64_0p5_0p02_0012_0013.uasset" 5268
"../../../Engine/Content/EngineMaterials/Substrate/GLints/dict_16_192_64_0p5_0p02_0013_0002.uasset" 5269
"../../../Engine/Content/EngineMaterials/Substrate/GLints/dict_16_192_64_0p5_0p02_0013_0014.uasset" 5270
"../../../Engine/Content/EngineMaterials/Substrate/GLints/dict_16_192_64_0p5_0p02_0013_0009.uasset" 5271
"../../../Engine/Content/EngineMaterials/Substrate/GLints/dict_16_192_64_0p5_0p02_0013_0007.uasset" 5272
"../../../Engine/Content/EngineMaterials/Substrate/GLints/dict_16_192_64_0p5_0p02_0013_0013.uasset" 5273
"../../../Engine/Content/EngineMaterials/Substrate/GLints/dict_16_192_64_0p5_0p02_0013_0008.uasset" 5274
"../../../Engine/Content/EngineMaterials/Substrate/GLints/dict_16_192_64_0p5_0p02_0013_0012.uasset" 5275
"../../../Engine/Content/EngineMaterials/Substrate/GLints/dict_16_192_64_0p5_0p02_0013_0010.uasset" 5276
"/Engine/EngineMaterials/Substrate/GLints/dict_16_192_64_0p5_0p02_0012_0003" 5277
"../../../Engine/Content/EngineMaterials/Substrate/GLints/dict_16_192_64_0p5_0p02_0013_0011.uasset" 5278
"/Engine/EngineMaterials/Substrate/GLints/dict_16_192_64_0p5_0p02_0012_0002" 5279
"/Engine/EngineMaterials/Substrate/GLints/dict_16_192_64_0p5_0p02_0012_0001" 5280
"/Engine/EngineMaterials/Substrate/GLints/dict_16_192_64_0p5_0p02_0012_0000" 5281
"/Engine/EngineMaterials/Substrate/GLints/dict_16_192_64_0p5_0p02_0011_0015" 5282
"/Engine/EngineMaterials/Substrate/GLints/dict_16_192_64_0p5_0p02_0013_0014" 5283
"../../../Engine/Content/EngineMaterials/Substrate/GLints/dict_16_192_64_0p5_0p02_0014_0002.uasset" 5284
"../../../Engine/Content/EngineMaterials/Substrate/GLints/dict_16_192_64_0p5_0p02_0014_0005.uasset" 5285
"../../../Engine/Content/EngineMaterials/Substrate/GLints/dict_16_192_64_0p5_0p02_0014_0001.uasset" 5286
"../../../Engine/Content/EngineMaterials/Substrate/GLints/dict_16_192_64_0p5_0p02_0014_0003.uasset" 5287
"../../../Engine/Content/EngineMaterials/Substrate/GLints/dict_16_192_64_0p5_0p02_0014_0000.uasset" 5288
"/Engine/EngineMaterials/Substrate/GLints/dict_16_192_64_0p5_0p02_0013_0013" 5289
"../../../Engine/Content/EngineMaterials/Substrate/GLints/dict_16_192_64_0p5_0p02_0014_0004.uasset" 5290
"../../../Engine/Content/EngineMaterials/Substrate/GLints/dict_16_192_64_0p5_0p02_0014_0006.uasset" 5291
"../../../Engine/Content/EngineMaterials/Substrate/GLints/dict_16_192_64_0p5_0p02_0013_0015.uasset" 5292
"/Engine/EngineMaterials/Substrate/GLints/dict_16_192_64_0p5_0p02_0013_0012" 5293
"/Engine/EngineMaterials/Substrate/GLints/dict_16_192_64_0p5_0p02_0013_0011" 5294
"/Engine/EngineMaterials/Substrate/GLints/dict_16_192_64_0p5_0p02_0013_0010" 5295
"/Engine/EngineMaterials/Substrate/GLints/dict_16_192_64_0p5_0p02_0013_0009" 5296
"/Engine/EngineMaterials/Substrate/GLints/dict_16_192_64_0p5_0p02_0013_0008" 5297
"/Engine/EngineMaterials/Substrate/GLints/dict_16_192_64_0p5_0p02_0013_0007" 5298
"/Engine/EngineMaterials/Substrate/GLints/dict_16_192_64_0p5_0p02_0013_0006" 5299
"/Engine/EngineMaterials/Substrate/GLints/dict_16_192_64_0p5_0p02_0013_0005" 5300
"/Engine/EngineMaterials/Substrate/GLints/dict_16_192_64_0p5_0p02_0013_0004" 5301
"/Engine/EngineMaterials/Substrate/GLints/dict_16_192_64_0p5_0p02_0013_0003" 5302
"/Engine/EngineMaterials/Substrate/GLints/dict_16_192_64_0p5_0p02_0013_0002" 5303
"/Engine/EngineMaterials/Substrate/GLints/dict_16_192_64_0p5_0p02_0013_0001" 5304
"/Engine/EngineMaterials/Substrate/GLints/dict_16_192_64_0p5_0p02_0013_0000" 5305
"/Engine/EngineMaterials/Substrate/GLints/dict_16_192_64_0p5_0p02_0012_0015" 5306
"/Engine/EngineMaterials/Substrate/GLints/dict_16_192_64_0p5_0p02_0012_0014" 5307
"/Engine/EngineMaterials/Substrate/GLints/dict_16_192_64_0p5_0p02_0012_0013" 5308
"/Engine/EngineMaterials/Substrate/GLints/dict_16_192_64_0p5_0p02_0012_0012" 5309
"/Engine/EngineMaterials/Substrate/GLints/dict_16_192_64_0p5_0p02_0012_0011" 5310
"/Engine/EngineMaterials/Substrate/GLints/dict_16_192_64_0p5_0p02_0012_0010" 5311
"/Engine/EngineMaterials/Substrate/GLints/dict_16_192_64_0p5_0p02_0012_0009" 5312
"/Engine/EngineMaterials/Substrate/GLints/dict_16_192_64_0p5_0p02_0012_0008" 5313
"/Engine/EngineMaterials/Substrate/GLints/dict_16_192_64_0p5_0p02_0012_0007" 5314
"/Engine/EngineMaterials/Substrate/GLints/dict_16_192_64_0p5_0p02_0014_0006" 5315
"../../../Engine/Content/EngineMaterials/Substrate/GLints/dict_16_192_64_0p5_0p02_0014_0007.uasset" 5316
"../../../Engine/Content/EngineMaterials/Substrate/GLints/dict_16_192_64_0p5_0p02_0014_0009.uasset" 5317
"../../../Engine/Content/EngineMaterials/Substrate/GLints/dict_16_192_64_0p5_0p02_0014_0008.uasset" 5318
"../../../Engine/Content/EngineMaterials/Substrate/GLints/dict_16_192_64_0p5_0p02_0015_0001.uasset" 5319
"../../../Engine/Content/EngineMaterials/Substrate/GLints/dict_16_192_64_0p5_0p02_0015_0000.uasset" 5320
"/Engine/EngineMaterials/Substrate/GLints/dict_16_192_64_0p5_0p02_0014_0005" 5321
"../../../Engine/Content/EngineMaterials/Substrate/GLints/dict_16_192_64_0p5_0p02_0014_0013.uasset" 5322
"../../../Engine/Content/EngineMaterials/Substrate/GLints/dict_16_192_64_0p5_0p02_0014_0011.uasset" 5323
"../../../Engine/Content/EngineMaterials/Substrate/GLints/dict_16_192_64_0p5_0p02_0014_0012.uasset" 5324
"../../../Engine/Content/EngineMaterials/Substrate/GLints/dict_16_192_64_0p5_0p02_0014_0010.uasset" 5325
"../../../Engine/Content/EngineMaterials/Substrate/GLints/dict_16_192_64_0p5_0p02_0015_0003.uasset" 5326
"/Engine/EngineMaterials/Substrate/GLints/dict_16_192_64_0p5_0p02_0014_0004" 5327
"../../../Engine/Content/EngineMaterials/Substrate/GLints/dict_16_192_64_0p5_0p02_0015_0004.uasset" 5328
"../../../Engine/Content/EngineMaterials/Substrate/GLints/dict_16_192_64_0p5_0p02_0015_0005.uasset" 5329
"../../../Engine/Content/EngineMaterials/Substrate/GLints/dict_16_192_64_0p5_0p02_0014_0014.uasset" 5330
"../../../Engine/Content/EngineMaterials/Substrate/GLints/dict_16_192_64_0p5_0p02_0015_0012.uasset" 5331
"../../../Engine/Content/EngineMaterials/Substrate/GLints/dict_16_192_64_0p5_0p02_0015_0008.uasset" 5332
"../../../Engine/Content/EngineMaterials/Substrate/GLints/dict_16_192_64_0p5_0p02_0015_0009.uasset" 5333
"../../../Engine/Content/EngineMaterials/Substrate/GLints/dict_16_192_64_0p5_0p02_0015_0014.uasset" 5334
"../../../Engine/Content/EngineMaterials/Substrate/GLints/dict_16_192_64_0p5_0p02_0014_0015.uasset" 5335
"../../../Engine/Content/EngineMaterials/Substrate/GLints/dict_16_192_64_0p5_0p02_0015_0006.uasset" 5336
"../../../Engine/Content/EngineMaterials/Substrate/GLints/dict_16_192_64_0p5_0p02_0015_0010.uasset" 5337
"../../../Engine/Content/EngineMaterials/Substrate/GLints/dict_16_192_64_0p5_0p02_0015_0002.uasset" 5338
"../../../Engine/Content/EngineMaterials/Substrate/GLints/dict_16_192_64_0p5_0p02_0015_0007.uasset" 5339
"../../../Engine/Content/EngineMaterials/Substrate/GLints/dict_16_192_64_0p5_0p02_0015_0011.uasset" 5340
"../../../Engine/Content/EngineMaterials/Substrate/GLints/dict_16_192_64_0p5_0p02_0015_0013.uasset" 5341
"/Engine/EngineMaterials/Substrate/GLints/dict_16_192_64_0p5_0p02_0014_0003" 5342
"/Engine/EngineMaterials/Substrate/GLints/dict_16_192_64_0p5_0p02_0014_0002" 5343
"/Engine/EngineMaterials/Substrate/GLints/dict_16_192_64_0p5_0p02_0014_0001" 5344
"/Engine/EngineMaterials/Substrate/GLints/dict_16_192_64_0p5_0p02_0014_0000" 5345
"/Engine/EngineMaterials/Substrate/GLints/dict_16_192_64_0p5_0p02_0013_0015" 5346
"/Engine/EngineMaterials/Substrate/GLints/dict_16_192_64_0p5_0p02_0015_0014" 5347
"../../../Engine/Content/EngineMaterials/Substrate/GLints/dict_16_192_64_0p5_0p02_0016_0002.uasset" 5348
"../../../Engine/Content/EngineMaterials/Substrate/GLints/dict_16_192_64_0p5_0p02_0016_0000.uasset" 5349
"../../../Engine/Content/EngineMaterials/Substrate/GLints/dict_16_192_64_0p5_0p02_0016_0001.uasset" 5350
"../../../Engine/Content/EngineMaterials/Substrate/GLints/dict_16_192_64_0p5_0p02_0016_0004.uasset" 5351
"../../../Engine/Content/EngineMaterials/Substrate/GLints/dict_16_192_64_0p5_0p02_0016_0006.uasset" 5352
"/Engine/EngineMaterials/Substrate/GLints/dict_16_192_64_0p5_0p02_0015_0013" 5353
"../../../Engine/Content/EngineMaterials/Substrate/GLints/dict_16_192_64_0p5_0p02_0015_0015.uasset" 5354
"../../../Engine/Content/EngineMaterials/Substrate/GLints/dict_16_192_64_0p5_0p02_0016_0005.uasset" 5355
"../../../Engine/Content/EngineMaterials/Substrate/GLints/dict_16_192_64_0p5_0p02_0016_0003.uasset" 5356
"/Engine/EngineMaterials/Substrate/GLints/dict_16_192_64_0p5_0p02_0015_0012" 5357
"/Engine/EngineMaterials/Substrate/GLints/dict_16_192_64_0p5_0p02_0015_0011" 5358
"/Engine/EngineMaterials/Substrate/GLints/dict_16_192_64_0p5_0p02_0015_0010" 5359
"/Engine/EngineMaterials/Substrate/GLints/dict_16_192_64_0p5_0p02_0015_0009" 5360
"/Engine/EngineMaterials/Substrate/GLints/dict_16_192_64_0p5_0p02_0015_0008" 5361
"/Engine/EngineMaterials/Substrate/GLints/dict_16_192_64_0p5_0p02_0015_0007" 5362
"/Engine/EngineMaterials/Substrate/GLints/dict_16_192_64_0p5_0p02_0015_0006" 5363
"/Engine/EngineMaterials/Substrate/GLints/dict_16_192_64_0p5_0p02_0015_0005" 5364
"/Engine/EngineMaterials/Substrate/GLints/dict_16_192_64_0p5_0p02_0015_0004" 5365
"/Engine/EngineMaterials/Substrate/GLints/dict_16_192_64_0p5_0p02_0015_0003" 5366
"/Engine/EngineMaterials/Substrate/GLints/dict_16_192_64_0p5_0p02_0015_0002" 5367
"/Engine/EngineMaterials/Substrate/GLints/dict_16_192_64_0p5_0p02_0015_0001" 5368
"/Engine/EngineMaterials/Substrate/GLints/dict_16_192_64_0p5_0p02_0015_0000" 5369
"/Engine/EngineMaterials/Substrate/GLints/dict_16_192_64_0p5_0p02_0014_0015" 5370
"/Engine/EngineMaterials/Substrate/GLints/dict_16_192_64_0p5_0p02_0014_0014" 5371
"/Engine/EngineMaterials/Substrate/GLints/dict_16_192_64_0p5_0p02_0014_0013" 5372
"/Engine/EngineMaterials/Substrate/GLints/dict_16_192_64_0p5_0p02_0014_0012" 5373
"/Engine/EngineMaterials/Substrate/GLints/dict_16_192_64_0p5_0p02_0014_0011" 5374
"/Engine/EngineMaterials/Substrate/GLints/dict_16_192_64_0p5_0p02_0014_0010" 5375
"/Engine/EngineMaterials/Substrate/GLints/dict_16_192_64_0p5_0p02_0014_0009" 5376
"/Engine/EngineMaterials/Substrate/GLints/dict_16_192_64_0p5_0p02_0014_0008" 5377
"/Engine/EngineMaterials/Substrate/GLints/dict_16_192_64_0p5_0p02_0014_0007" 5378
"/Engine/EngineMaterials/Substrate/GLints/dict_16_192_64_0p5_0p02_0016_0006" 5379
"../../../Engine/Content/EngineMaterials/Substrate/GLints/dict_16_192_64_0p5_0p02_0016_0010.uasset" 5380
"../../../Engine/Content/EngineMaterials/Substrate/GLints/dict_16_192_64_0p5_0p02_0016_0008.uasset" 5381
"/Engine/EngineMaterials/Substrate/GLints/dict_16_192_64_0p5_0p02_0016_0005" 5382
"../../../Engine/Content/EngineMaterials/Substrate/GLints/dict_16_192_64_0p5_0p02_0016_0012.uasset" 5383
"../../../Engine/Content/EngineMaterials/Substrate/GLints/dict_16_192_64_0p5_0p02_0017_0000.uasset" 5384
"../../../Engine/Content/EngineMaterials/Substrate/GLints/dict_16_192_64_0p5_0p02_0016_0007.uasset" 5385
"../../../Engine/Content/EngineMaterials/Substrate/GLints/dict_16_192_64_0p5_0p02_0016_0014.uasset" 5386
"../../../Engine/Content/EngineMaterials/Substrate/GLints/dict_16_192_64_0p5_0p02_0016_0011.uasset" 5387
"/Engine/EngineMaterials/Substrate/GLints/dict_16_192_64_0p5_0p02_0016_0004" 5388
"../../../Engine/Content/EngineMaterials/Substrate/GLints/dict_16_192_64_0p5_0p02_0016_0015.uasset" 5389
"../../../Engine/Content/EngineMaterials/Substrate/GLints/dict_16_192_64_0p5_0p02_0017_0001.uasset" 5390
"../../../Engine/Content/EngineMaterials/Substrate/GLints/dict_16_192_64_0p5_0p02_0016_0013.uasset" 5391
"../../../Engine/Content/EngineMaterials/Substrate/GLints/dict_16_192_64_0p5_0p02_0017_0002.uasset" 5392
"../../../Engine/Content/EngineMaterials/Substrate/GLints/dict_16_192_64_0p5_0p02_0017_0007.uasset" 5393
"../../../Engine/Content/EngineMaterials/Substrate/GLints/dict_16_192_64_0p5_0p02_0017_0005.uasset" 5394
"../../../Engine/Content/EngineMaterials/Substrate/GLints/dict_16_192_64_0p5_0p02_0017_0006.uasset" 5395
"../../../Engine/Content/EngineMaterials/Substrate/GLints/dict_16_192_64_0p5_0p02_0017_0004.uasset" 5396
"../../../Engine/Content/EngineMaterials/Substrate/GLints/dict_16_192_64_0p5_0p02_0016_0009.uasset" 5397
"../../../Engine/Content/EngineMaterials/Substrate/GLints/dict_16_192_64_0p5_0p02_0017_0008.uasset" 5398
"../../../Engine/Content/EngineMaterials/Substrate/GLints/dict_16_192_64_0p5_0p02_0017_0011.uasset" 5399
"../../../Engine/Content/EngineMaterials/Substrate/GLints/dict_16_192_64_0p5_0p02_0017_0009.uasset" 5400
"/Engine/EngineMaterials/Substrate/GLints/dict_16_192_64_0p5_0p02_0016_0003" 5401
"../../../Engine/Content/EngineMaterials/Substrate/GLints/dict_16_192_64_0p5_0p02_0017_0003.uasset" 5402
"../../../Engine/Content/EngineMaterials/Substrate/GLints/dict_16_192_64_0p5_0p02_0017_0014.uasset" 5403
"../../../Engine/Content/EngineMaterials/Substrate/GLints/dict_16_192_64_0p5_0p02_0017_0013.uasset" 5404
"../../../Engine/Content/EngineMaterials/Substrate/GLints/dict_16_192_64_0p5_0p02_0017_0010.uasset" 5405
"../../../Engine/Content/EngineMaterials/Substrate/GLints/dict_16_192_64_0p5_0p02_0017_0012.uasset" 5406
"/Engine/EngineMaterials/Substrate/GLints/dict_16_192_64_0p5_0p02_0016_0002" 5407
"/Engine/EngineMaterials/Substrate/GLints/dict_16_192_64_0p5_0p02_0016_0001" 5408
"/Engine/EngineMaterials/Substrate/GLints/dict_16_192_64_0p5_0p02_0016_0000" 5409
"/Engine/EngineMaterials/Substrate/GLints/dict_16_192_64_0p5_0p02_0015_0015" 5410
"/Engine/EngineMaterials/Substrate/GLints/dict_16_192_64_0p5_0p02_0017_0014" 5411
"../../../Engine/Content/EngineMaterials/Substrate/GLints/dict_16_192_64_0p5_0p02_0017_0015.uasset" 5412
"../../../Engine/Content/EngineMaterials/Substrate/GLints/dict_16_192_64_0p5_0p02_0018_0000.uasset" 5413
"../../../Engine/Content/EngineMaterials/Substrate/GLints/dict_16_192_64_0p5_0p02_0018_0001.uasset" 5414
"../../../Engine/Content/EngineMaterials/Substrate/GLints/dict_16_192_64_0p5_0p02_0018_0005.uasset" 5415
"/Engine/EngineMaterials/Substrate/GLints/dict_16_192_64_0p5_0p02_0017_0013" 5416
"../../../Engine/Content/EngineMaterials/Substrate/GLints/dict_16_192_64_0p5_0p02_0018_0004.uasset" 5417
"../../../Engine/Content/EngineMaterials/Substrate/GLints/dict_16_192_64_0p5_0p02_0018_0003.uasset" 5418
"../../../Engine/Content/EngineMaterials/Substrate/GLints/dict_16_192_64_0p5_0p02_0018_0002.uasset" 5419
"../../../Engine/Content/EngineMaterials/Substrate/GLints/dict_16_192_64_0p5_0p02_0018_0006.uasset" 5420
"/Engine/EngineMaterials/Substrate/GLints/dict_16_192_64_0p5_0p02_0017_0012" 5421
"/Engine/EngineMaterials/Substrate/GLints/dict_16_192_64_0p5_0p02_0017_0011" 5422
"/Engine/EngineMaterials/Substrate/GLints/dict_16_192_64_0p5_0p02_0017_0010" 5423
"/Engine/EngineMaterials/Substrate/GLints/dict_16_192_64_0p5_0p02_0017_0009" 5424
"/Engine/EngineMaterials/Substrate/GLints/dict_16_192_64_0p5_0p02_0017_0008" 5425
"/Engine/EngineMaterials/Substrate/GLints/dict_16_192_64_0p5_0p02_0017_0007" 5426
"/Engine/EngineMaterials/Substrate/GLints/dict_16_192_64_0p5_0p02_0017_0006" 5427
"/Engine/EngineMaterials/Substrate/GLints/dict_16_192_64_0p5_0p02_0017_0005" 5428
"/Engine/EngineMaterials/Substrate/GLints/dict_16_192_64_0p5_0p02_0017_0004" 5429
"/Engine/EngineMaterials/Substrate/GLints/dict_16_192_64_0p5_0p02_0017_0003" 5430
"/Engine/EngineMaterials/Substrate/GLints/dict_16_192_64_0p5_0p02_0017_0002" 5431
"/Engine/EngineMaterials/Substrate/GLints/dict_16_192_64_0p5_0p02_0017_0001" 5432
"/Engine/EngineMaterials/Substrate/GLints/dict_16_192_64_0p5_0p02_0017_0000" 5433
"/Engine/EngineMaterials/Substrate/GLints/dict_16_192_64_0p5_0p02_0016_0015" 5434
"/Engine/EngineMaterials/Substrate/GLints/dict_16_192_64_0p5_0p02_0016_0014" 5435
"/Engine/EngineMaterials/Substrate/GLints/dict_16_192_64_0p5_0p02_0016_0013" 5436
"/Engine/EngineMaterials/Substrate/GLints/dict_16_192_64_0p5_0p02_0016_0012" 5437
"/Engine/EngineMaterials/Substrate/GLints/dict_16_192_64_0p5_0p02_0016_0011" 5438
"/Engine/EngineMaterials/Substrate/GLints/dict_16_192_64_0p5_0p02_0016_0010" 5439
"/Engine/EngineMaterials/Substrate/GLints/dict_16_192_64_0p5_0p02_0016_0009" 5440
"/Engine/EngineMaterials/Substrate/GLints/dict_16_192_64_0p5_0p02_0016_0008" 5441
"/Engine/EngineMaterials/Substrate/GLints/dict_16_192_64_0p5_0p02_0016_0007" 5442
"/Engine/EngineMaterials/Substrate/GLints/dict_16_192_64_0p5_0p02_0018_0006" 5443
"../../../Engine/Content/EngineMaterials/Substrate/GLints/dict_16_192_64_0p5_0p02_0018_0007.uasset" 5444
"../../../Engine/Content/EngineMaterials/Substrate/GLints/dict_16_192_64_0p5_0p02_0018_0009.uasset" 5445
"../../../Engine/Content/EngineMaterials/Substrate/GLints/dict_16_192_64_0p5_0p02_0019_0002.uasset" 5446
"../../../Engine/Content/EngineMaterials/Substrate/GLints/dict_16_192_64_0p5_0p02_0018_0011.uasset" 5447
"../../../Engine/Content/EngineMaterials/Substrate/GLints/dict_16_192_64_0p5_0p02_0018_0012.uasset" 5448
"../../../Engine/Content/EngineMaterials/Substrate/GLints/dict_16_192_64_0p5_0p02_0019_0001.uasset" 5449
"../../../Engine/Content/EngineMaterials/Substrate/GLints/dict_16_192_64_0p5_0p02_0018_0014.uasset" 5450
"../../../Engine/Content/EngineMaterials/Substrate/GLints/dict_16_192_64_0p5_0p02_0019_0004.uasset" 5451
"../../../Engine/Content/EngineMaterials/Substrate/GLints/dict_16_192_64_0p5_0p02_0018_0010.uasset" 5452
"../../../Engine/Content/EngineMaterials/Substrate/GLints/dict_16_192_64_0p5_0p02_0019_0005.uasset" 5453
"/Engine/EngineMaterials/Substrate/GLints/dict_16_192_64_0p5_0p02_0018_0005" 5454
"../../../Engine/Content/EngineMaterials/Substrate/GLints/dict_16_192_64_0p5_0p02_0018_0013.uasset" 5455
"../../../Engine/Content/EngineMaterials/Substrate/GLints/dict_16_192_64_0p5_0p02_0018_0015.uasset" 5456
"../../../Engine/Content/EngineMaterials/Substrate/GLints/dict_16_192_64_0p5_0p02_0019_0000.uasset" 5457
"../../../Engine/Content/EngineMaterials/Substrate/GLints/dict_16_192_64_0p5_0p02_0019_0006.uasset" 5458
"../../../Engine/Content/EngineMaterials/Substrate/GLints/dict_16_192_64_0p5_0p02_0019_0003.uasset" 5459
"../../../Engine/Content/EngineMaterials/Substrate/GLints/dict_16_192_64_0p5_0p02_0019_0010.uasset" 5460
"../../../Engine/Content/EngineMaterials/Substrate/GLints/dict_16_192_64_0p5_0p02_0018_0008.uasset" 5461
"../../../Engine/Content/EngineMaterials/Substrate/GLints/dict_16_192_64_0p5_0p02_0019_0014.uasset" 5462
"../../../Engine/Content/EngineMaterials/Substrate/GLints/dict_16_192_64_0p5_0p02_0019_0011.uasset" 5463
"../../../Engine/Content/EngineMaterials/Substrate/GLints/dict_16_192_64_0p5_0p02_0019_0013.uasset" 5464
"../../../Engine/Content/EngineMaterials/Substrate/GLints/dict_16_192_64_0p5_0p02_0019_0007.uasset" 5465
"../../../Engine/Content/EngineMaterials/Substrate/GLints/dict_16_192_64_0p5_0p02_0019_0008.uasset" 5466
"../../../Engine/Content/EngineMaterials/Substrate/GLints/dict_16_192_64_0p5_0p02_0019_0009.uasset" 5467
"/Engine/EngineMaterials/Substrate/GLints/dict_16_192_64_0p5_0p02_0018_0004" 5468
"../../../Engine/Content/EngineMaterials/Substrate/GLints/dict_16_192_64_0p5_0p02_0019_0012.uasset" 5469
"/Engine/EngineMaterials/Substrate/GLints/dict_16_192_64_0p5_0p02_0018_0003" 5470
"/Engine/EngineMaterials/Substrate/GLints/dict_16_192_64_0p5_0p02_0018_0002" 5471
"/Engine/EngineMaterials/Substrate/GLints/dict_16_192_64_0p5_0p02_0018_0001" 5472
"/Engine/EngineMaterials/Substrate/GLints/dict_16_192_64_0p5_0p02_0018_0000" 5473
"/Engine/EngineMaterials/Substrate/GLints/dict_16_192_64_0p5_0p02_0017_0015" 5474
"/Engine/EngineMaterials/Substrate/GLints/dict_16_192_64_0p5_0p02_0019_0014" 5475
"../../../Engine/Content/EngineMaterials/Substrate/GLints/dict_16_192_64_0p5_0p02_0020_0000.uasset" 5476
"../../../Engine/Content/EngineMaterials/Substrate/GLints/dict_16_192_64_0p5_0p02_0019_0015.uasset" 5477
"/Engine/EngineMaterials/Substrate/GLints/dict_16_192_64_0p5_0p02_0019_0013" 5478
"../../../Engine/Content/EngineMaterials/Substrate/GLints/dict_16_192_64_0p5_0p02_0020_0001.uasset" 5479
"../../../Engine/Content/EngineMaterials/Substrate/GLints/dict_16_192_64_0p5_0p02_0020_0006.uasset" 5480
"../../../Engine/Content/EngineMaterials/Substrate/GLints/dict_16_192_64_0p5_0p02_0020_0003.uasset" 5481
"../../../Engine/Content/EngineMaterials/Substrate/GLints/dict_16_192_64_0p5_0p02_0020_0002.uasset" 5482
"../../../Engine/Content/EngineMaterials/Substrate/GLints/dict_16_192_64_0p5_0p02_0020_0005.uasset" 5483
"../../../Engine/Content/EngineMaterials/Substrate/GLints/dict_16_192_64_0p5_0p02_0020_0004.uasset" 5484
"/Engine/EngineMaterials/Substrate/GLints/dict_16_192_64_0p5_0p02_0019_0012" 5485
"/Engine/EngineMaterials/Substrate/GLints/dict_16_192_64_0p5_0p02_0019_0011" 5486
"/Engine/EngineMaterials/Substrate/GLints/dict_16_192_64_0p5_0p02_0019_0010" 5487
"/Engine/EngineMaterials/Substrate/GLints/dict_16_192_64_0p5_0p02_0019_0009" 5488
"/Engine/EngineMaterials/Substrate/GLints/dict_16_192_64_0p5_0p02_0019_0008" 5489
"/Engine/EngineMaterials/Substrate/GLints/dict_16_192_64_0p5_0p02_0019_0007" 5490
"/Engine/EngineMaterials/Substrate/GLints/dict_16_192_64_0p5_0p02_0019_0006" 5491
"/Engine/EngineMaterials/Substrate/GLints/dict_16_192_64_0p5_0p02_0019_0005" 5492
"/Engine/EngineMaterials/Substrate/GLints/dict_16_192_64_0p5_0p02_0019_0004" 5493
"/Engine/EngineMaterials/Substrate/GLints/dict_16_192_64_0p5_0p02_0019_0003" 5494
"/Engine/EngineMaterials/Substrate/GLints/dict_16_192_64_0p5_0p02_0019_0002" 5495
"/Engine/EngineMaterials/Substrate/GLints/dict_16_192_64_0p5_0p02_0019_0001" 5496
"/Engine/EngineMaterials/Substrate/GLints/dict_16_192_64_0p5_0p02_0019_0000" 5497
"/Engine/EngineMaterials/Substrate/GLints/dict_16_192_64_0p5_0p02_0018_0015" 5498
"/Engine/EngineMaterials/Substrate/GLints/dict_16_192_64_0p5_0p02_0018_0014" 5499
"/Engine/EngineMaterials/Substrate/GLints/dict_16_192_64_0p5_0p02_0018_0013" 5500
"/Engine/EngineMaterials/Substrate/GLints/dict_16_192_64_0p5_0p02_0018_0012" 5501
"/Engine/EngineMaterials/Substrate/GLints/dict_16_192_64_0p5_0p02_0018_0011" 5502
"/Engine/EngineMaterials/Substrate/GLints/dict_16_192_64_0p5_0p02_0018_0010" 5503
"/Engine/EngineMaterials/Substrate/GLints/dict_16_192_64_0p5_0p02_0018_0009" 5504
"/Engine/EngineMaterials/Substrate/GLints/dict_16_192_64_0p5_0p02_0018_0008" 5505
"/Engine/EngineMaterials/Substrate/GLints/dict_16_192_64_0p5_0p02_0018_0007" 5506
"/Engine/EngineMaterials/Substrate/GLints/dict_16_192_64_0p5_0p02_0020_0006" 5507
"../../../Engine/Content/EngineMaterials/Substrate/GLints/dict_16_192_64_0p5_0p02_0020_0010.uasset" 5508
"../../../Engine/Content/EngineMaterials/Substrate/GLints/dict_16_192_64_0p5_0p02_0020_0009.uasset" 5509
"../../../Engine/Content/EngineMaterials/Substrate/GLints/dict_16_192_64_0p5_0p02_0021_0000.uasset" 5510
"../../../Engine/Content/EngineMaterials/Substrate/GLints/dict_16_192_64_0p5_0p02_0020_0008.uasset" 5511
"/Engine/EngineMaterials/Substrate/GLints/dict_16_192_64_0p5_0p02_0020_0005" 5512
"../../../Engine/Content/EngineMaterials/Substrate/GLints/dict_16_192_64_0p5_0p02_0020_0007.uasset" 5513
"../../../Engine/Content/EngineMaterials/Substrate/GLints/dict_16_192_64_0p5_0p02_0020_0015.uasset" 5514
"../../../Engine/Content/EngineMaterials/Substrate/GLints/dict_16_192_64_0p5_0p02_0020_0011.uasset" 5515
"../../../Engine/Content/EngineMaterials/Substrate/GLints/dict_16_192_64_0p5_0p02_0020_0012.uasset" 5516
"../../../Engine/Content/EngineMaterials/Substrate/GLints/dict_16_192_64_0p5_0p02_0020_0013.uasset" 5517
"../../../Engine/Content/EngineMaterials/Substrate/GLints/dict_16_192_64_0p5_0p02_0020_0014.uasset" 5518
"../../../Engine/Content/EngineMaterials/Substrate/GLints/dict_16_192_64_0p5_0p02_0021_0006.uasset" 5519
"../../../Engine/Content/EngineMaterials/Substrate/GLints/dict_16_192_64_0p5_0p02_0021_0003.uasset" 5520
"../../../Engine/Content/EngineMaterials/Substrate/GLints/dict_16_192_64_0p5_0p02_0021_0009.uasset" 5521
"../../../Engine/Content/EngineMaterials/Substrate/GLints/dict_16_192_64_0p5_0p02_0021_0005.uasset" 5522
"../../../Engine/Content/EngineMaterials/Substrate/GLints/dict_16_192_64_0p5_0p02_0021_0011.uasset" 5523
"../../../Engine/Content/EngineMaterials/Substrate/GLints/dict_16_192_64_0p5_0p02_0021_0012.uasset" 5524
"/Engine/EngineMaterials/Substrate/GLints/dict_16_192_64_0p5_0p02_0020_0004" 5525
"../../../Engine/Content/EngineMaterials/Substrate/GLints/dict_16_192_64_0p5_0p02_0021_0007.uasset" 5526
"../../../Engine/Content/EngineMaterials/Substrate/GLints/dict_16_192_64_0p5_0p02_0021_0001.uasset" 5527
"../../../Engine/Content/EngineMaterials/Substrate/GLints/dict_16_192_64_0p5_0p02_0021_0014.uasset" 5528
"../../../Engine/Content/EngineMaterials/Substrate/GLints/dict_16_192_64_0p5_0p02_0021_0004.uasset" 5529
"../../../Engine/Content/EngineMaterials/Substrate/GLints/dict_16_192_64_0p5_0p02_0021_0008.uasset" 5530
"../../../Engine/Content/EngineMaterials/Substrate/GLints/dict_16_192_64_0p5_0p02_0021_0010.uasset" 5531
"../../../Engine/Content/EngineMaterials/Substrate/GLints/dict_16_192_64_0p5_0p02_0021_0002.uasset" 5532
"../../../Engine/Content/EngineMaterials/Substrate/GLints/dict_16_192_64_0p5_0p02_0021_0013.uasset" 5533
"/Engine/EngineMaterials/Substrate/GLints/dict_16_192_64_0p5_0p02_0020_0003" 5534
"/Engine/EngineMaterials/Substrate/GLints/dict_16_192_64_0p5_0p02_0020_0002" 5535
"/Engine/EngineMaterials/Substrate/GLints/dict_16_192_64_0p5_0p02_0020_0001" 5536
"/Engine/EngineMaterials/Substrate/GLints/dict_16_192_64_0p5_0p02_0020_0000" 5537
"/Engine/EngineMaterials/Substrate/GLints/dict_16_192_64_0p5_0p02_0019_0015" 5538
"/Engine/EngineMaterials/Substrate/GLints/dict_16_192_64_0p5_0p02_0021_0014" 5539
"/Engine/EngineMaterials/Substrate/GLints/dict_16_192_64_0p5_0p02_0021_0013" 5540
"../../../Engine/Content/EngineMaterials/Substrate/GLints/dict_16_192_64_0p5_0p02_0022_0001.uasset" 5541
"../../../Engine/Content/EngineMaterials/Substrate/GLints/dict_16_192_64_0p5_0p02_0022_0003.uasset" 5542
"../../../Engine/Content/EngineMaterials/Substrate/GLints/dict_16_192_64_0p5_0p02_0022_0004.uasset" 5543
"../../../Engine/Content/EngineMaterials/Substrate/GLints/dict_16_192_64_0p5_0p02_0022_0000.uasset" 5544
"../../../Engine/Content/EngineMaterials/Substrate/GLints/dict_16_192_64_0p5_0p02_0021_0015.uasset" 5545
"/Engine/EngineMaterials/Substrate/GLints/dict_16_192_64_0p5_0p02_0021_0012" 5546
"../../../Engine/Content/EngineMaterials/Substrate/GLints/dict_16_192_64_0p5_0p02_0022_0002.uasset" 5547
"../../../Engine/Content/EngineMaterials/Substrate/GLints/dict_16_192_64_0p5_0p02_0022_0005.uasset" 5548
"../../../Engine/Content/EngineMaterials/Substrate/GLints/dict_16_192_64_0p5_0p02_0022_0006.uasset" 5549
"/Engine/EngineMaterials/Substrate/GLints/dict_16_192_64_0p5_0p02_0021_0011" 5550
"/Engine/EngineMaterials/Substrate/GLints/dict_16_192_64_0p5_0p02_0021_0010" 5551
"/Engine/EngineMaterials/Substrate/GLints/dict_16_192_64_0p5_0p02_0021_0009" 5552
"/Engine/EngineMaterials/Substrate/GLints/dict_16_192_64_0p5_0p02_0021_0008" 5553
"/Engine/EngineMaterials/Substrate/GLints/dict_16_192_64_0p5_0p02_0021_0007" 5554
"/Engine/EngineMaterials/Substrate/GLints/dict_16_192_64_0p5_0p02_0021_0006" 5555
"/Engine/EngineMaterials/Substrate/GLints/dict_16_192_64_0p5_0p02_0021_0005" 5556
"/Engine/EngineMaterials/Substrate/GLints/dict_16_192_64_0p5_0p02_0021_0004" 5557
"/Engine/EngineMaterials/Substrate/GLints/dict_16_192_64_0p5_0p02_0021_0003" 5558
"/Engine/EngineMaterials/Substrate/GLints/dict_16_192_64_0p5_0p02_0021_0002" 5559
"/Engine/EngineMaterials/Substrate/GLints/dict_16_192_64_0p5_0p02_0021_0001" 5560
"/Engine/EngineMaterials/Substrate/GLints/dict_16_192_64_0p5_0p02_0021_0000" 5561
"/Engine/EngineMaterials/Substrate/GLints/dict_16_192_64_0p5_0p02_0020_0015" 5562
"/Engine/EngineMaterials/Substrate/GLints/dict_16_192_64_0p5_0p02_0020_0014" 5563
"/Engine/EngineMaterials/Substrate/GLints/dict_16_192_64_0p5_0p02_0020_0013" 5564
"/Engine/EngineMaterials/Substrate/GLints/dict_16_192_64_0p5_0p02_0020_0012" 5565
"/Engine/EngineMaterials/Substrate/GLints/dict_16_192_64_0p5_0p02_0020_0011" 5566
"/Engine/EngineMaterials/Substrate/GLints/dict_16_192_64_0p5_0p02_0020_0010" 5567
"/Engine/EngineMaterials/Substrate/GLints/dict_16_192_64_0p5_0p02_0020_0009" 5568
"/Engine/EngineMaterials/Substrate/GLints/dict_16_192_64_0p5_0p02_0020_0008" 5569
"/Engine/EngineMaterials/Substrate/GLints/dict_16_192_64_0p5_0p02_0020_0007" 5570
"/Engine/EngineMaterials/Substrate/GLints/dict_16_192_64_0p5_0p02_0022_0006" 5571
"../../../Engine/Content/EngineMaterials/Substrate/GLints/dict_16_192_64_0p5_0p02_0022_0007.uasset" 5572
"../../../Engine/Content/EngineMaterials/Substrate/GLints/dict_16_192_64_0p5_0p02_0022_0011.uasset" 5573
"../../../Engine/Content/EngineMaterials/Substrate/GLints/dict_16_192_64_0p5_0p02_0022_0009.uasset" 5574
"../../../Engine/Content/EngineMaterials/Substrate/GLints/dict_16_192_64_0p5_0p02_0022_0012.uasset" 5575
"../../../Engine/Content/EngineMaterials/Substrate/GLints/dict_16_192_64_0p5_0p02_0022_0008.uasset" 5576
"../../../Engine/Content/EngineMaterials/Substrate/GLints/dict_16_192_64_0p5_0p02_0023_0000.uasset" 5577
"/Engine/EngineMaterials/Substrate/GLints/dict_16_192_64_0p5_0p02_0022_0005" 5578
"../../../Engine/Content/EngineMaterials/Substrate/GLints/dict_16_192_64_0p5_0p02_0022_0010.uasset" 5579
"../../../Engine/Content/EngineMaterials/Substrate/GLints/dict_16_192_64_0p5_0p02_0023_0001.uasset" 5580
"../../../Engine/Content/EngineMaterials/Substrate/GLints/dict_16_192_64_0p5_0p02_0022_0013.uasset" 5581
"../../../Engine/Content/EngineMaterials/Substrate/GLints/dict_16_192_64_0p5_0p02_0022_0014.uasset" 5582
"../../../Engine/Content/EngineMaterials/Substrate/GLints/dict_16_192_64_0p5_0p02_0023_0010.uasset" 5583
"../../../Engine/Content/EngineMaterials/Substrate/GLints/dict_16_192_64_0p5_0p02_0023_0008.uasset" 5584
"../../../Engine/Content/EngineMaterials/Substrate/GLints/dict_16_192_64_0p5_0p02_0023_0006.uasset" 5585
"../../../Engine/Content/EngineMaterials/Substrate/GLints/dict_16_192_64_0p5_0p02_0023_0003.uasset" 5586
"../../../Engine/Content/EngineMaterials/Substrate/GLints/dict_16_192_64_0p5_0p02_0023_0013.uasset" 5587
"../../../Engine/Content/EngineMaterials/Substrate/GLints/dict_16_192_64_0p5_0p02_0023_0011.uasset" 5588
"../../../Engine/Content/EngineMaterials/Substrate/GLints/dict_16_192_64_0p5_0p02_0023_0007.uasset" 5589
"../../../Engine/Content/EngineMaterials/Substrate/GLints/dict_16_192_64_0p5_0p02_0023_0002.uasset" 5590
"../../../Engine/Content/EngineMaterials/Substrate/GLints/dict_16_192_64_0p5_0p02_0022_0015.uasset" 5591
"../../../Engine/Content/EngineMaterials/Substrate/GLints/dict_16_192_64_0p5_0p02_0023_0005.uasset" 5592
"../../../Engine/Content/EngineMaterials/Substrate/GLints/dict_16_192_64_0p5_0p02_0023_0014.uasset" 5593
"../../../Engine/Content/EngineMaterials/Substrate/GLints/dict_16_192_64_0p5_0p02_0023_0009.uasset" 5594
"/Engine/EngineMaterials/Substrate/GLints/dict_16_192_64_0p5_0p02_0022_0004" 5595
"../../../Engine/Content/EngineMaterials/Substrate/GLints/dict_16_192_64_0p5_0p02_0023_0012.uasset" 5596
"../../../Engine/Content/EngineMaterials/Substrate/GLints/dict_16_192_64_0p5_0p02_0023_0004.uasset" 5597
"/Engine/EngineMaterials/Substrate/GLints/dict_16_192_64_0p5_0p02_0022_0003" 5598
"/Engine/EngineMaterials/Substrate/GLints/dict_16_192_64_0p5_0p02_0022_0002" 5599
"/Engine/EngineMaterials/Substrate/GLints/dict_16_192_64_0p5_0p02_0022_0001" 5600
"/Engine/EngineMaterials/Substrate/GLints/dict_16_192_64_0p5_0p02_0022_0000" 5601
"/Engine/EngineMaterials/Substrate/GLints/dict_16_192_64_0p5_0p02_0021_0015" 5602
"/Engine/EngineMaterials/Substrate/GLints/dict_16_192_64_0p5_0p02_0023_0014" 5603
"../../../Engine/Content/EngineMaterials/Substrate/GLints/dict_16_192_64_0p5_0p02_0024_0001.uasset" 5604
"../../../Engine/Content/EngineMaterials/Substrate/GLints/dict_16_192_64_0p5_0p02_0024_0000.uasset" 5605
"../../../Engine/Content/EngineMaterials/Substrate/GLints/dict_16_192_64_0p5_0p02_0024_0004.uasset" 5606
"../../../Engine/Content/EngineMaterials/Substrate/GLints/dict_16_192_64_0p5_0p02_0024_0002.uasset" 5607
"../../../Engine/Content/EngineMaterials/Substrate/GLints/dict_16_192_64_0p5_0p02_0023_0015.uasset" 5608
"../../../Engine/Content/EngineMaterials/Substrate/GLints/dict_16_192_64_0p5_0p02_0024_0003.uasset" 5609
"../../../Engine/Content/EngineMaterials/Substrate/GLints/dict_16_192_64_0p5_0p02_0024_0005.uasset" 5610
"../../../Engine/Content/EngineMaterials/Substrate/GLints/dict_16_192_64_0p5_0p02_0024_0006.uasset" 5611
"/Engine/EngineMaterials/Substrate/GLints/dict_16_192_64_0p5_0p02_0023_0013" 5612
"/Engine/EngineMaterials/Substrate/GLints/dict_16_192_64_0p5_0p02_0023_0012" 5613
"/Engine/EngineMaterials/Substrate/GLints/dict_16_192_64_0p5_0p02_0023_0011" 5614
"/Engine/EngineMaterials/Substrate/GLints/dict_16_192_64_0p5_0p02_0023_0010" 5615
"/Engine/EngineMaterials/Substrate/GLints/dict_16_192_64_0p5_0p02_0023_0009" 5616
"/Engine/EngineMaterials/Substrate/GLints/dict_16_192_64_0p5_0p02_0023_0008" 5617
"/Engine/EngineMaterials/Substrate/GLints/dict_16_192_64_0p5_0p02_0023_0007" 5618
"/Engine/EngineMaterials/Substrate/GLints/dict_16_192_64_0p5_0p02_0023_0006" 5619
"/Engine/EngineMaterials/Substrate/GLints/dict_16_192_64_0p5_0p02_0023_0005" 5620
"/Engine/EngineMaterials/Substrate/GLints/dict_16_192_64_0p5_0p02_0023_0004" 5621
"/Engine/EngineMaterials/Substrate/GLints/dict_16_192_64_0p5_0p02_0023_0003" 5622
"/Engine/EngineMaterials/Substrate/GLints/dict_16_192_64_0p5_0p02_0023_0002" 5623
"/Engine/EngineMaterials/Substrate/GLints/dict_16_192_64_0p5_0p02_0023_0001" 5624
"/Engine/EngineMaterials/Substrate/GLints/dict_16_192_64_0p5_0p02_0023_0000" 5625
"/Engine/EngineMaterials/Substrate/GLints/dict_16_192_64_0p5_0p02_0022_0015" 5626
"/Engine/EngineMaterials/Substrate/GLints/dict_16_192_64_0p5_0p02_0022_0014" 5627
"/Engine/EngineMaterials/Substrate/GLints/dict_16_192_64_0p5_0p02_0022_0013" 5628
"/Engine/EngineMaterials/Substrate/GLints/dict_16_192_64_0p5_0p02_0022_0012" 5629
"/Engine/EngineMaterials/Substrate/GLints/dict_16_192_64_0p5_0p02_0022_0011" 5630
"/Engine/EngineMaterials/Substrate/GLints/dict_16_192_64_0p5_0p02_0022_0010" 5631
"/Engine/EngineMaterials/Substrate/GLints/dict_16_192_64_0p5_0p02_0022_0009" 5632
"/Engine/EngineMaterials/Substrate/GLints/dict_16_192_64_0p5_0p02_0022_0008" 5633
"/Engine/EngineMaterials/Substrate/GLints/dict_16_192_64_0p5_0p02_0022_0007" 5634
"/Engine/EngineMaterials/Substrate/GLints/dict_16_192_64_0p5_0p02_0024_0006" 5635
"../../../Engine/Content/EngineMaterials/Substrate/GLints/dict_16_192_64_0p5_0p02_0024_0008.uasset" 5636
"../../../Engine/Content/EngineMaterials/Substrate/GLints/dict_16_192_64_0p5_0p02_0024_0009.uasset" 5637
"../../../Engine/Content/EngineMaterials/Substrate/GLints/dict_16_192_64_0p5_0p02_0024_0015.uasset" 5638
"../../../Engine/Content/EngineMaterials/Substrate/GLints/dict_16_192_64_0p5_0p02_0024_0014.uasset" 5639
"../../../Engine/Content/EngineMaterials/Substrate/GLints/dict_16_192_64_0p5_0p02_0024_0010.uasset" 5640
"../../../Engine/Content/EngineMaterials/Substrate/GLints/dict_16_192_64_0p5_0p02_0024_0013.uasset" 5641
"../../../Engine/Content/EngineMaterials/Substrate/GLints/dict_16_192_64_0p5_0p02_0024_0007.uasset" 5642
"../../../Engine/Content/EngineMaterials/Substrate/GLints/dict_16_192_64_0p5_0p02_0025_0006.uasset" 5643
"../../../Engine/Content/EngineMaterials/Substrate/GLints/dict_16_192_64_0p5_0p02_0025_0002.uasset" 5644
"../../../Engine/Content/EngineMaterials/Substrate/GLints/dict_16_192_64_0p5_0p02_0024_0011.uasset" 5645
"../../../Engine/Content/EngineMaterials/Substrate/GLints/dict_16_192_64_0p5_0p02_0024_0012.uasset" 5646
"../../../Engine/Content/EngineMaterials/Substrate/GLints/dict_16_192_64_0p5_0p02_0025_0007.uasset" 5647
"../../../Engine/Content/EngineMaterials/Substrate/GLints/dict_16_192_64_0p5_0p02_0025_0004.uasset" 5648
"../../../Engine/Content/EngineMaterials/Substrate/GLints/dict_16_192_64_0p5_0p02_0025_0008.uasset" 5649
"../../../Engine/Content/EngineMaterials/Substrate/GLints/dict_16_192_64_0p5_0p02_0025_0011.uasset" 5650
"../../../Engine/Content/EngineMaterials/Substrate/GLints/dict_16_192_64_0p5_0p02_0025_0009.uasset" 5651
"../../../Engine/Content/EngineMaterials/Substrate/GLints/dict_16_192_64_0p5_0p02_0025_0010.uasset" 5652
"../../../Engine/Content/EngineMaterials/Substrate/GLints/dict_16_192_64_0p5_0p02_0025_0013.uasset" 5653
"../../../Engine/Content/EngineMaterials/Substrate/GLints/dict_16_192_64_0p5_0p02_0025_0001.uasset" 5654
"../../../Engine/Content/EngineMaterials/Substrate/GLints/dict_16_192_64_0p5_0p02_0025_0000.uasset" 5655
"../../../Engine/Content/EngineMaterials/Substrate/GLints/dict_16_192_64_0p5_0p02_0025_0003.uasset" 5656
"../../../Engine/Content/EngineMaterials/Substrate/GLints/dict_16_192_64_0p5_0p02_0025_0005.uasset" 5657
"/Engine/EngineMaterials/Substrate/GLints/dict_16_192_64_0p5_0p02_0024_0005" 5658
"../../../Engine/Content/EngineMaterials/Substrate/GLints/dict_16_192_64_0p5_0p02_0025_0014.uasset" 5659
"../../../Engine/Content/EngineMaterials/Substrate/GLints/dict_16_192_64_0p5_0p02_0025_0012.uasset" 5660
"/Engine/EngineMaterials/Substrate/GLints/dict_16_192_64_0p5_0p02_0024_0004" 5661
"/Engine/EngineMaterials/Substrate/GLints/dict_16_192_64_0p5_0p02_0024_0003" 5662
"/Engine/EngineMaterials/Substrate/GLints/dict_16_192_64_0p5_0p02_0024_0002" 5663
"/Engine/EngineMaterials/Substrate/GLints/dict_16_192_64_0p5_0p02_0024_0001" 5664
"/Engine/EngineMaterials/Substrate/GLints/dict_16_192_64_0p5_0p02_0024_0000" 5665
"/Engine/EngineMaterials/Substrate/GLints/dict_16_192_64_0p5_0p02_0023_0015" 5666
"/Engine/EngineMaterials/Substrate/GLints/dict_16_192_64_0p5_0p02_0025_0014" 5667
"../../../Engine/Content/EngineMaterials/Substrate/GLints/dict_16_192_64_0p5_0p02_0026_0005.uasset" 5668
"../../../Engine/Content/EngineMaterials/Substrate/GLints/dict_16_192_64_0p5_0p02_0026_0000.uasset" 5669
"../../../Engine/Content/EngineMaterials/Substrate/GLints/dict_16_192_64_0p5_0p02_0026_0006.uasset" 5670
"/Engine/EngineMaterials/Substrate/GLints/dict_16_192_64_0p5_0p02_0025_0013" 5671
"../../../Engine/Content/EngineMaterials/Substrate/GLints/dict_16_192_64_0p5_0p02_0026_0002.uasset" 5672
"../../../Engine/Content/EngineMaterials/Substrate/GLints/dict_16_192_64_0p5_0p02_0026_0001.uasset" 5673
"../../../Engine/Content/EngineMaterials/Substrate/GLints/dict_16_192_64_0p5_0p02_0026_0003.uasset" 5674
"../../../Engine/Content/EngineMaterials/Substrate/GLints/dict_16_192_64_0p5_0p02_0025_0015.uasset" 5675
"../../../Engine/Content/EngineMaterials/Substrate/GLints/dict_16_192_64_0p5_0p02_0026_0004.uasset" 5676
"/Engine/EngineMaterials/Substrate/GLints/dict_16_192_64_0p5_0p02_0025_0012" 5677
"/Engine/EngineMaterials/Substrate/GLints/dict_16_192_64_0p5_0p02_0025_0011" 5678
"/Engine/EngineMaterials/Substrate/GLints/dict_16_192_64_0p5_0p02_0025_0010" 5679
"/Engine/EngineMaterials/Substrate/GLints/dict_16_192_64_0p5_0p02_0025_0009" 5680
"/Engine/EngineMaterials/Substrate/GLints/dict_16_192_64_0p5_0p02_0025_0008" 5681
"/Engine/EngineMaterials/Substrate/GLints/dict_16_192_64_0p5_0p02_0025_0007" 5682
"/Engine/EngineMaterials/Substrate/GLints/dict_16_192_64_0p5_0p02_0025_0006" 5683
"/Engine/EngineMaterials/Substrate/GLints/dict_16_192_64_0p5_0p02_0025_0005" 5684
"/Engine/EngineMaterials/Substrate/GLints/dict_16_192_64_0p5_0p02_0025_0004" 5685
"/Engine/EngineMaterials/Substrate/GLints/dict_16_192_64_0p5_0p02_0025_0003" 5686
"/Engine/EngineMaterials/Substrate/GLints/dict_16_192_64_0p5_0p02_0025_0002" 5687
"/Engine/EngineMaterials/Substrate/GLints/dict_16_192_64_0p5_0p02_0025_0001" 5688
"/Engine/EngineMaterials/Substrate/GLints/dict_16_192_64_0p5_0p02_0025_0000" 5689
"/Engine/EngineMaterials/Substrate/GLints/dict_16_192_64_0p5_0p02_0024_0015" 5690
"/Engine/EngineMaterials/Substrate/GLints/dict_16_192_64_0p5_0p02_0024_0014" 5691
"/Engine/EngineMaterials/Substrate/GLints/dict_16_192_64_0p5_0p02_0024_0013" 5692
"/Engine/EngineMaterials/Substrate/GLints/dict_16_192_64_0p5_0p02_0024_0012" 5693
"/Engine/EngineMaterials/Substrate/GLints/dict_16_192_64_0p5_0p02_0024_0011" 5694
"/Engine/EngineMaterials/Substrate/GLints/dict_16_192_64_0p5_0p02_0024_0010" 5695
"/Engine/EngineMaterials/Substrate/GLints/dict_16_192_64_0p5_0p02_0024_0009" 5696
"/Engine/EngineMaterials/Substrate/GLints/dict_16_192_64_0p5_0p02_0024_0008" 5697
"/Engine/EngineMaterials/Substrate/GLints/dict_16_192_64_0p5_0p02_0024_0007" 5698
"/Engine/EngineMaterials/Substrate/GLints/dict_16_192_64_0p5_0p02_0026_0006" 5699
"../../../Engine/Content/EngineMaterials/Substrate/GLints/dict_16_192_64_0p5_0p02_0026_0008.uasset" 5700
"../../../Engine/Content/EngineMaterials/Substrate/GLints/dict_16_192_64_0p5_0p02_0026_0007.uasset" 5701
"../../../Engine/Content/EngineMaterials/Substrate/GLints/dict_16_192_64_0p5_0p02_0026_0009.uasset" 5702
"/Engine/EngineMaterials/Substrate/GLints/dict_16_192_64_0p5_0p02_0026_0005" 5703
"../../../Engine/Content/EngineMaterials/Substrate/GLints/dict_16_192_64_0p5_0p02_0026_0013.uasset" 5704
"../../../Engine/Content/EngineMaterials/Substrate/GLints/dict_16_192_64_0p5_0p02_0027_0001.uasset" 5705
"../../../Engine/Content/EngineMaterials/Substrate/GLints/dict_16_192_64_0p5_0p02_0026_0015.uasset" 5706
"../../../Engine/Content/EngineMaterials/Substrate/GLints/dict_16_192_64_0p5_0p02_0027_0000.uasset" 5707
"../../../Engine/Content/EngineMaterials/Substrate/GLints/dict_16_192_64_0p5_0p02_0026_0014.uasset" 5708
"../../../Engine/Content/EngineMaterials/Substrate/GLints/dict_16_192_64_0p5_0p02_0027_0008.uasset" 5709
"../../../Engine/Content/EngineMaterials/Substrate/GLints/dict_16_192_64_0p5_0p02_0027_0004.uasset" 5710
"/Engine/EngineMaterials/Substrate/GLints/dict_16_192_64_0p5_0p02_0026_0004" 5711
"../../../Engine/Content/EngineMaterials/Substrate/GLints/dict_16_192_64_0p5_0p02_0026_0010.uasset" 5712
"../../../Engine/Content/EngineMaterials/Substrate/GLints/dict_16_192_64_0p5_0p02_0026_0012.uasset" 5713
"../../../Engine/Content/EngineMaterials/Substrate/GLints/dict_16_192_64_0p5_0p02_0027_0003.uasset" 5714
"../../../Engine/Content/EngineMaterials/Substrate/GLints/dict_16_192_64_0p5_0p02_0027_0002.uasset" 5715
"../../../Engine/Content/EngineMaterials/Substrate/GLints/dict_16_192_64_0p5_0p02_0027_0010.uasset" 5716
"../../../Engine/Content/EngineMaterials/Substrate/GLints/dict_16_192_64_0p5_0p02_0027_0006.uasset" 5717
"../../../Engine/Content/EngineMaterials/Substrate/GLints/dict_16_192_64_0p5_0p02_0027_0005.uasset" 5718
"../../../Engine/Content/EngineMaterials/Substrate/GLints/dict_16_192_64_0p5_0p02_0027_0011.uasset" 5719
"../../../Engine/Content/EngineMaterials/Substrate/GLints/dict_16_192_64_0p5_0p02_0026_0011.uasset" 5720
"../../../Engine/Content/EngineMaterials/Substrate/GLints/dict_16_192_64_0p5_0p02_0027_0007.uasset" 5721
"../../../Engine/Content/EngineMaterials/Substrate/GLints/dict_16_192_64_0p5_0p02_0027_0012.uasset" 5722
"../../../Engine/Content/EngineMaterials/Substrate/GLints/dict_16_192_64_0p5_0p02_0027_0013.uasset" 5723
"../../../Engine/Content/EngineMaterials/Substrate/GLints/dict_16_192_64_0p5_0p02_0027_0009.uasset" 5724
"../../../Engine/Content/EngineMaterials/Substrate/GLints/dict_16_192_64_0p5_0p02_0027_0014.uasset" 5725
"/Engine/EngineMaterials/Substrate/GLints/dict_16_192_64_0p5_0p02_0026_0003" 5726
"/Engine/EngineMaterials/Substrate/GLints/dict_16_192_64_0p5_0p02_0026_0002" 5727
"/Engine/EngineMaterials/Substrate/GLints/dict_16_192_64_0p5_0p02_0026_0001" 5728
"/Engine/EngineMaterials/Substrate/GLints/dict_16_192_64_0p5_0p02_0026_0000" 5729
"/Engine/EngineMaterials/Substrate/GLints/dict_16_192_64_0p5_0p02_0025_0015" 5730
"/Engine/EngineMaterials/Substrate/GLints/dict_16_192_64_0p5_0p02_0027_0014" 5731
"../../../Engine/Content/EngineMaterials/Substrate/GLints/dict_16_192_64_0p5_0p02_0028_0003.uasset" 5732
"../../../Engine/Content/EngineMaterials/Substrate/GLints/dict_16_192_64_0p5_0p02_0028_0001.uasset" 5733
"../../../Engine/Content/EngineMaterials/Substrate/GLints/dict_16_192_64_0p5_0p02_0028_0000.uasset" 5734
"../../../Engine/Content/EngineMaterials/Substrate/GLints/dict_16_192_64_0p5_0p02_0028_0002.uasset" 5735
"../../../Engine/Content/EngineMaterials/Substrate/GLints/dict_16_192_64_0p5_0p02_0028_0005.uasset" 5736
"../../../Engine/Content/EngineMaterials/Substrate/GLints/dict_16_192_64_0p5_0p02_0028_0006.uasset" 5737
"../../../Engine/Content/EngineMaterials/Substrate/GLints/dict_16_192_64_0p5_0p02_0027_0015.uasset" 5738
"../../../Engine/Content/EngineMaterials/Substrate/GLints/dict_16_192_64_0p5_0p02_0028_0004.uasset" 5739
"/Engine/EngineMaterials/Substrate/GLints/dict_16_192_64_0p5_0p02_0027_0013" 5740
"/Engine/EngineMaterials/Substrate/GLints/dict_16_192_64_0p5_0p02_0027_0012" 5741
"/Engine/EngineMaterials/Substrate/GLints/dict_16_192_64_0p5_0p02_0027_0011" 5742
"/Engine/EngineMaterials/Substrate/GLints/dict_16_192_64_0p5_0p02_0027_0010" 5743
"/Engine/EngineMaterials/Substrate/GLints/dict_16_192_64_0p5_0p02_0027_0009" 5744
"/Engine/EngineMaterials/Substrate/GLints/dict_16_192_64_0p5_0p02_0027_0008" 5745
"/Engine/EngineMaterials/Substrate/GLints/dict_16_192_64_0p5_0p02_0027_0007" 5746
"/Engine/EngineMaterials/Substrate/GLints/dict_16_192_64_0p5_0p02_0027_0006" 5747
"/Engine/EngineMaterials/Substrate/GLints/dict_16_192_64_0p5_0p02_0027_0005" 5748
"/Engine/EngineMaterials/Substrate/GLints/dict_16_192_64_0p5_0p02_0027_0004" 5749
"/Engine/EngineMaterials/Substrate/GLints/dict_16_192_64_0p5_0p02_0027_0003" 5750
"/Engine/EngineMaterials/Substrate/GLints/dict_16_192_64_0p5_0p02_0027_0002" 5751
"/Engine/EngineMaterials/Substrate/GLints/dict_16_192_64_0p5_0p02_0027_0001" 5752
"/Engine/EngineMaterials/Substrate/GLints/dict_16_192_64_0p5_0p02_0027_0000" 5753
"/Engine/EngineMaterials/Substrate/GLints/dict_16_192_64_0p5_0p02_0026_0015" 5754
"/Engine/EngineMaterials/Substrate/GLints/dict_16_192_64_0p5_0p02_0026_0014" 5755
"/Engine/EngineMaterials/Substrate/GLints/dict_16_192_64_0p5_0p02_0026_0013" 5756
"/Engine/EngineMaterials/Substrate/GLints/dict_16_192_64_0p5_0p02_0026_0012" 5757
"/Engine/EngineMaterials/Substrate/GLints/dict_16_192_64_0p5_0p02_0026_0011" 5758
"/Engine/EngineMaterials/Substrate/GLints/dict_16_192_64_0p5_0p02_0026_0010" 5759
"/Engine/EngineMaterials/Substrate/GLints/dict_16_192_64_0p5_0p02_0026_0009" 5760
"/Engine/EngineMaterials/Substrate/GLints/dict_16_192_64_0p5_0p02_0026_0008" 5761
"/Engine/EngineMaterials/Substrate/GLints/dict_16_192_64_0p5_0p02_0026_0007" 5762
"/Engine/EngineMaterials/Substrate/GLints/dict_16_192_64_0p5_0p02_0028_0006" 5763
"../../../Engine/Content/EngineMaterials/Substrate/GLints/dict_16_192_64_0p5_0p02_0028_0007.uasset" 5764
"../../../Engine/Content/EngineMaterials/Substrate/GLints/dict_16_192_64_0p5_0p02_0028_0009.uasset" 5765
"../../../Engine/Content/EngineMaterials/Substrate/GLints/dict_16_192_64_0p5_0p02_0028_0013.uasset" 5766
"../../../Engine/Content/EngineMaterials/Substrate/GLints/dict_16_192_64_0p5_0p02_0028_0010.uasset" 5767
"/Engine/EngineMaterials/Substrate/GLints/dict_16_192_64_0p5_0p02_0028_0005" 5768
"../../../Engine/Content/EngineMaterials/Substrate/GLints/dict_16_192_64_0p5_0p02_0029_0000.uasset" 5769
"../../../Engine/Content/EngineMaterials/Substrate/GLints/dict_16_192_64_0p5_0p02_0028_0011.uasset" 5770
"../../../Engine/Content/EngineMaterials/Substrate/GLints/dict_16_192_64_0p5_0p02_0028_0012.uasset" 5771
"../../../Engine/Content/EngineMaterials/Substrate/GLints/dict_16_192_64_0p5_0p02_0028_0008.uasset" 5772
"../../../Engine/Content/EngineMaterials/Substrate/GLints/dict_16_192_64_0p5_0p02_0028_0015.uasset" 5773
"../../../Engine/Content/EngineMaterials/Substrate/GLints/dict_16_192_64_0p5_0p02_0029_0001.uasset" 5774
"../../../Engine/Content/EngineMaterials/Substrate/GLints/dict_16_192_64_0p5_0p02_0029_0003.uasset" 5775
"../../../Engine/Content/EngineMaterials/Substrate/GLints/dict_16_192_64_0p5_0p02_0028_0014.uasset" 5776
"/Engine/EngineMaterials/Substrate/GLints/dict_16_192_64_0p5_0p02_0028_0004" 5777
"../../../Engine/Content/EngineMaterials/Substrate/GLints/dict_16_192_64_0p5_0p02_0029_0009.uasset" 5778
"../../../Engine/Content/EngineMaterials/Substrate/GLints/dict_16_192_64_0p5_0p02_0029_0005.uasset" 5779
"../../../Engine/Content/EngineMaterials/Substrate/GLints/dict_16_192_64_0p5_0p02_0029_0004.uasset" 5780
"../../../Engine/Content/EngineMaterials/Substrate/GLints/dict_16_192_64_0p5_0p02_0029_0011.uasset" 5781
"../../../Engine/Content/EngineMaterials/Substrate/GLints/dict_16_192_64_0p5_0p02_0029_0008.uasset" 5782
"../../../Engine/Content/EngineMaterials/Substrate/GLints/dict_16_192_64_0p5_0p02_0029_0010.uasset" 5783
"../../../Engine/Content/EngineMaterials/Substrate/GLints/dict_16_192_64_0p5_0p02_0029_0012.uasset" 5784
"../../../Engine/Content/EngineMaterials/Substrate/GLints/dict_16_192_64_0p5_0p02_0029_0013.uasset" 5785
"../../../Engine/Content/EngineMaterials/Substrate/GLints/dict_16_192_64_0p5_0p02_0029_0014.uasset" 5786
"../../../Engine/Content/EngineMaterials/Substrate/GLints/dict_16_192_64_0p5_0p02_0029_0007.uasset" 5787
"../../../Engine/Content/EngineMaterials/Substrate/GLints/dict_16_192_64_0p5_0p02_0029_0002.uasset" 5788
"../../../Engine/Content/EngineMaterials/Substrate/GLints/dict_16_192_64_0p5_0p02_0029_0006.uasset" 5789
"/Engine/EngineMaterials/Substrate/GLints/dict_16_192_64_0p5_0p02_0028_0003" 5790
"/Engine/EngineMaterials/Substrate/GLints/dict_16_192_64_0p5_0p02_0028_0002" 5791
"/Engine/EngineMaterials/Substrate/GLints/dict_16_192_64_0p5_0p02_0028_0001" 5792
"/Engine/EngineMaterials/Substrate/GLints/dict_16_192_64_0p5_0p02_0028_0000" 5793
"/Engine/EngineMaterials/Substrate/GLints/dict_16_192_64_0p5_0p02_0027_0015" 5794
"/Engine/EngineMaterials/Substrate/GLints/dict_16_192_64_0p5_0p02_0029_0014" 5795
"../../../Engine/Content/EngineMaterials/Substrate/GLints/dict_16_192_64_0p5_0p02_0030_0001.uasset" 5796
"../../../Engine/Content/EngineMaterials/Substrate/GLints/dict_16_192_64_0p5_0p02_0029_0015.uasset" 5797
"../../../Engine/Content/EngineMaterials/Substrate/GLints/dict_16_192_64_0p5_0p02_0030_0000.uasset" 5798
"/Engine/EngineMaterials/Substrate/GLints/dict_16_192_64_0p5_0p02_0029_0013" 5799
"../../../Engine/Content/EngineMaterials/Substrate/GLints/dict_16_192_64_0p5_0p02_0030_0006.uasset" 5800
"../../../Engine/Content/EngineMaterials/Substrate/GLints/dict_16_192_64_0p5_0p02_0030_0004.uasset" 5801
"../../../Engine/Content/EngineMaterials/Substrate/GLints/dict_16_192_64_0p5_0p02_0030_0005.uasset" 5802
"../../../Engine/Content/EngineMaterials/Substrate/GLints/dict_16_192_64_0p5_0p02_0030_0002.uasset" 5803
"../../../Engine/Content/EngineMaterials/Substrate/GLints/dict_16_192_64_0p5_0p02_0030_0003.uasset" 5804
"/Engine/EngineMaterials/Substrate/GLints/dict_16_192_64_0p5_0p02_0029_0012" 5805
"/Engine/EngineMaterials/Substrate/GLints/dict_16_192_64_0p5_0p02_0029_0011" 5806
"/Engine/EngineMaterials/Substrate/GLints/dict_16_192_64_0p5_0p02_0029_0010" 5807
"/Engine/EngineMaterials/Substrate/GLints/dict_16_192_64_0p5_0p02_0029_0009" 5808
"/Engine/EngineMaterials/Substrate/GLints/dict_16_192_64_0p5_0p02_0029_0008" 5809
"/Engine/EngineMaterials/Substrate/GLints/dict_16_192_64_0p5_0p02_0029_0007" 5810
"/Engine/EngineMaterials/Substrate/GLints/dict_16_192_64_0p5_0p02_0029_0006" 5811
"/Engine/EngineMaterials/Substrate/GLints/dict_16_192_64_0p5_0p02_0029_0005" 5812
"/Engine/EngineMaterials/Substrate/GLints/dict_16_192_64_0p5_0p02_0029_0004" 5813
"/Engine/EngineMaterials/Substrate/GLints/dict_16_192_64_0p5_0p02_0029_0003" 5814
"/Engine/EngineMaterials/Substrate/GLints/dict_16_192_64_0p5_0p02_0029_0002" 5815
"/Engine/EngineMaterials/Substrate/GLints/dict_16_192_64_0p5_0p02_0029_0001" 5816
"/Engine/EngineMaterials/Substrate/GLints/dict_16_192_64_0p5_0p02_0029_0000" 5817
"/Engine/EngineMaterials/Substrate/GLints/dict_16_192_64_0p5_0p02_0028_0015" 5818
"/Engine/EngineMaterials/Substrate/GLints/dict_16_192_64_0p5_0p02_0028_0014" 5819
"/Engine/EngineMaterials/Substrate/GLints/dict_16_192_64_0p5_0p02_0028_0013" 5820
"/Engine/EngineMaterials/Substrate/GLints/dict_16_192_64_0p5_0p02_0028_0012" 5821
"/Engine/EngineMaterials/Substrate/GLints/dict_16_192_64_0p5_0p02_0028_0011" 5822
"/Engine/EngineMaterials/Substrate/GLints/dict_16_192_64_0p5_0p02_0028_0010" 5823
"/Engine/EngineMaterials/Substrate/GLints/dict_16_192_64_0p5_0p02_0028_0009" 5824
"/Engine/EngineMaterials/Substrate/GLints/dict_16_192_64_0p5_0p02_0028_0008" 5825
"/Engine/EngineMaterials/Substrate/GLints/dict_16_192_64_0p5_0p02_0028_0007" 5826
"/Engine/EngineMaterials/Substrate/GLints/dict_16_192_64_0p5_0p02_0030_0006" 5827
"../../../Engine/Content/EngineMaterials/Substrate/GLints/dict_16_192_64_0p5_0p02_0030_0009.uasset" 5828
"../../../Engine/Content/EngineMaterials/Substrate/GLints/dict_16_192_64_0p5_0p02_0030_0007.uasset" 5829
"../../../Engine/Content/EngineMaterials/Substrate/GLints/dict_16_192_64_0p5_0p02_0030_0010.uasset" 5830
"../../../Engine/Content/EngineMaterials/Substrate/GLints/dict_16_192_64_0p5_0p02_0030_0014.uasset" 5831
"../../../Engine/Content/EngineMaterials/Substrate/GLints/dict_16_192_64_0p5_0p02_0030_0013.uasset" 5832
"../../../Engine/Content/EngineMaterials/Substrate/GLints/dict_16_192_64_0p5_0p02_0030_0008.uasset" 5833
"../../../Engine/Content/EngineMaterials/Substrate/GLints/dict_16_192_64_0p5_0p02_0031_0006.uasset" 5834
"../../../Engine/Content/EngineMaterials/Substrate/GLints/dict_16_192_64_0p5_0p02_0031_0001.uasset" 5835
"../../../Engine/Content/EngineMaterials/Substrate/GLints/dict_16_192_64_0p5_0p02_0030_0011.uasset" 5836
"/Engine/EngineMaterials/Substrate/GLints/dict_16_192_64_0p5_0p02_0030_0005" 5837
"../../../Engine/Content/EngineMaterials/Substrate/GLints/dict_16_192_64_0p5_0p02_0031_0008.uasset" 5838
"../../../Engine/Content/EngineMaterials/Substrate/GLints/dict_16_192_64_0p5_0p02_0030_0012.uasset" 5839
"../../../Engine/Content/EngineMaterials/Substrate/GLints/dict_16_192_64_0p5_0p02_0030_0015.uasset" 5840
"../../../Engine/Content/EngineMaterials/Substrate/GLints/dict_16_192_64_0p5_0p02_0031_0003.uasset" 5841
"../../../Engine/Content/EngineMaterials/Substrate/GLints/dict_16_192_64_0p5_0p02_0031_0005.uasset" 5842
"../../../Engine/Content/EngineMaterials/Substrate/GLints/dict_16_192_64_0p5_0p02_0031_0004.uasset" 5843
"../../../Engine/Content/EngineMaterials/Substrate/GLints/dict_16_192_64_0p5_0p02_0031_0010.uasset" 5844
"../../../Engine/Content/EngineMaterials/Substrate/GLints/dict_16_192_64_0p5_0p02_0031_0009.uasset" 5845
"../../../Engine/Content/EngineMaterials/Substrate/GLints/dict_16_192_64_0p5_0p02_0031_0002.uasset" 5846
"../../../Engine/Content/EngineMaterials/Substrate/GLints/dict_16_192_64_0p5_0p02_0031_0007.uasset" 5847
"../../../Engine/Content/EngineMaterials/Substrate/GLints/dict_16_192_64_0p5_0p02_0031_0011.uasset" 5848
"../../../Engine/Content/EngineMaterials/Substrate/GLints/dict_16_192_64_0p5_0p02_0031_0012.uasset" 5849
"../../../Engine/Content/EngineMaterials/Substrate/GLints/dict_16_192_64_0p5_0p02_0031_0000.uasset" 5850
"../../../Engine/Content/EngineMaterials/Substrate/GLints/dict_16_192_64_0p5_0p02_0031_0013.uasset" 5851
"../../../Engine/Content/EngineMaterials/Substrate/GLints/dict_16_192_64_0p5_0p02_0031_0014.uasset" 5852
"/Engine/EngineMaterials/Substrate/GLints/dict_16_192_64_0p5_0p02_0030_0004" 5853
"/Engine/EngineMaterials/Substrate/GLints/dict_16_192_64_0p5_0p02_0030_0003" 5854
"/Engine/EngineMaterials/Substrate/GLints/dict_16_192_64_0p5_0p02_0030_0002" 5855
"/Engine/EngineMaterials/Substrate/GLints/dict_16_192_64_0p5_0p02_0030_0001" 5856
"/Engine/EngineMaterials/Substrate/GLints/dict_16_192_64_0p5_0p02_0030_0000" 5857
"/Engine/EngineMaterials/Substrate/GLints/dict_16_192_64_0p5_0p02_0029_0015" 5858
"/Engine/EngineMaterials/Substrate/GLints/dict_16_192_64_0p5_0p02_0031_0014" 5859
"../../../Engine/Content/EngineMaterials/Substrate/GLints/dict_16_192_64_0p5_0p02_0031_0015.uasset" 5860
"../../../Engine/Content/EngineMaterials/Substrate/GLints/dict_16_192_64_0p5_0p02_0032_0001.uasset" 5861
"../../../Engine/Content/EngineMaterials/Substrate/GLints/dict_16_192_64_0p5_0p02_0032_0000.uasset" 5862
"../../../Engine/Content/EngineMaterials/Substrate/GLints/dict_16_192_64_0p5_0p02_0032_0004.uasset" 5863
"/Engine/EngineMaterials/Substrate/GLints/dict_16_192_64_0p5_0p02_0031_0013" 5864
"../../../Engine/Content/EngineMaterials/Substrate/GLints/dict_16_192_64_0p5_0p02_0032_0002.uasset" 5865
"../../../Engine/Content/EngineMaterials/Substrate/GLints/dict_16_192_64_0p5_0p02_0032_0003.uasset" 5866
"../../../Engine/Content/EngineMaterials/Substrate/GLints/dict_16_192_64_0p5_0p02_0032_0005.uasset" 5867
"../../../Engine/Content/EngineMaterials/Substrate/GLints/dict_16_192_64_0p5_0p02_0032_0006.uasset" 5868
"/Engine/EngineMaterials/Substrate/GLints/dict_16_192_64_0p5_0p02_0031_0012" 5869
"/Engine/EngineMaterials/Substrate/GLints/dict_16_192_64_0p5_0p02_0031_0011" 5870
"/Engine/EngineMaterials/Substrate/GLints/dict_16_192_64_0p5_0p02_0031_0010" 5871
"/Engine/EngineMaterials/Substrate/GLints/dict_16_192_64_0p5_0p02_0031_0009" 5872
"/Engine/EngineMaterials/Substrate/GLints/dict_16_192_64_0p5_0p02_0031_0008" 5873
"/Engine/EngineMaterials/Substrate/GLints/dict_16_192_64_0p5_0p02_0031_0007" 5874
"/Engine/EngineMaterials/Substrate/GLints/dict_16_192_64_0p5_0p02_0031_0006" 5875
"/Engine/EngineMaterials/Substrate/GLints/dict_16_192_64_0p5_0p02_0031_0005" 5876
"/Engine/EngineMaterials/Substrate/GLints/dict_16_192_64_0p5_0p02_0031_0004" 5877
"/Engine/EngineMaterials/Substrate/GLints/dict_16_192_64_0p5_0p02_0031_0003" 5878
"/Engine/EngineMaterials/Substrate/GLints/dict_16_192_64_0p5_0p02_0031_0002" 5879
"/Engine/EngineMaterials/Substrate/GLints/dict_16_192_64_0p5_0p02_0031_0001" 5880
"/Engine/EngineMaterials/Substrate/GLints/dict_16_192_64_0p5_0p02_0031_0000" 5881
"/Engine/EngineMaterials/Substrate/GLints/dict_16_192_64_0p5_0p02_0030_0015" 5882
"/Engine/EngineMaterials/Substrate/GLints/dict_16_192_64_0p5_0p02_0030_0014" 5883
"/Engine/EngineMaterials/Substrate/GLints/dict_16_192_64_0p5_0p02_0030_0013" 5884
"/Engine/EngineMaterials/Substrate/GLints/dict_16_192_64_0p5_0p02_0030_0012" 5885
"/Engine/EngineMaterials/Substrate/GLints/dict_16_192_64_0p5_0p02_0030_0011" 5886
"/Engine/EngineMaterials/Substrate/GLints/dict_16_192_64_0p5_0p02_0030_0010" 5887
"/Engine/EngineMaterials/Substrate/GLints/dict_16_192_64_0p5_0p02_0030_0009" 5888
"/Engine/EngineMaterials/Substrate/GLints/dict_16_192_64_0p5_0p02_0030_0008" 5889
"/Engine/EngineMaterials/Substrate/GLints/dict_16_192_64_0p5_0p02_0030_0007" 5890
"/Engine/EngineMaterials/Substrate/GLints/dict_16_192_64_0p5_0p02_0032_0006" 5891
"../../../Engine/Content/EngineMaterials/Substrate/GLints/dict_16_192_64_0p5_0p02_0032_0007.uasset" 5892
"../../../Engine/Content/EngineMaterials/Substrate/GLints/dict_16_192_64_0p5_0p02_0032_0009.uasset" 5893
"../../../Engine/Content/EngineMaterials/Substrate/GLints/dict_16_192_64_0p5_0p02_0032_0010.uasset" 5894
"../../../Engine/Content/EngineMaterials/Substrate/GLints/dict_16_192_64_0p5_0p02_0032_0008.uasset" 5895
"../../../Engine/Content/EngineMaterials/Substrate/GLints/dict_16_192_64_0p5_0p02_0033_0000.uasset" 5896
"/Engine/EngineMaterials/Substrate/GLints/dict_16_192_64_0p5_0p02_0032_0005" 5897
"../../../Engine/Content/EngineMaterials/Substrate/GLints/dict_16_192_64_0p5_0p02_0032_0011.uasset" 5898
"../../../Engine/Content/EngineMaterials/Substrate/GLints/dict_16_192_64_0p5_0p02_0032_0012.uasset" 5899
"../../../Engine/Content/EngineMaterials/Substrate/GLints/dict_16_192_64_0p5_0p02_0032_0015.uasset" 5900
"../../../Engine/Content/EngineMaterials/Substrate/GLints/dict_16_192_64_0p5_0p02_0033_0003.uasset" 5901
"../../../Engine/Content/EngineMaterials/Substrate/GLints/dict_16_192_64_0p5_0p02_0032_0013.uasset" 5902
"../../../Engine/Content/EngineMaterials/Substrate/GLints/dict_16_192_64_0p5_0p02_0033_0002.uasset" 5903
"/Engine/EngineMaterials/Substrate/GLints/dict_16_192_64_0p5_0p02_0032_0004" 5904
"../../../Engine/Content/EngineMaterials/Substrate/GLints/dict_16_192_64_0p5_0p02_0033_0007.uasset" 5905
"../../../Engine/Content/EngineMaterials/Substrate/GLints/dict_16_192_64_0p5_0p02_0032_0014.uasset" 5906
"../../../Engine/Content/EngineMaterials/Substrate/GLints/dict_16_192_64_0p5_0p02_0033_0004.uasset" 5907
"../../../Engine/Content/EngineMaterials/Substrate/GLints/dict_16_192_64_0p5_0p02_0033_0005.uasset" 5908
"../../../Engine/Content/EngineMaterials/Substrate/GLints/dict_16_192_64_0p5_0p02_0033_0009.uasset" 5909
"../../../Engine/Content/EngineMaterials/Substrate/GLints/dict_16_192_64_0p5_0p02_0033_0008.uasset" 5910
"../../../Engine/Content/EngineMaterials/Substrate/GLints/dict_16_192_64_0p5_0p02_0033_0011.uasset" 5911
"../../../Engine/Content/EngineMaterials/Substrate/GLints/dict_16_192_64_0p5_0p02_0033_0001.uasset" 5912
"../../../Engine/Content/EngineMaterials/Substrate/GLints/dict_16_192_64_0p5_0p02_0033_0006.uasset" 5913
"../../../Engine/Content/EngineMaterials/Substrate/GLints/dict_16_192_64_0p5_0p02_0033_0010.uasset" 5914
"../../../Engine/Content/EngineMaterials/Substrate/GLints/dict_16_192_64_0p5_0p02_0033_0012.uasset" 5915
"/Engine/EngineMaterials/Substrate/GLints/dict_16_192_64_0p5_0p02_0032_0003" 5916
"../../../Engine/Content/EngineMaterials/Substrate/GLints/dict_16_192_64_0p5_0p02_0033_0013.uasset" 5917
"../../../Engine/Content/EngineMaterials/Substrate/GLints/dict_16_192_64_0p5_0p02_0033_0014.uasset" 5918
"/Engine/EngineMaterials/Substrate/GLints/dict_16_192_64_0p5_0p02_0032_0002" 5919
"/Engine/EngineMaterials/Substrate/GLints/dict_16_192_64_0p5_0p02_0032_0001" 5920
"/Engine/EngineMaterials/Substrate/GLints/dict_16_192_64_0p5_0p02_0032_0000" 5921
"/Engine/EngineMaterials/Substrate/GLints/dict_16_192_64_0p5_0p02_0031_0015" 5922
"/Engine/EngineMaterials/Substrate/GLints/dict_16_192_64_0p5_0p02_0033_0014" 5923
"../../../Engine/Content/EngineMaterials/Substrate/GLints/dict_16_192_64_0p5_0p02_0034_0002.uasset" 5924
"../../../Engine/Content/EngineMaterials/Substrate/GLints/dict_16_192_64_0p5_0p02_0034_0000.uasset" 5925
"../../../Engine/Content/EngineMaterials/Substrate/GLints/dict_16_192_64_0p5_0p02_0034_0003.uasset" 5926
"../../../Engine/Content/EngineMaterials/Substrate/GLints/dict_16_192_64_0p5_0p02_0034_0001.uasset" 5927
"../../../Engine/Content/EngineMaterials/Substrate/GLints/dict_16_192_64_0p5_0p02_0034_0005.uasset" 5928
"/Engine/EngineMaterials/Substrate/GLints/dict_16_192_64_0p5_0p02_0033_0013" 5929
"../../../Engine/Content/EngineMaterials/Substrate/GLints/dict_16_192_64_0p5_0p02_0034_0006.uasset" 5930
"../../../Engine/Content/EngineMaterials/Substrate/GLints/dict_16_192_64_0p5_0p02_0034_0004.uasset" 5931
"../../../Engine/Content/EngineMaterials/Substrate/GLints/dict_16_192_64_0p5_0p02_0033_0015.uasset" 5932
"/Engine/EngineMaterials/Substrate/GLints/dict_16_192_64_0p5_0p02_0033_0012" 5933
"/Engine/EngineMaterials/Substrate/GLints/dict_16_192_64_0p5_0p02_0033_0011" 5934
"/Engine/EngineMaterials/Substrate/GLints/dict_16_192_64_0p5_0p02_0033_0010" 5935
"/Engine/EngineMaterials/Substrate/GLints/dict_16_192_64_0p5_0p02_0033_0009" 5936
"/Engine/EngineMaterials/Substrate/GLints/dict_16_192_64_0p5_0p02_0033_0008" 5937
"/Engine/EngineMaterials/Substrate/GLints/dict_16_192_64_0p5_0p02_0033_0007" 5938
"/Engine/EngineMaterials/Substrate/GLints/dict_16_192_64_0p5_0p02_0033_0006" 5939
"/Engine/EngineMaterials/Substrate/GLints/dict_16_192_64_0p5_0p02_0033_0005" 5940
"/Engine/EngineMaterials/Substrate/GLints/dict_16_192_64_0p5_0p02_0033_0004" 5941
"/Engine/EngineMaterials/Substrate/GLints/dict_16_192_64_0p5_0p02_0033_0003" 5942
"/Engine/EngineMaterials/Substrate/GLints/dict_16_192_64_0p5_0p02_0033_0002" 5943
"/Engine/EngineMaterials/Substrate/GLints/dict_16_192_64_0p5_0p02_0033_0001" 5944
"/Engine/EngineMaterials/Substrate/GLints/dict_16_192_64_0p5_0p02_0033_0000" 5945
"/Engine/EngineMaterials/Substrate/GLints/dict_16_192_64_0p5_0p02_0032_0015" 5946
"/Engine/EngineMaterials/Substrate/GLints/dict_16_192_64_0p5_0p02_0032_0014" 5947
"/Engine/EngineMaterials/Substrate/GLints/dict_16_192_64_0p5_0p02_0032_0013" 5948
"/Engine/EngineMaterials/Substrate/GLints/dict_16_192_64_0p5_0p02_0032_0012" 5949
"/Engine/EngineMaterials/Substrate/GLints/dict_16_192_64_0p5_0p02_0032_0011" 5950
"/Engine/EngineMaterials/Substrate/GLints/dict_16_192_64_0p5_0p02_0032_0010" 5951
"/Engine/EngineMaterials/Substrate/GLints/dict_16_192_64_0p5_0p02_0032_0009" 5952
"/Engine/EngineMaterials/Substrate/GLints/dict_16_192_64_0p5_0p02_0032_0008" 5953
"/Engine/EngineMaterials/Substrate/GLints/dict_16_192_64_0p5_0p02_0032_0007" 5954
"/Engine/EngineMaterials/Substrate/GLints/dict_16_192_64_0p5_0p02_0034_0006" 5955
"../../../Engine/Content/EngineMaterials/Substrate/GLints/dict_16_192_64_0p5_0p02_0034_0008.uasset" 5956
"../../../Engine/Content/EngineMaterials/Substrate/GLints/dict_16_192_64_0p5_0p02_0034_0007.uasset" 5957
"../../../Engine/Content/EngineMaterials/Substrate/GLints/dict_16_192_64_0p5_0p02_0034_0011.uasset" 5958
"/Engine/EngineMaterials/Substrate/GLints/dict_16_192_64_0p5_0p02_0034_0005" 5959
"../../../Engine/Content/EngineMaterials/Substrate/GLints/dict_16_192_64_0p5_0p02_0034_0009.uasset" 5960
"../../../Engine/Content/EngineMaterials/Substrate/GLints/dict_16_192_64_0p5_0p02_0034_0013.uasset" 5961
"../../../Engine/Content/EngineMaterials/Substrate/GLints/dict_16_192_64_0p5_0p02_0034_0010.uasset" 5962
"../../../Engine/Content/EngineMaterials/Substrate/GLints/dict_16_192_64_0p5_0p02_0034_0014.uasset" 5963
"../../../Engine/Content/EngineMaterials/Substrate/GLints/dict_16_192_64_0p5_0p02_0034_0015.uasset" 5964
"/Engine/EngineMaterials/Substrate/GLints/dict_16_192_64_0p5_0p02_0034_0004" 5965
"../../../Engine/Content/EngineMaterials/Substrate/GLints/dict_16_192_64_0p5_0p02_0035_0004.uasset" 5966
"../../../Engine/Content/EngineMaterials/Substrate/GLints/dict_16_192_64_0p5_0p02_0034_0012.uasset" 5967
"../../../Engine/Content/EngineMaterials/Substrate/GLints/dict_16_192_64_0p5_0p02_0035_0001.uasset" 5968
"../../../Engine/Content/EngineMaterials/Substrate/GLints/dict_16_192_64_0p5_0p02_0035_0007.uasset" 5969
"../../../Engine/Content/EngineMaterials/Substrate/GLints/dict_16_192_64_0p5_0p02_0035_0000.uasset" 5970
"../../../Engine/Content/EngineMaterials/Substrate/GLints/dict_16_192_64_0p5_0p02_0035_0005.uasset" 5971
"../../../Engine/Content/EngineMaterials/Substrate/GLints/dict_16_192_64_0p5_0p02_0035_0002.uasset" 5972
"../../../Engine/Content/EngineMaterials/Substrate/GLints/dict_16_192_64_0p5_0p02_0035_0003.uasset" 5973
"../../../Engine/Content/EngineMaterials/Substrate/GLints/dict_16_192_64_0p5_0p02_0035_0008.uasset" 5974
"../../../Engine/Content/EngineMaterials/Substrate/GLints/dict_16_192_64_0p5_0p02_0035_0012.uasset" 5975
"../../../Engine/Content/EngineMaterials/Substrate/GLints/dict_16_192_64_0p5_0p02_0035_0009.uasset" 5976
"../../../Engine/Content/EngineMaterials/Substrate/GLints/dict_16_192_64_0p5_0p02_0035_0010.uasset" 5977
"../../../Engine/Content/EngineMaterials/Substrate/GLints/dict_16_192_64_0p5_0p02_0035_0011.uasset" 5978
"../../../Engine/Content/EngineMaterials/Substrate/GLints/dict_16_192_64_0p5_0p02_0035_0014.uasset" 5979
"../../../Engine/Content/EngineMaterials/Substrate/GLints/dict_16_192_64_0p5_0p02_0035_0013.uasset" 5980
"/Engine/EngineMaterials/Substrate/GLints/dict_16_192_64_0p5_0p02_0034_0003" 5981
"../../../Engine/Content/EngineMaterials/Substrate/GLints/dict_16_192_64_0p5_0p02_0035_0006.uasset" 5982
"/Engine/EngineMaterials/Substrate/GLints/dict_16_192_64_0p5_0p02_0034_0002" 5983
"/Engine/EngineMaterials/Substrate/GLints/dict_16_192_64_0p5_0p02_0034_0001" 5984
"/Engine/EngineMaterials/Substrate/GLints/dict_16_192_64_0p5_0p02_0034_0000" 5985
"/Engine/EngineMaterials/Substrate/GLints/dict_16_192_64_0p5_0p02_0033_0015" 5986
"/Engine/EngineMaterials/Substrate/GLints/dict_16_192_64_0p5_0p02_0035_0014" 5987
"../../../Engine/Content/EngineMaterials/Substrate/GLints/dict_16_192_64_0p5_0p02_0035_0015.uasset" 5988
"../../../Engine/Content/EngineMaterials/Substrate/GLints/dict_16_192_64_0p5_0p02_0036_0000.uasset" 5989
"../../../Engine/Content/EngineMaterials/Substrate/GLints/dict_16_192_64_0p5_0p02_0036_0001.uasset" 5990
"/Engine/EngineMaterials/Substrate/GLints/dict_16_192_64_0p5_0p02_0035_0013" 5991
"../../../Engine/Content/EngineMaterials/Substrate/GLints/dict_16_192_64_0p5_0p02_0036_0005.uasset" 5992
"../../../Engine/Content/EngineMaterials/Substrate/GLints/dict_16_192_64_0p5_0p02_0036_0004.uasset" 5993
"../../../Engine/Content/EngineMaterials/Substrate/GLints/dict_16_192_64_0p5_0p02_0036_0006.uasset" 5994
"../../../Engine/Content/EngineMaterials/Substrate/GLints/dict_16_192_64_0p5_0p02_0036_0002.uasset" 5995
"../../../Engine/Content/EngineMaterials/Substrate/GLints/dict_16_192_64_0p5_0p02_0036_0003.uasset" 5996
"/Engine/EngineMaterials/Substrate/GLints/dict_16_192_64_0p5_0p02_0035_0012" 5997
"/Engine/EngineMaterials/Substrate/GLints/dict_16_192_64_0p5_0p02_0035_0011" 5998
"/Engine/EngineMaterials/Substrate/GLints/dict_16_192_64_0p5_0p02_0035_0010" 5999
"/Engine/EngineMaterials/Substrate/GLints/dict_16_192_64_0p5_0p02_0035_0009" 6000
"/Engine/EngineMaterials/Substrate/GLints/dict_16_192_64_0p5_0p02_0035_0008" 6001
"/Engine/EngineMaterials/Substrate/GLints/dict_16_192_64_0p5_0p02_0035_0007" 6002
"/Engine/EngineMaterials/Substrate/GLints/dict_16_192_64_0p5_0p02_0035_0006" 6003
"/Engine/EngineMaterials/Substrate/GLints/dict_16_192_64_0p5_0p02_0035_0005" 6004
"/Engine/EngineMaterials/Substrate/GLints/dict_16_192_64_0p5_0p02_0035_0004" 6005
"/Engine/EngineMaterials/Substrate/GLints/dict_16_192_64_0p5_0p02_0035_0003" 6006
"/Engine/EngineMaterials/Substrate/GLints/dict_16_192_64_0p5_0p02_0035_0002" 6007
"/Engine/EngineMaterials/Substrate/GLints/dict_16_192_64_0p5_0p02_0035_0001" 6008
"/Engine/EngineMaterials/Substrate/GLints/dict_16_192_64_0p5_0p02_0035_0000" 6009
"/Engine/EngineMaterials/Substrate/GLints/dict_16_192_64_0p5_0p02_0034_0015" 6010
"/Engine/EngineMaterials/Substrate/GLints/dict_16_192_64_0p5_0p02_0034_0014" 6011
"/Engine/EngineMaterials/Substrate/GLints/dict_16_192_64_0p5_0p02_0034_0013" 6012
"/Engine/EngineMaterials/Substrate/GLints/dict_16_192_64_0p5_0p02_0034_0012" 6013
"/Engine/EngineMaterials/Substrate/GLints/dict_16_192_64_0p5_0p02_0034_0011" 6014
"/Engine/EngineMaterials/Substrate/GLints/dict_16_192_64_0p5_0p02_0034_0010" 6015
"/Engine/EngineMaterials/Substrate/GLints/dict_16_192_64_0p5_0p02_0034_0009" 6016
"/Engine/EngineMaterials/Substrate/GLints/dict_16_192_64_0p5_0p02_0034_0008" 6017
"/Engine/EngineMaterials/Substrate/GLints/dict_16_192_64_0p5_0p02_0034_0007" 6018
"/Engine/EngineMaterials/Substrate/GLints/dict_16_192_64_0p5_0p02_0036_0006" 6019
"../../../Engine/Content/EngineMaterials/Substrate/GLints/dict_16_192_64_0p5_0p02_0036_0007.uasset" 6020
"../../../Engine/Content/EngineMaterials/Substrate/GLints/dict_16_192_64_0p5_0p02_0036_0008.uasset" 6021
"../../../Engine/Content/EngineMaterials/Substrate/GLints/dict_16_192_64_0p5_0p02_0036_0009.uasset" 6022
"../../../Engine/Content/EngineMaterials/Substrate/GLints/dict_16_192_64_0p5_0p02_0036_0011.uasset" 6023
"../../../Engine/Content/EngineMaterials/Substrate/GLints/dict_16_192_64_0p5_0p02_0036_0010.uasset" 6024
"../../../Engine/Content/EngineMaterials/Substrate/GLints/dict_16_192_64_0p5_0p02_0036_0012.uasset" 6025
"/Engine/EngineMaterials/Substrate/GLints/dict_16_192_64_0p5_0p02_0036_0005" 6026
"../../../Engine/Content/EngineMaterials/Substrate/GLints/dict_16_192_64_0p5_0p02_0036_0015.uasset" 6027
"../../../Engine/Content/EngineMaterials/Substrate/GLints/dict_16_192_64_0p5_0p02_0037_0000.uasset" 6028
"../../../Engine/Content/EngineMaterials/Substrate/GLints/dict_16_192_64_0p5_0p02_0037_0001.uasset" 6029
"/Engine/EngineMaterials/Substrate/GLints/dict_16_192_64_0p5_0p02_0036_0004" 6030
"../../../Engine/Content/EngineMaterials/Substrate/GLints/dict_16_192_64_0p5_0p02_0037_0006.uasset" 6031
"../../../Engine/Content/EngineMaterials/Substrate/GLints/dict_16_192_64_0p5_0p02_0037_0005.uasset" 6032
"../../../Engine/Content/EngineMaterials/Substrate/GLints/dict_16_192_64_0p5_0p02_0036_0014.uasset" 6033
"../../../Engine/Content/EngineMaterials/Substrate/GLints/dict_16_192_64_0p5_0p02_0037_0004.uasset" 6034
"../../../Engine/Content/EngineMaterials/Substrate/GLints/dict_16_192_64_0p5_0p02_0037_0011.uasset" 6035
"../../../Engine/Content/EngineMaterials/Substrate/GLints/dict_16_192_64_0p5_0p02_0037_0002.uasset" 6036
"../../../Engine/Content/EngineMaterials/Substrate/GLints/dict_16_192_64_0p5_0p02_0037_0012.uasset" 6037
"../../../Engine/Content/EngineMaterials/Substrate/GLints/dict_16_192_64_0p5_0p02_0037_0013.uasset" 6038
"../../../Engine/Content/EngineMaterials/Substrate/GLints/dict_16_192_64_0p5_0p02_0037_0008.uasset" 6039
"../../../Engine/Content/EngineMaterials/Substrate/GLints/dict_16_192_64_0p5_0p02_0036_0013.uasset" 6040
"../../../Engine/Content/EngineMaterials/Substrate/GLints/dict_16_192_64_0p5_0p02_0037_0009.uasset" 6041
"/Engine/EngineMaterials/Substrate/GLints/dict_16_192_64_0p5_0p02_0036_0003" 6042
"../../../Engine/Content/EngineMaterials/Substrate/GLints/dict_16_192_64_0p5_0p02_0037_0014.uasset" 6043
"../../../Engine/Content/EngineMaterials/Substrate/GLints/dict_16_192_64_0p5_0p02_0037_0003.uasset" 6044
"../../../Engine/Content/EngineMaterials/Substrate/GLints/dict_16_192_64_0p5_0p02_0037_0007.uasset" 6045
"../../../Engine/Content/EngineMaterials/Substrate/GLints/dict_16_192_64_0p5_0p02_0037_0010.uasset" 6046
"/Engine/EngineMaterials/Substrate/GLints/dict_16_192_64_0p5_0p02_0036_0002" 6047
"/Engine/EngineMaterials/Substrate/GLints/dict_16_192_64_0p5_0p02_0036_0001" 6048
"/Engine/EngineMaterials/Substrate/GLints/dict_16_192_64_0p5_0p02_0036_0000" 6049
"/Engine/EngineMaterials/Substrate/GLints/dict_16_192_64_0p5_0p02_0035_0015" 6050
"/Engine/EngineMaterials/Substrate/GLints/dict_16_192_64_0p5_0p02_0037_0014" 6051
"../../../Engine/Content/EngineMaterials/Substrate/GLints/dict_16_192_64_0p5_0p02_0038_0002.uasset" 6052
"../../../Engine/Content/EngineMaterials/Substrate/GLints/dict_16_192_64_0p5_0p02_0038_0003.uasset" 6053
"../../../Engine/Content/EngineMaterials/Substrate/GLints/dict_16_192_64_0p5_0p02_0038_0005.uasset" 6054
"/Engine/EngineMaterials/Substrate/GLints/dict_16_192_64_0p5_0p02_0037_0013" 6055
"../../../Engine/Content/EngineMaterials/Substrate/GLints/dict_16_192_64_0p5_0p02_0038_0001.uasset" 6056
"../../../Engine/Content/EngineMaterials/Substrate/GLints/dict_16_192_64_0p5_0p02_0037_0015.uasset" 6057
"../../../Engine/Content/EngineMaterials/Substrate/GLints/dict_16_192_64_0p5_0p02_0038_0000.uasset" 6058
"../../../Engine/Content/EngineMaterials/Substrate/GLints/dict_16_192_64_0p5_0p02_0038_0004.uasset" 6059
"../../../Engine/Content/EngineMaterials/Substrate/GLints/dict_16_192_64_0p5_0p02_0038_0006.uasset" 6060
"/Engine/EngineMaterials/Substrate/GLints/dict_16_192_64_0p5_0p02_0037_0012" 6061
"/Engine/EngineMaterials/Substrate/GLints/dict_16_192_64_0p5_0p02_0037_0011" 6062
"/Engine/EngineMaterials/Substrate/GLints/dict_16_192_64_0p5_0p02_0037_0010" 6063
"/Engine/EngineMaterials/Substrate/GLints/dict_16_192_64_0p5_0p02_0037_0009" 6064
"/Engine/EngineMaterials/Substrate/GLints/dict_16_192_64_0p5_0p02_0037_0008" 6065
"/Engine/EngineMaterials/Substrate/GLints/dict_16_192_64_0p5_0p02_0037_0007" 6066
"/Engine/EngineMaterials/Substrate/GLints/dict_16_192_64_0p5_0p02_0037_0006" 6067
"/Engine/EngineMaterials/Substrate/GLints/dict_16_192_64_0p5_0p02_0037_0005" 6068
"/Engine/EngineMaterials/Substrate/GLints/dict_16_192_64_0p5_0p02_0037_0004" 6069
"/Engine/EngineMaterials/Substrate/GLints/dict_16_192_64_0p5_0p02_0037_0003" 6070
"/Engine/EngineMaterials/Substrate/GLints/dict_16_192_64_0p5_0p02_0037_0002" 6071
"/Engine/EngineMaterials/Substrate/GLints/dict_16_192_64_0p5_0p02_0037_0001" 6072
"/Engine/EngineMaterials/Substrate/GLints/dict_16_192_64_0p5_0p02_0037_0000" 6073
"/Engine/EngineMaterials/Substrate/GLints/dict_16_192_64_0p5_0p02_0036_0015" 6074
"/Engine/EngineMaterials/Substrate/GLints/dict_16_192_64_0p5_0p02_0036_0014" 6075
"/Engine/EngineMaterials/Substrate/GLints/dict_16_192_64_0p5_0p02_0036_0013" 6076
"/Engine/EngineMaterials/Substrate/GLints/dict_16_192_64_0p5_0p02_0036_0012" 6077
"/Engine/EngineMaterials/Substrate/GLints/dict_16_192_64_0p5_0p02_0036_0011" 6078
"/Engine/EngineMaterials/Substrate/GLints/dict_16_192_64_0p5_0p02_0036_0010" 6079
"/Engine/EngineMaterials/Substrate/GLints/dict_16_192_64_0p5_0p02_0036_0009" 6080
"/Engine/EngineMaterials/Substrate/GLints/dict_16_192_64_0p5_0p02_0036_0008" 6081
"/Engine/EngineMaterials/Substrate/GLints/dict_16_192_64_0p5_0p02_0036_0007" 6082
"/Engine/EngineMaterials/Substrate/GLints/dict_16_192_64_0p5_0p02_0038_0006" 6083
"../../../Engine/Content/EngineMaterials/Substrate/GLints/dict_16_192_64_0p5_0p02_0038_0010.uasset" 6084
"../../../Engine/Content/EngineMaterials/Substrate/GLints/dict_16_192_64_0p5_0p02_0038_0012.uasset" 6085
"../../../Engine/Content/EngineMaterials/Substrate/GLints/dict_16_192_64_0p5_0p02_0038_0013.uasset" 6086
"../../../Engine/Content/EngineMaterials/Substrate/GLints/dict_16_192_64_0p5_0p02_0038_0008.uasset" 6087
"../../../Engine/Content/EngineMaterials/Substrate/GLints/dict_16_192_64_0p5_0p02_0038_0007.uasset" 6088
"/Engine/EngineMaterials/Substrate/GLints/dict_16_192_64_0p5_0p02_0038_0005" 6089
"../../../Engine/Content/EngineMaterials/Substrate/GLints/dict_16_192_64_0p5_0p02_0038_0015.uasset" 6090
"../../../Engine/Content/EngineMaterials/Substrate/GLints/dict_16_192_64_0p5_0p02_0038_0009.uasset" 6091
"../../../Engine/Content/EngineMaterials/Substrate/GLints/dict_16_192_64_0p5_0p02_0038_0014.uasset" 6092
"../../../Engine/Content/EngineMaterials/Substrate/GLints/dict_16_192_64_0p5_0p02_0039_0002.uasset" 6093
"../../../Engine/Content/EngineMaterials/Substrate/GLints/dict_16_192_64_0p5_0p02_0038_0011.uasset" 6094
"../../../Engine/Content/EngineMaterials/Substrate/GLints/dict_16_192_64_0p5_0p02_0039_0007.uasset" 6095
"../../../Engine/Content/EngineMaterials/Substrate/GLints/dict_16_192_64_0p5_0p02_0039_0000.uasset" 6096
"/Engine/EngineMaterials/Substrate/GLints/dict_16_192_64_0p5_0p02_0038_0004" 6097
"../../../Engine/Content/EngineMaterials/Substrate/GLints/dict_16_192_64_0p5_0p02_0039_0004.uasset" 6098
"../../../Engine/Content/EngineMaterials/Substrate/GLints/dict_16_192_64_0p5_0p02_0039_0003.uasset" 6099
"../../../Engine/Content/EngineMaterials/Substrate/GLints/dict_16_192_64_0p5_0p02_0039_0010.uasset" 6100
"../../../Engine/Content/EngineMaterials/Substrate/GLints/dict_16_192_64_0p5_0p02_0039_0001.uasset" 6101
"../../../Engine/Content/EngineMaterials/Substrate/GLints/dict_16_192_64_0p5_0p02_0039_0012.uasset" 6102
"../../../Engine/Content/EngineMaterials/Substrate/GLints/dict_16_192_64_0p5_0p02_0039_0006.uasset" 6103
"../../../Engine/Content/EngineMaterials/Substrate/GLints/dict_16_192_64_0p5_0p02_0039_0008.uasset" 6104
"../../../Engine/Content/EngineMaterials/Substrate/GLints/dict_16_192_64_0p5_0p02_0039_0009.uasset" 6105
"../../../Engine/Content/EngineMaterials/Substrate/GLints/dict_16_192_64_0p5_0p02_0039_0005.uasset" 6106
"../../../Engine/Content/EngineMaterials/Substrate/GLints/dict_16_192_64_0p5_0p02_0039_0014.uasset" 6107
"../../../Engine/Content/EngineMaterials/Substrate/GLints/dict_16_192_64_0p5_0p02_0039_0011.uasset" 6108
"../../../Engine/Content/EngineMaterials/Substrate/GLints/dict_16_192_64_0p5_0p02_0039_0013.uasset" 6109
"/Engine/EngineMaterials/Substrate/GLints/dict_16_192_64_0p5_0p02_0038_0003" 6110
"/Engine/EngineMaterials/Substrate/GLints/dict_16_192_64_0p5_0p02_0038_0002" 6111
"/Engine/EngineMaterials/Substrate/GLints/dict_16_192_64_0p5_0p02_0038_0001" 6112
"/Engine/EngineMaterials/Substrate/GLints/dict_16_192_64_0p5_0p02_0038_0000" 6113
"/Engine/EngineMaterials/Substrate/GLints/dict_16_192_64_0p5_0p02_0037_0015" 6114
"/Engine/EngineMaterials/Substrate/GLints/dict_16_192_64_0p5_0p02_0039_0014" 6115
"../../../Engine/Content/EngineMaterials/Substrate/GLints/dict_16_192_64_0p5_0p02_0040_0000.uasset" 6116
"/Engine/EngineMaterials/Substrate/GLints/dict_16_192_64_0p5_0p02_0039_0013" 6117
"../../../Engine/Content/EngineMaterials/Substrate/GLints/dict_16_192_64_0p5_0p02_0039_0015.uasset" 6118
"../../../Engine/Content/EngineMaterials/Substrate/GLints/dict_16_192_64_0p5_0p02_0040_0002.uasset" 6119
"../../../Engine/Content/EngineMaterials/Substrate/GLints/dict_16_192_64_0p5_0p02_0040_0005.uasset" 6120
"../../../Engine/Content/EngineMaterials/Substrate/GLints/dict_16_192_64_0p5_0p02_0040_0003.uasset" 6121
"../../../Engine/Content/EngineMaterials/Substrate/GLints/dict_16_192_64_0p5_0p02_0040_0004.uasset" 6122
"../../../Engine/Content/EngineMaterials/Substrate/GLints/dict_16_192_64_0p5_0p02_0040_0006.uasset" 6123
"/Engine/EngineMaterials/Substrate/GLints/dict_16_192_64_0p5_0p02_0039_0012" 6124
"../../../Engine/Content/EngineMaterials/Substrate/GLints/dict_16_192_64_0p5_0p02_0040_0001.uasset" 6125
"/Engine/EngineMaterials/Substrate/GLints/dict_16_192_64_0p5_0p02_0039_0011" 6126
"/Engine/EngineMaterials/Substrate/GLints/dict_16_192_64_0p5_0p02_0039_0010" 6127
"/Engine/EngineMaterials/Substrate/GLints/dict_16_192_64_0p5_0p02_0039_0009" 6128
"/Engine/EngineMaterials/Substrate/GLints/dict_16_192_64_0p5_0p02_0039_0008" 6129
"/Engine/EngineMaterials/Substrate/GLints/dict_16_192_64_0p5_0p02_0039_0007" 6130
"/Engine/EngineMaterials/Substrate/GLints/dict_16_192_64_0p5_0p02_0039_0006" 6131
"/Engine/EngineMaterials/Substrate/GLints/dict_16_192_64_0p5_0p02_0039_0005" 6132
"/Engine/EngineMaterials/Substrate/GLints/dict_16_192_64_0p5_0p02_0039_0004" 6133
"/Engine/EngineMaterials/Substrate/GLints/dict_16_192_64_0p5_0p02_0039_0003" 6134
"/Engine/EngineMaterials/Substrate/GLints/dict_16_192_64_0p5_0p02_0039_0002" 6135
"/Engine/EngineMaterials/Substrate/GLints/dict_16_192_64_0p5_0p02_0039_0001" 6136
"/Engine/EngineMaterials/Substrate/GLints/dict_16_192_64_0p5_0p02_0039_0000" 6137
"/Engine/EngineMaterials/Substrate/GLints/dict_16_192_64_0p5_0p02_0038_0015" 6138
"/Engine/EngineMaterials/Substrate/GLints/dict_16_192_64_0p5_0p02_0038_0014" 6139
"/Engine/EngineMaterials/Substrate/GLints/dict_16_192_64_0p5_0p02_0038_0013" 6140
"/Engine/EngineMaterials/Substrate/GLints/dict_16_192_64_0p5_0p02_0038_0012" 6141
"/Engine/EngineMaterials/Substrate/GLints/dict_16_192_64_0p5_0p02_0038_0011" 6142
"/Engine/EngineMaterials/Substrate/GLints/dict_16_192_64_0p5_0p02_0038_0010" 6143
"/Engine/EngineMaterials/Substrate/GLints/dict_16_192_64_0p5_0p02_0038_0009" 6144
"/Engine/EngineMaterials/Substrate/GLints/dict_16_192_64_0p5_0p02_0038_0008" 6145
"/Engine/EngineMaterials/Substrate/GLints/dict_16_192_64_0p5_0p02_0038_0007" 6146
"/Engine/EngineMaterials/Substrate/GLints/dict_16_192_64_0p5_0p02_0040_0006" 6147
"../../../Engine/Content/EngineMaterials/Substrate/GLints/dict_16_192_64_0p5_0p02_0040_0011.uasset" 6148
"../../../Engine/Content/EngineMaterials/Substrate/GLints/dict_16_192_64_0p5_0p02_0040_0008.uasset" 6149
"../../../Engine/Content/EngineMaterials/Substrate/GLints/dict_16_192_64_0p5_0p02_0040_0009.uasset" 6150
"../../../Engine/Content/EngineMaterials/Substrate/GLints/dict_16_192_64_0p5_0p02_0040_0010.uasset" 6151
"../../../Engine/Content/EngineMaterials/Substrate/GLints/dict_16_192_64_0p5_0p02_0040_0007.uasset" 6152
"../../../Engine/Content/EngineMaterials/Substrate/GLints/dict_16_192_64_0p5_0p02_0040_0014.uasset" 6153
"../../../Engine/Content/EngineMaterials/Substrate/GLints/dict_16_192_64_0p5_0p02_0040_0012.uasset" 6154
"/Engine/EngineMaterials/Substrate/GLints/dict_16_192_64_0p5_0p02_0040_0005" 6155
"../../../Engine/Content/EngineMaterials/Substrate/GLints/dict_16_192_64_0p5_0p02_0041_0000.uasset" 6156
"../../../Engine/Content/EngineMaterials/Substrate/GLints/dict_16_192_64_0p5_0p02_0040_0013.uasset" 6157
"../../../Engine/Content/EngineMaterials/Substrate/GLints/dict_16_192_64_0p5_0p02_0041_0001.uasset" 6158
"../../../Engine/Content/EngineMaterials/Substrate/GLints/dict_16_192_64_0p5_0p02_0041_0008.uasset" 6159
"../../../Engine/Content/EngineMaterials/Substrate/GLints/dict_16_192_64_0p5_0p02_0041_0003.uasset" 6160
"../../../Engine/Content/EngineMaterials/Substrate/GLints/dict_16_192_64_0p5_0p02_0041_0004.uasset" 6161
"../../../Engine/Content/EngineMaterials/Substrate/GLints/dict_16_192_64_0p5_0p02_0041_0010.uasset" 6162
"../../../Engine/Content/EngineMaterials/Substrate/GLints/dict_16_192_64_0p5_0p02_0041_0011.uasset" 6163
"../../../Engine/Content/EngineMaterials/Substrate/GLints/dict_16_192_64_0p5_0p02_0040_0015.uasset" 6164
"../../../Engine/Content/EngineMaterials/Substrate/GLints/dict_16_192_64_0p5_0p02_0041_0006.uasset" 6165
"../../../Engine/Content/EngineMaterials/Substrate/GLints/dict_16_192_64_0p5_0p02_0041_0007.uasset" 6166
"../../../Engine/Content/EngineMaterials/Substrate/GLints/dict_16_192_64_0p5_0p02_0041_0012.uasset" 6167
"../../../Engine/Content/EngineMaterials/Substrate/GLints/dict_16_192_64_0p5_0p02_0041_0014.uasset" 6168
"../../../Engine/Content/EngineMaterials/Substrate/GLints/dict_16_192_64_0p5_0p02_0041_0005.uasset" 6169
"../../../Engine/Content/EngineMaterials/Substrate/GLints/dict_16_192_64_0p5_0p02_0041_0002.uasset" 6170
"../../../Engine/Content/EngineMaterials/Substrate/GLints/dict_16_192_64_0p5_0p02_0041_0013.uasset" 6171
"../../../Engine/Content/EngineMaterials/Substrate/GLints/dict_16_192_64_0p5_0p02_0041_0009.uasset" 6172
"/Engine/EngineMaterials/Substrate/GLints/dict_16_192_64_0p5_0p02_0040_0004" 6173
"/Engine/EngineMaterials/Substrate/GLints/dict_16_192_64_0p5_0p02_0040_0003" 6174
"/Engine/EngineMaterials/Substrate/GLints/dict_16_192_64_0p5_0p02_0040_0002" 6175
"/Engine/EngineMaterials/Substrate/GLints/dict_16_192_64_0p5_0p02_0040_0001" 6176
"/Engine/EngineMaterials/Substrate/GLints/dict_16_192_64_0p5_0p02_0040_0000" 6177
"/Engine/EngineMaterials/Substrate/GLints/dict_16_192_64_0p5_0p02_0039_0015" 6178
"/Engine/EngineMaterials/Substrate/GLints/dict_16_192_64_0p5_0p02_0041_0014" 6179
"../../../Engine/Content/EngineMaterials/Substrate/GLints/dict_16_192_64_0p5_0p02_0042_0000.uasset" 6180
"../../../Engine/Content/EngineMaterials/Substrate/GLints/dict_16_192_64_0p5_0p02_0042_0003.uasset" 6181
"/Engine/EngineMaterials/Substrate/GLints/dict_16_192_64_0p5_0p02_0041_0013" 6182
"../../../Engine/Content/EngineMaterials/Substrate/GLints/dict_16_192_64_0p5_0p02_0042_0001.uasset" 6183
"../../../Engine/Content/EngineMaterials/Substrate/GLints/dict_16_192_64_0p5_0p02_0042_0002.uasset" 6184
"../../../Engine/Content/EngineMaterials/Substrate/GLints/dict_16_192_64_0p5_0p02_0042_0004.uasset" 6185
"../../../Engine/Content/EngineMaterials/Substrate/GLints/dict_16_192_64_0p5_0p02_0042_0005.uasset" 6186
"../../../Engine/Content/EngineMaterials/Substrate/GLints/dict_16_192_64_0p5_0p02_0041_0015.uasset" 6187
"../../../Engine/Content/EngineMaterials/Substrate/GLints/dict_16_192_64_0p5_0p02_0042_0006.uasset" 6188
"/Engine/EngineMaterials/Substrate/GLints/dict_16_192_64_0p5_0p02_0041_0012" 6189
"/Engine/EngineMaterials/Substrate/GLints/dict_16_192_64_0p5_0p02_0041_0011" 6190
"/Engine/EngineMaterials/Substrate/GLints/dict_16_192_64_0p5_0p02_0041_0010" 6191
"/Engine/EngineMaterials/Substrate/GLints/dict_16_192_64_0p5_0p02_0041_0009" 6192
"/Engine/EngineMaterials/Substrate/GLints/dict_16_192_64_0p5_0p02_0041_0008" 6193
"/Engine/EngineMaterials/Substrate/GLints/dict_16_192_64_0p5_0p02_0041_0007" 6194
"/Engine/EngineMaterials/Substrate/GLints/dict_16_192_64_0p5_0p02_0041_0006" 6195
"/Engine/EngineMaterials/Substrate/GLints/dict_16_192_64_0p5_0p02_0041_0005" 6196
"/Engine/EngineMaterials/Substrate/GLints/dict_16_192_64_0p5_0p02_0041_0004" 6197
"/Engine/EngineMaterials/Substrate/GLints/dict_16_192_64_0p5_0p02_0041_0003" 6198
"/Engine/EngineMaterials/Substrate/GLints/dict_16_192_64_0p5_0p02_0041_0002" 6199
"/Engine/EngineMaterials/Substrate/GLints/dict_16_192_64_0p5_0p02_0041_0001" 6200
"/Engine/EngineMaterials/Substrate/GLints/dict_16_192_64_0p5_0p02_0041_0000" 6201
"/Engine/EngineMaterials/Substrate/GLints/dict_16_192_64_0p5_0p02_0040_0015" 6202
"/Engine/EngineMaterials/Substrate/GLints/dict_16_192_64_0p5_0p02_0040_0014" 6203
"/Engine/EngineMaterials/Substrate/GLints/dict_16_192_64_0p5_0p02_0040_0013" 6204
"/Engine/EngineMaterials/Substrate/GLints/dict_16_192_64_0p5_0p02_0040_0012" 6205
"/Engine/EngineMaterials/Substrate/GLints/dict_16_192_64_0p5_0p02_0040_0011" 6206
"/Engine/EngineMaterials/Substrate/GLints/dict_16_192_64_0p5_0p02_0040_0010" 6207
"/Engine/EngineMaterials/Substrate/GLints/dict_16_192_64_0p5_0p02_0040_0009" 6208
"/Engine/EngineMaterials/Substrate/GLints/dict_16_192_64_0p5_0p02_0040_0008" 6209
"/Engine/EngineMaterials/Substrate/GLints/dict_16_192_64_0p5_0p02_0040_0007" 6210
"/Engine/EngineMaterials/Substrate/GLints/dict_16_192_64_0p5_0p02_0042_0006" 6211
"../../../Engine/Content/EngineMaterials/Substrate/GLints/dict_16_192_64_0p5_0p02_0042_0008.uasset" 6212
"../../../Engine/Content/EngineMaterials/Substrate/GLints/dict_16_192_64_0p5_0p02_0042_0010.uasset" 6213
"../../../Engine/Content/EngineMaterials/Substrate/GLints/dict_16_192_64_0p5_0p02_0042_0007.uasset" 6214
"../../../Engine/Content/EngineMaterials/Substrate/GLints/dict_16_192_64_0p5_0p02_0042_0009.uasset" 6215
"../../../Engine/Content/EngineMaterials/Substrate/GLints/dict_16_192_64_0p5_0p02_0042_0011.uasset" 6216
"/Engine/EngineMaterials/Substrate/GLints/dict_16_192_64_0p5_0p02_0042_0005" 6217
"../../../Engine/Content/EngineMaterials/Substrate/GLints/dict_16_192_64_0p5_0p02_0042_0013.uasset" 6218
"../../../Engine/Content/EngineMaterials/Substrate/GLints/dict_16_192_64_0p5_0p02_0042_0015.uasset" 6219
"../../../Engine/Content/EngineMaterials/Substrate/GLints/dict_16_192_64_0p5_0p02_0042_0012.uasset" 6220
"../../../Engine/Content/EngineMaterials/Substrate/GLints/dict_16_192_64_0p5_0p02_0043_0005.uasset" 6221
"/Engine/EngineMaterials/Substrate/GLints/dict_16_192_64_0p5_0p02_0042_0004" 6222
"../../../Engine/Content/EngineMaterials/Substrate/GLints/dict_16_192_64_0p5_0p02_0043_0007.uasset" 6223
"../../../Engine/Content/EngineMaterials/Substrate/GLints/dict_16_192_64_0p5_0p02_0043_0001.uasset" 6224
"../../../Engine/Content/EngineMaterials/Substrate/GLints/dict_16_192_64_0p5_0p02_0043_0008.uasset" 6225
"../../../Engine/Content/EngineMaterials/Substrate/GLints/dict_16_192_64_0p5_0p02_0043_0006.uasset" 6226
"../../../Engine/Content/EngineMaterials/Substrate/GLints/dict_16_192_64_0p5_0p02_0042_0014.uasset" 6227
"../../../Engine/Content/EngineMaterials/Substrate/GLints/dict_16_192_64_0p5_0p02_0043_0004.uasset" 6228
"../../../Engine/Content/EngineMaterials/Substrate/GLints/dict_16_192_64_0p5_0p02_0043_0013.uasset" 6229
"../../../Engine/Content/EngineMaterials/Substrate/GLints/dict_16_192_64_0p5_0p02_0043_0000.uasset" 6230
"../../../Engine/Content/EngineMaterials/Substrate/GLints/dict_16_192_64_0p5_0p02_0043_0009.uasset" 6231
"../../../Engine/Content/EngineMaterials/Substrate/GLints/dict_16_192_64_0p5_0p02_0043_0012.uasset" 6232
"../../../Engine/Content/EngineMaterials/Substrate/GLints/dict_16_192_64_0p5_0p02_0043_0003.uasset" 6233
"../../../Engine/Content/EngineMaterials/Substrate/GLints/dict_16_192_64_0p5_0p02_0043_0011.uasset" 6234
"../../../Engine/Content/EngineMaterials/Substrate/GLints/dict_16_192_64_0p5_0p02_0043_0010.uasset" 6235
"/Engine/EngineMaterials/Substrate/GLints/dict_16_192_64_0p5_0p02_0042_0003" 6236
"../../../Engine/Content/EngineMaterials/Substrate/GLints/dict_16_192_64_0p5_0p02_0043_0014.uasset" 6237
"../../../Engine/Content/EngineMaterials/Substrate/GLints/dict_16_192_64_0p5_0p02_0043_0002.uasset" 6238
"/Engine/EngineMaterials/Substrate/GLints/dict_16_192_64_0p5_0p02_0042_0002" 6239
"/Engine/EngineMaterials/Substrate/GLints/dict_16_192_64_0p5_0p02_0042_0001" 6240
"/Engine/EngineMaterials/Substrate/GLints/dict_16_192_64_0p5_0p02_0042_0000" 6241
"/Engine/EngineMaterials/Substrate/GLints/dict_16_192_64_0p5_0p02_0041_0015" 6242
"/Engine/EngineMaterials/Substrate/GLints/dict_16_192_64_0p5_0p02_0043_0014" 6243
"../../../Engine/Content/EngineMaterials/Substrate/GLints/dict_16_192_64_0p5_0p02_0044_0005.uasset" 6244
"../../../Engine/Content/EngineMaterials/Substrate/GLints/dict_16_192_64_0p5_0p02_0044_0000.uasset" 6245
"/Engine/EngineMaterials/Substrate/GLints/dict_16_192_64_0p5_0p02_0043_0013" 6246
"../../../Engine/Content/EngineMaterials/Substrate/GLints/dict_16_192_64_0p5_0p02_0044_0003.uasset" 6247
"../../../Engine/Content/EngineMaterials/Substrate/GLints/dict_16_192_64_0p5_0p02_0044_0002.uasset" 6248
"../../../Engine/Content/EngineMaterials/Substrate/GLints/dict_16_192_64_0p5_0p02_0044_0001.uasset" 6249
"../../../Engine/Content/EngineMaterials/Substrate/GLints/dict_16_192_64_0p5_0p02_0043_0015.uasset" 6250
"../../../Engine/Content/EngineMaterials/Substrate/GLints/dict_16_192_64_0p5_0p02_0044_0006.uasset" 6251
"../../../Engine/Content/EngineMaterials/Substrate/GLints/dict_16_192_64_0p5_0p02_0044_0004.uasset" 6252
"/Engine/EngineMaterials/Substrate/GLints/dict_16_192_64_0p5_0p02_0043_0012" 6253
"/Engine/EngineMaterials/Substrate/GLints/dict_16_192_64_0p5_0p02_0043_0011" 6254
"/Engine/EngineMaterials/Substrate/GLints/dict_16_192_64_0p5_0p02_0043_0010" 6255
"/Engine/EngineMaterials/Substrate/GLints/dict_16_192_64_0p5_0p02_0043_0009" 6256
"/Engine/EngineMaterials/Substrate/GLints/dict_16_192_64_0p5_0p02_0043_0008" 6257
"/Engine/EngineMaterials/Substrate/GLints/dict_16_192_64_0p5_0p02_0043_0007" 6258
"/Engine/EngineMaterials/Substrate/GLints/dict_16_192_64_0p5_0p02_0043_0006" 6259
"/Engine/EngineMaterials/Substrate/GLints/dict_16_192_64_0p5_0p02_0043_0005" 6260
"/Engine/EngineMaterials/Substrate/GLints/dict_16_192_64_0p5_0p02_0043_0004" 6261
"/Engine/EngineMaterials/Substrate/GLints/dict_16_192_64_0p5_0p02_0043_0003" 6262
"/Engine/EngineMaterials/Substrate/GLints/dict_16_192_64_0p5_0p02_0043_0002" 6263
"/Engine/EngineMaterials/Substrate/GLints/dict_16_192_64_0p5_0p02_0043_0001" 6264
"/Engine/EngineMaterials/Substrate/GLints/dict_16_192_64_0p5_0p02_0043_0000" 6265
"/Engine/EngineMaterials/Substrate/GLints/dict_16_192_64_0p5_0p02_0042_0015" 6266
"/Engine/EngineMaterials/Substrate/GLints/dict_16_192_64_0p5_0p02_0042_0014" 6267
"/Engine/EngineMaterials/Substrate/GLints/dict_16_192_64_0p5_0p02_0042_0013" 6268
"/Engine/EngineMaterials/Substrate/GLints/dict_16_192_64_0p5_0p02_0042_0012" 6269
"/Engine/EngineMaterials/Substrate/GLints/dict_16_192_64_0p5_0p02_0042_0011" 6270
"/Engine/EngineMaterials/Substrate/GLints/dict_16_192_64_0p5_0p02_0042_0010" 6271
"/Engine/EngineMaterials/Substrate/GLints/dict_16_192_64_0p5_0p02_0042_0009" 6272
"/Engine/EngineMaterials/Substrate/GLints/dict_16_192_64_0p5_0p02_0042_0008" 6273
"/Engine/EngineMaterials/Substrate/GLints/dict_16_192_64_0p5_0p02_0042_0007" 6274
"/Engine/EngineMaterials/Substrate/GLints/dict_16_192_64_0p5_0p02_0044_0006" 6275
"../../../Engine/Content/EngineMaterials/Substrate/GLints/dict_16_192_64_0p5_0p02_0044_0008.uasset" 6276
"../../../Engine/Content/EngineMaterials/Substrate/GLints/dict_16_192_64_0p5_0p02_0044_0009.uasset" 6277
"../../../Engine/Content/EngineMaterials/Substrate/GLints/dict_16_192_64_0p5_0p02_0044_0007.uasset" 6278
"/Engine/EngineMaterials/Substrate/GLints/dict_16_192_64_0p5_0p02_0044_0005" 6279
"../../../Engine/Content/EngineMaterials/Substrate/GLints/dict_16_192_64_0p5_0p02_0044_0010.uasset" 6280
"../../../Engine/Content/EngineMaterials/Substrate/GLints/dict_16_192_64_0p5_0p02_0044_0011.uasset" 6281
"../../../Engine/Content/EngineMaterials/Substrate/GLints/dict_16_192_64_0p5_0p02_0044_0014.uasset" 6282
"../../../Engine/Content/EngineMaterials/Substrate/GLints/dict_16_192_64_0p5_0p02_0045_0005.uasset" 6283
"../../../Engine/Content/EngineMaterials/Substrate/GLints/dict_16_192_64_0p5_0p02_0045_0001.uasset" 6284
"../../../Engine/Content/EngineMaterials/Substrate/GLints/dict_16_192_64_0p5_0p02_0045_0003.uasset" 6285
"../../../Engine/Content/EngineMaterials/Substrate/GLints/dict_16_192_64_0p5_0p02_0044_0012.uasset" 6286
"../../../Engine/Content/EngineMaterials/Substrate/GLints/dict_16_192_64_0p5_0p02_0044_0013.uasset" 6287
"../../../Engine/Content/EngineMaterials/Substrate/GLints/dict_16_192_64_0p5_0p02_0044_0015.uasset" 6288
"../../../Engine/Content/EngineMaterials/Substrate/GLints/dict_16_192_64_0p5_0p02_0045_0000.uasset" 6289
"../../../Engine/Content/EngineMaterials/Substrate/GLints/dict_16_192_64_0p5_0p02_0045_0008.uasset" 6290
"/Engine/EngineMaterials/Substrate/GLints/dict_16_192_64_0p5_0p02_0044_0004" 6291
"../../../Engine/Content/EngineMaterials/Substrate/GLints/dict_16_192_64_0p5_0p02_0045_0009.uasset" 6292
"../../../Engine/Content/EngineMaterials/Substrate/GLints/dict_16_192_64_0p5_0p02_0045_0006.uasset" 6293
"../../../Engine/Content/EngineMaterials/Substrate/GLints/dict_16_192_64_0p5_0p02_0045_0002.uasset" 6294
"../../../Engine/Content/EngineMaterials/Substrate/GLints/dict_16_192_64_0p5_0p02_0045_0007.uasset" 6295
"../../../Engine/Content/EngineMaterials/Substrate/GLints/dict_16_192_64_0p5_0p02_0045_0004.uasset" 6296
"../../../Engine/Content/EngineMaterials/Substrate/GLints/dict_16_192_64_0p5_0p02_0045_0012.uasset" 6297
"../../../Engine/Content/EngineMaterials/Substrate/GLints/dict_16_192_64_0p5_0p02_0045_0011.uasset" 6298
"../../../Engine/Content/EngineMaterials/Substrate/GLints/dict_16_192_64_0p5_0p02_0045_0010.uasset" 6299
"../../../Engine/Content/EngineMaterials/Substrate/GLints/dict_16_192_64_0p5_0p02_0045_0013.uasset" 6300
"../../../Engine/Content/EngineMaterials/Substrate/GLints/dict_16_192_64_0p5_0p02_0045_0014.uasset" 6301
"/Engine/EngineMaterials/Substrate/GLints/dict_16_192_64_0p5_0p02_0044_0003" 6302
"/Engine/EngineMaterials/Substrate/GLints/dict_16_192_64_0p5_0p02_0044_0002" 6303
"/Engine/EngineMaterials/Substrate/GLints/dict_16_192_64_0p5_0p02_0044_0001" 6304
"/Engine/EngineMaterials/Substrate/GLints/dict_16_192_64_0p5_0p02_0044_0000" 6305
"/Engine/EngineMaterials/Substrate/GLints/dict_16_192_64_0p5_0p02_0043_0015" 6306
"/Engine/EngineMaterials/Substrate/GLints/dict_16_192_64_0p5_0p02_0045_0014" 6307
"../../../Engine/Content/EngineMaterials/Substrate/GLints/dict_16_192_64_0p5_0p02_0046_0003.uasset" 6308
"../../../Engine/Content/EngineMaterials/Substrate/GLints/dict_16_192_64_0p5_0p02_0046_0004.uasset" 6309
"../../../Engine/Content/EngineMaterials/Substrate/GLints/dict_16_192_64_0p5_0p02_0046_0001.uasset" 6310
"../../../Engine/Content/EngineMaterials/Substrate/GLints/dict_16_192_64_0p5_0p02_0046_0000.uasset" 6311
"/Engine/EngineMaterials/Substrate/GLints/dict_16_192_64_0p5_0p02_0045_0013" 6312
"../../../Engine/Content/EngineMaterials/Substrate/GLints/dict_16_192_64_0p5_0p02_0045_0015.uasset" 6313
"../../../Engine/Content/EngineMaterials/Substrate/GLints/dict_16_192_64_0p5_0p02_0046_0006.uasset" 6314
"../../../Engine/Content/EngineMaterials/Substrate/GLints/dict_16_192_64_0p5_0p02_0046_0005.uasset" 6315
"../../../Engine/Content/EngineMaterials/Substrate/GLints/dict_16_192_64_0p5_0p02_0046_0002.uasset" 6316
"/Engine/EngineMaterials/Substrate/GLints/dict_16_192_64_0p5_0p02_0045_0012" 6317
"/Engine/EngineMaterials/Substrate/GLints/dict_16_192_64_0p5_0p02_0045_0011" 6318
"/Engine/EngineMaterials/Substrate/GLints/dict_16_192_64_0p5_0p02_0045_0010" 6319
"/Engine/EngineMaterials/Substrate/GLints/dict_16_192_64_0p5_0p02_0045_0009" 6320
"/Engine/EngineMaterials/Substrate/GLints/dict_16_192_64_0p5_0p02_0045_0008" 6321
"/Engine/EngineMaterials/Substrate/GLints/dict_16_192_64_0p5_0p02_0045_0007" 6322
"/Engine/EngineMaterials/Substrate/GLints/dict_16_192_64_0p5_0p02_0045_0006" 6323
"/Engine/EngineMaterials/Substrate/GLints/dict_16_192_64_0p5_0p02_0045_0005" 6324
"/Engine/EngineMaterials/Substrate/GLints/dict_16_192_64_0p5_0p02_0045_0004" 6325
"/Engine/EngineMaterials/Substrate/GLints/dict_16_192_64_0p5_0p02_0045_0003" 6326
"/Engine/EngineMaterials/Substrate/GLints/dict_16_192_64_0p5_0p02_0045_0002" 6327
"/Engine/EngineMaterials/Substrate/GLints/dict_16_192_64_0p5_0p02_0045_0001" 6328
"/Engine/EngineMaterials/Substrate/GLints/dict_16_192_64_0p5_0p02_0045_0000" 6329
"/Engine/EngineMaterials/Substrate/GLints/dict_16_192_64_0p5_0p02_0044_0015" 6330
"/Engine/EngineMaterials/Substrate/GLints/dict_16_192_64_0p5_0p02_0044_0014" 6331
"/Engine/EngineMaterials/Substrate/GLints/dict_16_192_64_0p5_0p02_0044_0013" 6332
"/Engine/EngineMaterials/Substrate/GLints/dict_16_192_64_0p5_0p02_0044_0012" 6333
"/Engine/EngineMaterials/Substrate/GLints/dict_16_192_64_0p5_0p02_0044_0011" 6334
"/Engine/EngineMaterials/Substrate/GLints/dict_16_192_64_0p5_0p02_0044_0010" 6335
"/Engine/EngineMaterials/Substrate/GLints/dict_16_192_64_0p5_0p02_0044_0009" 6336
"/Engine/EngineMaterials/Substrate/GLints/dict_16_192_64_0p5_0p02_0044_0008" 6337
"/Engine/EngineMaterials/Substrate/GLints/dict_16_192_64_0p5_0p02_0044_0007" 6338
"/Engine/EngineMaterials/Substrate/GLints/dict_16_192_64_0p5_0p02_0046_0006" 6339
"../../../Engine/Content/EngineMaterials/Substrate/GLints/dict_16_192_64_0p5_0p02_0046_0007.uasset" 6340
"../../../Engine/Content/EngineMaterials/Substrate/GLints/dict_16_192_64_0p5_0p02_0046_0009.uasset" 6341
"../../../Engine/Content/EngineMaterials/Substrate/GLints/dict_16_192_64_0p5_0p02_0046_0012.uasset" 6342
"../../../Engine/Content/EngineMaterials/Substrate/GLints/dict_16_192_64_0p5_0p02_0046_0008.uasset" 6343
"../../../Engine/Content/EngineMaterials/Substrate/GLints/dict_16_192_64_0p5_0p02_0047_0001.uasset" 6344
"../../../Engine/Content/EngineMaterials/Substrate/GLints/dict_16_192_64_0p5_0p02_0046_0010.uasset" 6345
"../../../Engine/Content/EngineMaterials/Substrate/GLints/dict_16_192_64_0p5_0p02_0046_0015.uasset" 6346
"../../../Engine/Content/EngineMaterials/Substrate/GLints/dict_16_192_64_0p5_0p02_0046_0013.uasset" 6347
"../../../Engine/Content/EngineMaterials/Substrate/GLints/dict_16_192_64_0p5_0p02_0047_0000.uasset" 6348
"../../../Engine/Content/EngineMaterials/Substrate/GLints/dict_16_192_64_0p5_0p02_0047_0007.uasset" 6349
"../../../Engine/Content/EngineMaterials/Substrate/GLints/dict_16_192_64_0p5_0p02_0046_0011.uasset" 6350
"/Engine/EngineMaterials/Substrate/GLints/dict_16_192_64_0p5_0p02_0046_0005" 6351
"../../../Engine/Content/EngineMaterials/Substrate/GLints/dict_16_192_64_0p5_0p02_0047_0009.uasset" 6352
"../../../Engine/Content/EngineMaterials/Substrate/GLints/dict_16_192_64_0p5_0p02_0047_0003.uasset" 6353
"../../../Engine/Content/EngineMaterials/Substrate/GLints/dict_16_192_64_0p5_0p02_0047_0002.uasset" 6354
"../../../Engine/Content/EngineMaterials/Substrate/GLints/dict_16_192_64_0p5_0p02_0047_0006.uasset" 6355
"../../../Engine/Content/EngineMaterials/Substrate/GLints/dict_16_192_64_0p5_0p02_0047_0004.uasset" 6356
"../../../Engine/Content/EngineMaterials/Substrate/GLints/dict_16_192_64_0p5_0p02_0047_0011.uasset" 6357
"../../../Engine/Content/EngineMaterials/Substrate/GLints/dict_16_192_64_0p5_0p02_0047_0008.uasset" 6358
"../../../Engine/Content/EngineMaterials/Substrate/GLints/dict_16_192_64_0p5_0p02_0047_0012.uasset" 6359
"../../../Engine/Content/EngineMaterials/Substrate/GLints/dict_16_192_64_0p5_0p02_0047_0014.uasset" 6360
"../../../Engine/Content/EngineMaterials/Substrate/GLints/dict_16_192_64_0p5_0p02_0047_0010.uasset" 6361
"../../../Engine/Content/EngineMaterials/Substrate/GLints/dict_16_192_64_0p5_0p02_0047_0005.uasset" 6362
"/Engine/EngineMaterials/Substrate/GLints/dict_16_192_64_0p5_0p02_0046_0004" 6363
"../../../Engine/Content/EngineMaterials/Substrate/GLints/dict_16_192_64_0p5_0p02_0047_0013.uasset" 6364
"../../../Engine/Content/EngineMaterials/Substrate/GLints/dict_16_192_64_0p5_0p02_0046_0014.uasset" 6365
"/Engine/EngineMaterials/Substrate/GLints/dict_16_192_64_0p5_0p02_0046_0003" 6366
"/Engine/EngineMaterials/Substrate/GLints/dict_16_192_64_0p5_0p02_0046_0002" 6367
"/Engine/EngineMaterials/Substrate/GLints/dict_16_192_64_0p5_0p02_0046_0001" 6368
"/Engine/EngineMaterials/Substrate/GLints/dict_16_192_64_0p5_0p02_0046_0000" 6369
"/Engine/EngineMaterials/Substrate/GLints/dict_16_192_64_0p5_0p02_0045_0015" 6370
"/Engine/EngineMaterials/Substrate/GLints/dict_16_192_64_0p5_0p02_0047_0014" 6371
"../../../Engine/Content/EngineMaterials/Substrate/GLints/dict_16_192_64_0p5_0p02_0048_0001.uasset" 6372
"../../../Engine/Content/EngineMaterials/Substrate/GLints/dict_16_192_64_0p5_0p02_0048_0003.uasset" 6373
"../../../Engine/Content/EngineMaterials/Substrate/GLints/dict_16_192_64_0p5_0p02_0047_0015.uasset" 6374
"../../../Engine/Content/EngineMaterials/Substrate/GLints/dict_16_192_64_0p5_0p02_0048_0004.uasset" 6375
"../../../Engine/Content/EngineMaterials/Substrate/GLints/dict_16_192_64_0p5_0p02_0048_0000.uasset" 6376
"/Engine/EngineMaterials/Substrate/GLints/dict_16_192_64_0p5_0p02_0047_0013" 6377
"../../../Engine/Content/EngineMaterials/Substrate/GLints/dict_16_192_64_0p5_0p02_0048_0006.uasset" 6378
"../../../Engine/Content/EngineMaterials/Substrate/GLints/dict_16_192_64_0p5_0p02_0048_0002.uasset" 6379
"/Engine/EngineMaterials/Substrate/GLints/dict_16_192_64_0p5_0p02_0047_0012" 6380
"../../../Engine/Content/EngineMaterials/Substrate/GLints/dict_16_192_64_0p5_0p02_0048_0005.uasset" 6381
"/Engine/EngineMaterials/Substrate/GLints/dict_16_192_64_0p5_0p02_0047_0011" 6382
"/Engine/EngineMaterials/Substrate/GLints/dict_16_192_64_0p5_0p02_0047_0010" 6383
"/Engine/EngineMaterials/Substrate/GLints/dict_16_192_64_0p5_0p02_0047_0009" 6384
"/Engine/EngineMaterials/Substrate/GLints/dict_16_192_64_0p5_0p02_0047_0008" 6385
"/Engine/EngineMaterials/Substrate/GLints/dict_16_192_64_0p5_0p02_0047_0007" 6386
"/Engine/EngineMaterials/Substrate/GLints/dict_16_192_64_0p5_0p02_0047_0006" 6387
"/Engine/EngineMaterials/Substrate/GLints/dict_16_192_64_0p5_0p02_0047_0005" 6388
"/Engine/EngineMaterials/Substrate/GLints/dict_16_192_64_0p5_0p02_0047_0004" 6389
"/Engine/EngineMaterials/Substrate/GLints/dict_16_192_64_0p5_0p02_0047_0003" 6390
"/Engine/EngineMaterials/Substrate/GLints/dict_16_192_64_0p5_0p02_0047_0002" 6391
"/Engine/EngineMaterials/Substrate/GLints/dict_16_192_64_0p5_0p02_0047_0001" 6392
"/Engine/EngineMaterials/Substrate/GLints/dict_16_192_64_0p5_0p02_0047_0000" 6393
"/Engine/EngineMaterials/Substrate/GLints/dict_16_192_64_0p5_0p02_0046_0015" 6394
"/Engine/EngineMaterials/Substrate/GLints/dict_16_192_64_0p5_0p02_0046_0014" 6395
"/Engine/EngineMaterials/Substrate/GLints/dict_16_192_64_0p5_0p02_0046_0013" 6396
"/Engine/EngineMaterials/Substrate/GLints/dict_16_192_64_0p5_0p02_0046_0012" 6397
"/Engine/EngineMaterials/Substrate/GLints/dict_16_192_64_0p5_0p02_0046_0011" 6398
"/Engine/EngineMaterials/Substrate/GLints/dict_16_192_64_0p5_0p02_0046_0010" 6399
"/Engine/EngineMaterials/Substrate/GLints/dict_16_192_64_0p5_0p02_0046_0009" 6400
"/Engine/EngineMaterials/Substrate/GLints/dict_16_192_64_0p5_0p02_0046_0008" 6401
"/Engine/EngineMaterials/Substrate/GLints/dict_16_192_64_0p5_0p02_0046_0007" 6402
"/Engine/EngineMaterials/Substrate/GLints/dict_16_192_64_0p5_0p02_0048_0006" 6403
"../../../Engine/Content/EngineMaterials/Substrate/GLints/dict_16_192_64_0p5_0p02_0048_0007.uasset" 6404
"../../../Engine/Content/EngineMaterials/Substrate/GLints/dict_16_192_64_0p5_0p02_0048_0011.uasset" 6405
"../../../Engine/Content/EngineMaterials/Substrate/GLints/dict_16_192_64_0p5_0p02_0048_0009.uasset" 6406
"../../../Engine/Content/EngineMaterials/Substrate/GLints/dict_16_192_64_0p5_0p02_0048_0012.uasset" 6407
"/Engine/EngineMaterials/Substrate/GLints/dict_16_192_64_0p5_0p02_0048_0005" 6408
"../../../Engine/Content/EngineMaterials/Substrate/GLints/dict_16_192_64_0p5_0p02_0049_0001.uasset" 6409
"../../../Engine/Content/EngineMaterials/Substrate/GLints/dict_16_192_64_0p5_0p02_0049_0000.uasset" 6410
"../../../Engine/Content/EngineMaterials/Substrate/GLints/dict_16_192_64_0p5_0p02_0049_0003.uasset" 6411
"../../../Engine/Content/EngineMaterials/Substrate/GLints/dict_16_192_64_0p5_0p02_0048_0014.uasset" 6412
"../../../Engine/Content/EngineMaterials/Substrate/GLints/dict_16_192_64_0p5_0p02_0048_0008.uasset" 6413
"../../../Engine/Content/EngineMaterials/Substrate/GLints/dict_16_192_64_0p5_0p02_0048_0010.uasset" 6414
"../../../Engine/Content/EngineMaterials/Substrate/GLints/dict_16_192_64_0p5_0p02_0049_0005.uasset" 6415
"../../../Engine/Content/EngineMaterials/Substrate/GLints/dict_16_192_64_0p5_0p02_0049_0007.uasset" 6416
"../../../Engine/Content/EngineMaterials/Substrate/GLints/dict_16_192_64_0p5_0p02_0049_0006.uasset" 6417
"../../../Engine/Content/EngineMaterials/Substrate/GLints/dict_16_192_64_0p5_0p02_0048_0015.uasset" 6418
"../../../Engine/Content/EngineMaterials/Substrate/GLints/dict_16_192_64_0p5_0p02_0049_0014.uasset" 6419
"../../../Engine/Content/EngineMaterials/Substrate/GLints/dict_16_192_64_0p5_0p02_0049_0002.uasset" 6420
"../../../Engine/Content/EngineMaterials/Substrate/GLints/dict_16_192_64_0p5_0p02_0049_0008.uasset" 6421
"../../../Engine/Content/EngineMaterials/Substrate/GLints/dict_16_192_64_0p5_0p02_0049_0004.uasset" 6422
"../../../Engine/Content/EngineMaterials/Substrate/GLints/dict_16_192_64_0p5_0p02_0049_0013.uasset" 6423
"../../../Engine/Content/EngineMaterials/Substrate/GLints/dict_16_192_64_0p5_0p02_0049_0011.uasset" 6424
"../../../Engine/Content/EngineMaterials/Substrate/GLints/dict_16_192_64_0p5_0p02_0049_0009.uasset" 6425
"../../../Engine/Content/EngineMaterials/Substrate/GLints/dict_16_192_64_0p5_0p02_0049_0012.uasset" 6426
"../../../Engine/Content/EngineMaterials/Substrate/GLints/dict_16_192_64_0p5_0p02_0049_0010.uasset" 6427
"../../../Engine/Content/EngineMaterials/Substrate/GLints/dict_16_192_64_0p5_0p02_0048_0013.uasset" 6428
"/Engine/EngineMaterials/Substrate/GLints/dict_16_192_64_0p5_0p02_0048_0004" 6429
"/Engine/EngineMaterials/Substrate/GLints/dict_16_192_64_0p5_0p02_0048_0003" 6430
"/Engine/EngineMaterials/Substrate/GLints/dict_16_192_64_0p5_0p02_0048_0002" 6431
"/Engine/EngineMaterials/Substrate/GLints/dict_16_192_64_0p5_0p02_0048_0001" 6432
"/Engine/EngineMaterials/Substrate/GLints/dict_16_192_64_0p5_0p02_0048_0000" 6433
"/Engine/EngineMaterials/Substrate/GLints/dict_16_192_64_0p5_0p02_0047_0015" 6434
"/Engine/EngineMaterials/Substrate/GLints/dict_16_192_64_0p5_0p02_0049_0014" 6435
"../../../Engine/Content/EngineMaterials/Substrate/GLints/dict_16_192_64_0p5_0p02_0050_0000.uasset" 6436
"../../../Engine/Content/EngineMaterials/Substrate/GLints/dict_16_192_64_0p5_0p02_0050_0001.uasset" 6437
"../../../Engine/Content/EngineMaterials/Substrate/GLints/dict_16_192_64_0p5_0p02_0050_0005.uasset" 6438
"../../../Engine/Content/EngineMaterials/Substrate/GLints/dict_16_192_64_0p5_0p02_0049_0015.uasset" 6439
"../../../Engine/Content/EngineMaterials/Substrate/GLints/dict_16_192_64_0p5_0p02_0050_0003.uasset" 6440
"/Engine/EngineMaterials/Substrate/GLints/dict_16_192_64_0p5_0p02_0049_0013" 6441
"../../../Engine/Content/EngineMaterials/Substrate/GLints/dict_16_192_64_0p5_0p02_0050_0006.uasset" 6442
"../../../Engine/Content/EngineMaterials/Substrate/GLints/dict_16_192_64_0p5_0p02_0050_0004.uasset" 6443
"../../../Engine/Content/EngineMaterials/Substrate/GLints/dict_16_192_64_0p5_0p02_0050_0002.uasset" 6444
"/Engine/EngineMaterials/Substrate/GLints/dict_16_192_64_0p5_0p02_0049_0012" 6445
"/Engine/EngineMaterials/Substrate/GLints/dict_16_192_64_0p5_0p02_0049_0011" 6446
"/Engine/EngineMaterials/Substrate/GLints/dict_16_192_64_0p5_0p02_0049_0010" 6447
"/Engine/EngineMaterials/Substrate/GLints/dict_16_192_64_0p5_0p02_0049_0009" 6448
"/Engine/EngineMaterials/Substrate/GLints/dict_16_192_64_0p5_0p02_0049_0008" 6449
"/Engine/EngineMaterials/Substrate/GLints/dict_16_192_64_0p5_0p02_0049_0007" 6450
"/Engine/EngineMaterials/Substrate/GLints/dict_16_192_64_0p5_0p02_0049_0006" 6451
"/Engine/EngineMaterials/Substrate/GLints/dict_16_192_64_0p5_0p02_0049_0005" 6452
"/Engine/EngineMaterials/Substrate/GLints/dict_16_192_64_0p5_0p02_0049_0004" 6453
"/Engine/EngineMaterials/Substrate/GLints/dict_16_192_64_0p5_0p02_0049_0003" 6454
"/Engine/EngineMaterials/Substrate/GLints/dict_16_192_64_0p5_0p02_0049_0002" 6455
"/Engine/EngineMaterials/Substrate/GLints/dict_16_192_64_0p5_0p02_0049_0001" 6456
"/Engine/EngineMaterials/Substrate/GLints/dict_16_192_64_0p5_0p02_0049_0000" 6457
"/Engine/EngineMaterials/Substrate/GLints/dict_16_192_64_0p5_0p02_0048_0015" 6458
"/Engine/EngineMaterials/Substrate/GLints/dict_16_192_64_0p5_0p02_0048_0014" 6459
"/Engine/EngineMaterials/Substrate/GLints/dict_16_192_64_0p5_0p02_0048_0013" 6460
"/Engine/EngineMaterials/Substrate/GLints/dict_16_192_64_0p5_0p02_0048_0012" 6461
"/Engine/EngineMaterials/Substrate/GLints/dict_16_192_64_0p5_0p02_0048_0011" 6462
"/Engine/EngineMaterials/Substrate/GLints/dict_16_192_64_0p5_0p02_0048_0010" 6463
"/Engine/EngineMaterials/Substrate/GLints/dict_16_192_64_0p5_0p02_0048_0009" 6464
"/Engine/EngineMaterials/Substrate/GLints/dict_16_192_64_0p5_0p02_0048_0008" 6465
"/Engine/EngineMaterials/Substrate/GLints/dict_16_192_64_0p5_0p02_0048_0007" 6466
"/Engine/EngineMaterials/Substrate/GLints/dict_16_192_64_0p5_0p02_0050_0006" 6467
"../../../Engine/Content/EngineMaterials/Substrate/GLints/dict_16_192_64_0p5_0p02_0050_0007.uasset" 6468
"../../../Engine/Content/EngineMaterials/Substrate/GLints/dict_16_192_64_0p5_0p02_0050_0015.uasset" 6469
"../../../Engine/Content/EngineMaterials/Substrate/GLints/dict_16_192_64_0p5_0p02_0050_0009.uasset" 6470
"../../../Engine/Content/EngineMaterials/Substrate/GLints/dict_16_192_64_0p5_0p02_0050_0008.uasset" 6471
"../../../Engine/Content/EngineMaterials/Substrate/GLints/dict_16_192_64_0p5_0p02_0050_0010.uasset" 6472
"/Engine/EngineMaterials/Substrate/GLints/dict_16_192_64_0p5_0p02_0050_0005" 6473
"../../../Engine/Content/EngineMaterials/Substrate/GLints/dict_16_192_64_0p5_0p02_0050_0012.uasset" 6474
"../../../Engine/Content/EngineMaterials/Substrate/GLints/dict_16_192_64_0p5_0p02_0050_0014.uasset" 6475
"../../../Engine/Content/EngineMaterials/Substrate/GLints/dict_16_192_64_0p5_0p02_0050_0013.uasset" 6476
"../../../Engine/Content/EngineMaterials/Substrate/GLints/dict_16_192_64_0p5_0p02_0051_0004.uasset" 6477
"../../../Engine/Content/EngineMaterials/Substrate/GLints/dict_16_192_64_0p5_0p02_0051_0001.uasset" 6478
"/Engine/EngineMaterials/Substrate/GLints/dict_16_192_64_0p5_0p02_0050_0004" 6479
"../../../Engine/Content/EngineMaterials/Substrate/GLints/dict_16_192_64_0p5_0p02_0050_0011.uasset" 6480
"../../../Engine/Content/EngineMaterials/Substrate/GLints/dict_16_192_64_0p5_0p02_0051_0007.uasset" 6481
"../../../Engine/Content/EngineMaterials/Substrate/GLints/dict_16_192_64_0p5_0p02_0051_0009.uasset" 6482
"../../../Engine/Content/EngineMaterials/Substrate/GLints/dict_16_192_64_0p5_0p02_0051_0012.uasset" 6483
"../../../Engine/Content/EngineMaterials/Substrate/GLints/dict_16_192_64_0p5_0p02_0051_0002.uasset" 6484
"../../../Engine/Content/EngineMaterials/Substrate/GLints/dict_16_192_64_0p5_0p02_0051_0003.uasset" 6485
"../../../Engine/Content/EngineMaterials/Substrate/GLints/dict_16_192_64_0p5_0p02_0051_0013.uasset" 6486
"../../../Engine/Content/EngineMaterials/Substrate/GLints/dict_16_192_64_0p5_0p02_0051_0011.uasset" 6487
"../../../Engine/Content/EngineMaterials/Substrate/GLints/dict_16_192_64_0p5_0p02_0051_0005.uasset" 6488
"../../../Engine/Content/EngineMaterials/Substrate/GLints/dict_16_192_64_0p5_0p02_0051_0014.uasset" 6489
"../../../Engine/Content/EngineMaterials/Substrate/GLints/dict_16_192_64_0p5_0p02_0051_0010.uasset" 6490
"/Engine/EngineMaterials/Substrate/GLints/dict_16_192_64_0p5_0p02_0050_0003" 6491
"../../../Engine/Content/EngineMaterials/Substrate/GLints/dict_16_192_64_0p5_0p02_0051_0000.uasset" 6492
"../../../Engine/Content/EngineMaterials/Substrate/GLints/dict_16_192_64_0p5_0p02_0051_0008.uasset" 6493
"../../../Engine/Content/EngineMaterials/Substrate/GLints/dict_16_192_64_0p5_0p02_0051_0006.uasset" 6494
"/Engine/EngineMaterials/Substrate/GLints/dict_16_192_64_0p5_0p02_0050_0002" 6495
"/Engine/EngineMaterials/Substrate/GLints/dict_16_192_64_0p5_0p02_0050_0001" 6496
"/Engine/EngineMaterials/Substrate/GLints/dict_16_192_64_0p5_0p02_0050_0000" 6497
"/Engine/EngineMaterials/Substrate/GLints/dict_16_192_64_0p5_0p02_0049_0015" 6498
"/Engine/EngineMaterials/Substrate/GLints/dict_16_192_64_0p5_0p02_0051_0014" 6499
"../../../Engine/Content/EngineMaterials/Substrate/GLints/dict_16_192_64_0p5_0p02_0052_0000.uasset" 6500
"../../../Engine/Content/EngineMaterials/Substrate/GLints/dict_16_192_64_0p5_0p02_0052_0002.uasset" 6501
"../../../Engine/Content/EngineMaterials/Substrate/GLints/dict_16_192_64_0p5_0p02_0051_0015.uasset" 6502
"../../../Engine/Content/EngineMaterials/Substrate/GLints/dict_16_192_64_0p5_0p02_0052_0004.uasset" 6503
"../../../Engine/Content/EngineMaterials/Substrate/GLints/dict_16_192_64_0p5_0p02_0052_0001.uasset" 6504
"/Engine/EngineMaterials/Substrate/GLints/dict_16_192_64_0p5_0p02_0051_0013" 6505
"../../../Engine/Content/EngineMaterials/Substrate/GLints/dict_16_192_64_0p5_0p02_0052_0006.uasset" 6506
"../../../Engine/Content/EngineMaterials/Substrate/GLints/dict_16_192_64_0p5_0p02_0052_0005.uasset" 6507
"../../../Engine/Content/EngineMaterials/Substrate/GLints/dict_16_192_64_0p5_0p02_0052_0003.uasset" 6508
"/Engine/EngineMaterials/Substrate/GLints/dict_16_192_64_0p5_0p02_0051_0012" 6509
"/Engine/EngineMaterials/Substrate/GLints/dict_16_192_64_0p5_0p02_0051_0011" 6510
"/Engine/EngineMaterials/Substrate/GLints/dict_16_192_64_0p5_0p02_0051_0010" 6511
"/Engine/EngineMaterials/Substrate/GLints/dict_16_192_64_0p5_0p02_0051_0009" 6512
"/Engine/EngineMaterials/Substrate/GLints/dict_16_192_64_0p5_0p02_0051_0008" 6513
"/Engine/EngineMaterials/Substrate/GLints/dict_16_192_64_0p5_0p02_0051_0007" 6514
"/Engine/EngineMaterials/Substrate/GLints/dict_16_192_64_0p5_0p02_0051_0006" 6515
"/Engine/EngineMaterials/Substrate/GLints/dict_16_192_64_0p5_0p02_0051_0005" 6516
"/Engine/EngineMaterials/Substrate/GLints/dict_16_192_64_0p5_0p02_0051_0004" 6517
"/Engine/EngineMaterials/Substrate/GLints/dict_16_192_64_0p5_0p02_0051_0003" 6518
"/Engine/EngineMaterials/Substrate/GLints/dict_16_192_64_0p5_0p02_0051_0002" 6519
"/Engine/EngineMaterials/Substrate/GLints/dict_16_192_64_0p5_0p02_0051_0001" 6520
"/Engine/EngineMaterials/Substrate/GLints/dict_16_192_64_0p5_0p02_0051_0000" 6521
"/Engine/EngineMaterials/Substrate/GLints/dict_16_192_64_0p5_0p02_0050_0015" 6522
"/Engine/EngineMaterials/Substrate/GLints/dict_16_192_64_0p5_0p02_0050_0014" 6523
"/Engine/EngineMaterials/Substrate/GLints/dict_16_192_64_0p5_0p02_0050_0013" 6524
"/Engine/EngineMaterials/Substrate/GLints/dict_16_192_64_0p5_0p02_0050_0012" 6525
"/Engine/EngineMaterials/Substrate/GLints/dict_16_192_64_0p5_0p02_0050_0011" 6526
"/Engine/EngineMaterials/Substrate/GLints/dict_16_192_64_0p5_0p02_0050_0010" 6527
"/Engine/EngineMaterials/Substrate/GLints/dict_16_192_64_0p5_0p02_0050_0009" 6528
"/Engine/EngineMaterials/Substrate/GLints/dict_16_192_64_0p5_0p02_0050_0008" 6529
"/Engine/EngineMaterials/Substrate/GLints/dict_16_192_64_0p5_0p02_0050_0007" 6530
"/Engine/EngineMaterials/Substrate/GLints/dict_16_192_64_0p5_0p02_0052_0006" 6531
"../../../Engine/Content/EngineMaterials/Substrate/GLints/dict_16_192_64_0p5_0p02_0052_0009.uasset" 6532
"../../../Engine/Content/EngineMaterials/Substrate/GLints/dict_16_192_64_0p5_0p02_0052_0007.uasset" 6533
"../../../Engine/Content/EngineMaterials/Substrate/GLints/dict_16_192_64_0p5_0p02_0052_0011.uasset" 6534
"/Engine/EngineMaterials/Substrate/GLints/dict_16_192_64_0p5_0p02_0052_0005" 6535
"../../../Engine/Content/EngineMaterials/Substrate/GLints/dict_16_192_64_0p5_0p02_0052_0008.uasset" 6536
"../../../Engine/Content/EngineMaterials/Substrate/GLints/dict_16_192_64_0p5_0p02_0052_0010.uasset" 6537
"../../../Engine/Content/EngineMaterials/Substrate/GLints/dict_16_192_64_0p5_0p02_0053_0002.uasset" 6538
"../../../Engine/Content/EngineMaterials/Substrate/GLints/dict_16_192_64_0p5_0p02_0052_0015.uasset" 6539
"../../../Engine/Content/EngineMaterials/Substrate/GLints/dict_16_192_64_0p5_0p02_0052_0013.uasset" 6540
"/Engine/EngineMaterials/Substrate/GLints/dict_16_192_64_0p5_0p02_0052_0004" 6541
"../../../Engine/Content/EngineMaterials/Substrate/GLints/dict_16_192_64_0p5_0p02_0053_0005.uasset" 6542
"../../../Engine/Content/EngineMaterials/Substrate/GLints/dict_16_192_64_0p5_0p02_0053_0009.uasset" 6543
"../../../Engine/Content/EngineMaterials/Substrate/GLints/dict_16_192_64_0p5_0p02_0052_0012.uasset" 6544
"../../../Engine/Content/EngineMaterials/Substrate/GLints/dict_16_192_64_0p5_0p02_0052_0014.uasset" 6545
"../../../Engine/Content/EngineMaterials/Substrate/GLints/dict_16_192_64_0p5_0p02_0053_0006.uasset" 6546
"../../../Engine/Content/EngineMaterials/Substrate/GLints/dict_16_192_64_0p5_0p02_0053_0003.uasset" 6547
"/Engine/EngineMaterials/Substrate/GLints/dict_16_192_64_0p5_0p02_0052_0003" 6548
"../../../Engine/Content/EngineMaterials/Substrate/GLints/dict_16_192_64_0p5_0p02_0053_0000.uasset" 6549
"../../../Engine/Content/EngineMaterials/Substrate/GLints/dict_16_192_64_0p5_0p02_0053_0007.uasset" 6550
"../../../Engine/Content/EngineMaterials/Substrate/GLints/dict_16_192_64_0p5_0p02_0053_0004.uasset" 6551
"../../../Engine/Content/EngineMaterials/Substrate/GLints/dict_16_192_64_0p5_0p02_0053_0013.uasset" 6552
"../../../Engine/Content/EngineMaterials/Substrate/GLints/dict_16_192_64_0p5_0p02_0053_0010.uasset" 6553
"../../../Engine/Content/EngineMaterials/Substrate/GLints/dict_16_192_64_0p5_0p02_0053_0012.uasset" 6554
"../../../Engine/Content/EngineMaterials/Substrate/GLints/dict_16_192_64_0p5_0p02_0053_0001.uasset" 6555
"../../../Engine/Content/EngineMaterials/Substrate/GLints/dict_16_192_64_0p5_0p02_0053_0011.uasset" 6556
"/Engine/EngineMaterials/Substrate/GLints/dict_16_192_64_0p5_0p02_0052_0002" 6557
"../../../Engine/Content/EngineMaterials/Substrate/GLints/dict_16_192_64_0p5_0p02_0053_0014.uasset" 6558
"../../../Engine/Content/EngineMaterials/Substrate/GLints/dict_16_192_64_0p5_0p02_0053_0008.uasset" 6559
"/Engine/EngineMaterials/Substrate/GLints/dict_16_192_64_0p5_0p02_0052_0001" 6560
"/Engine/EngineMaterials/Substrate/GLints/dict_16_192_64_0p5_0p02_0052_0000" 6561
"/Engine/EngineMaterials/Substrate/GLints/dict_16_192_64_0p5_0p02_0051_0015" 6562
"/Engine/EngineMaterials/Substrate/GLints/dict_16_192_64_0p5_0p02_0053_0014" 6563
"../../../Engine/Content/EngineMaterials/Substrate/GLints/dict_16_192_64_0p5_0p02_0054_0002.uasset" 6564
"../../../Engine/Content/EngineMaterials/Substrate/GLints/dict_16_192_64_0p5_0p02_0054_0000.uasset" 6565
"../../../Engine/Content/EngineMaterials/Substrate/GLints/dict_16_192_64_0p5_0p02_0053_0015.uasset" 6566
"../../../Engine/Content/EngineMaterials/Substrate/GLints/dict_16_192_64_0p5_0p02_0054_0001.uasset" 6567
"/Engine/EngineMaterials/Substrate/GLints/dict_16_192_64_0p5_0p02_0053_0013" 6568
"../../../Engine/Content/EngineMaterials/Substrate/GLints/dict_16_192_64_0p5_0p02_0054_0003.uasset" 6569
"../../../Engine/Content/EngineMaterials/Substrate/GLints/dict_16_192_64_0p5_0p02_0054_0006.uasset" 6570
"../../../Engine/Content/EngineMaterials/Substrate/GLints/dict_16_192_64_0p5_0p02_0054_0004.uasset" 6571
"../../../Engine/Content/EngineMaterials/Substrate/GLints/dict_16_192_64_0p5_0p02_0054_0005.uasset" 6572
"/Engine/EngineMaterials/Substrate/GLints/dict_16_192_64_0p5_0p02_0053_0012" 6573
"/Engine/EngineMaterials/Substrate/GLints/dict_16_192_64_0p5_0p02_0053_0011" 6574
"/Engine/EngineMaterials/Substrate/GLints/dict_16_192_64_0p5_0p02_0053_0010" 6575
"/Engine/EngineMaterials/Substrate/GLints/dict_16_192_64_0p5_0p02_0053_0009" 6576
"/Engine/EngineMaterials/Substrate/GLints/dict_16_192_64_0p5_0p02_0053_0008" 6577
"/Engine/EngineMaterials/Substrate/GLints/dict_16_192_64_0p5_0p02_0053_0007" 6578
"/Engine/EngineMaterials/Substrate/GLints/dict_16_192_64_0p5_0p02_0053_0006" 6579
"/Engine/EngineMaterials/Substrate/GLints/dict_16_192_64_0p5_0p02_0053_0005" 6580
"/Engine/EngineMaterials/Substrate/GLints/dict_16_192_64_0p5_0p02_0053_0004" 6581
"/Engine/EngineMaterials/Substrate/GLints/dict_16_192_64_0p5_0p02_0053_0003" 6582
"/Engine/EngineMaterials/Substrate/GLints/dict_16_192_64_0p5_0p02_0053_0002" 6583
"/Engine/EngineMaterials/Substrate/GLints/dict_16_192_64_0p5_0p02_0053_0001" 6584
"/Engine/EngineMaterials/Substrate/GLints/dict_16_192_64_0p5_0p02_0053_0000" 6585
"/Engine/EngineMaterials/Substrate/GLints/dict_16_192_64_0p5_0p02_0052_0015" 6586
"/Engine/EngineMaterials/Substrate/GLints/dict_16_192_64_0p5_0p02_0052_0014" 6587
"/Engine/EngineMaterials/Substrate/GLints/dict_16_192_64_0p5_0p02_0052_0013" 6588
"/Engine/EngineMaterials/Substrate/GLints/dict_16_192_64_0p5_0p02_0052_0012" 6589
"/Engine/EngineMaterials/Substrate/GLints/dict_16_192_64_0p5_0p02_0052_0011" 6590
"/Engine/EngineMaterials/Substrate/GLints/dict_16_192_64_0p5_0p02_0052_0010" 6591
"/Engine/EngineMaterials/Substrate/GLints/dict_16_192_64_0p5_0p02_0052_0009" 6592
"/Engine/EngineMaterials/Substrate/GLints/dict_16_192_64_0p5_0p02_0052_0008" 6593
"/Engine/EngineMaterials/Substrate/GLints/dict_16_192_64_0p5_0p02_0052_0007" 6594
"/Engine/EngineMaterials/Substrate/GLints/dict_16_192_64_0p5_0p02_0054_0006" 6595
"../../../Engine/Content/EngineMaterials/Substrate/GLints/dict_16_192_64_0p5_0p02_0054_0007.uasset" 6596
"../../../Engine/Content/EngineMaterials/Substrate/GLints/dict_16_192_64_0p5_0p02_0054_0013.uasset" 6597
"../../../Engine/Content/EngineMaterials/Substrate/GLints/dict_16_192_64_0p5_0p02_0054_0012.uasset" 6598
"../../../Engine/Content/EngineMaterials/Substrate/GLints/dict_16_192_64_0p5_0p02_0054_0010.uasset" 6599
"../../../Engine/Content/EngineMaterials/Substrate/GLints/dict_16_192_64_0p5_0p02_0054_0009.uasset" 6600
"/Engine/EngineMaterials/Substrate/GLints/dict_16_192_64_0p5_0p02_0054_0005" 6601
"../../../Engine/Content/EngineMaterials/Substrate/GLints/dict_16_192_64_0p5_0p02_0054_0011.uasset" 6602
"../../../Engine/Content/EngineMaterials/Substrate/GLints/dict_16_192_64_0p5_0p02_0054_0008.uasset" 6603
"../../../Engine/Content/EngineMaterials/Substrate/GLints/dict_16_192_64_0p5_0p02_0054_0014.uasset" 6604
"../../../Engine/Content/EngineMaterials/Substrate/GLints/dict_16_192_64_0p5_0p02_0055_0001.uasset" 6605
"../../../Engine/Content/EngineMaterials/Substrate/GLints/dict_16_192_64_0p5_0p02_0055_0010.uasset" 6606
"../../../Engine/Content/EngineMaterials/Substrate/GLints/dict_16_192_64_0p5_0p02_0055_0004.uasset" 6607
"../../../Engine/Content/EngineMaterials/Substrate/GLints/dict_16_192_64_0p5_0p02_0055_0003.uasset" 6608
"../../../Engine/Content/EngineMaterials/Substrate/GLints/dict_16_192_64_0p5_0p02_0054_0015.uasset" 6609
"../../../Engine/Content/EngineMaterials/Substrate/GLints/dict_16_192_64_0p5_0p02_0055_0002.uasset" 6610
"../../../Engine/Content/EngineMaterials/Substrate/GLints/dict_16_192_64_0p5_0p02_0055_0011.uasset" 6611
"../../../Engine/Content/EngineMaterials/Substrate/GLints/dict_16_192_64_0p5_0p02_0055_0009.uasset" 6612
"../../../Engine/Content/EngineMaterials/Substrate/GLints/dict_16_192_64_0p5_0p02_0055_0006.uasset" 6613
"../../../Engine/Content/EngineMaterials/Substrate/GLints/dict_16_192_64_0p5_0p02_0055_0014.uasset" 6614
"../../../Engine/Content/EngineMaterials/Substrate/GLints/dict_16_192_64_0p5_0p02_0055_0008.uasset" 6615
"../../../Engine/Content/EngineMaterials/Substrate/GLints/dict_16_192_64_0p5_0p02_0055_0000.uasset" 6616
"../../../Engine/Content/EngineMaterials/Substrate/GLints/dict_16_192_64_0p5_0p02_0055_0007.uasset" 6617
"../../../Engine/Content/EngineMaterials/Substrate/GLints/dict_16_192_64_0p5_0p02_0055_0013.uasset" 6618
"../../../Engine/Content/EngineMaterials/Substrate/GLints/dict_16_192_64_0p5_0p02_0055_0005.uasset" 6619
"/Engine/EngineMaterials/Substrate/GLints/dict_16_192_64_0p5_0p02_0054_0004" 6620
"../../../Engine/Content/EngineMaterials/Substrate/GLints/dict_16_192_64_0p5_0p02_0055_0012.uasset" 6621
"/Engine/EngineMaterials/Substrate/GLints/dict_16_192_64_0p5_0p02_0054_0003" 6622
"/Engine/EngineMaterials/Substrate/GLints/dict_16_192_64_0p5_0p02_0054_0002" 6623
"/Engine/EngineMaterials/Substrate/GLints/dict_16_192_64_0p5_0p02_0054_0001" 6624
"/Engine/EngineMaterials/Substrate/GLints/dict_16_192_64_0p5_0p02_0054_0000" 6625
"/Engine/EngineMaterials/Substrate/GLints/dict_16_192_64_0p5_0p02_0053_0015" 6626
"/Engine/EngineMaterials/Substrate/GLints/dict_16_192_64_0p5_0p02_0055_0014" 6627
"../../../Engine/Content/EngineMaterials/Substrate/GLints/dict_16_192_64_0p5_0p02_0056_0001.uasset" 6628
"/Engine/EngineMaterials/Substrate/GLints/dict_16_192_64_0p5_0p02_0055_0013" 6629
"../../../Engine/Content/EngineMaterials/Substrate/GLints/dict_16_192_64_0p5_0p02_0056_0002.uasset" 6630
"../../../Engine/Content/EngineMaterials/Substrate/GLints/dict_16_192_64_0p5_0p02_0056_0004.uasset" 6631
"../../../Engine/Content/EngineMaterials/Substrate/GLints/dict_16_192_64_0p5_0p02_0056_0003.uasset" 6632
"../../../Engine/Content/EngineMaterials/Substrate/GLints/dict_16_192_64_0p5_0p02_0056_0000.uasset" 6633
"../../../Engine/Content/EngineMaterials/Substrate/GLints/dict_16_192_64_0p5_0p02_0055_0015.uasset" 6634
"../../../Engine/Content/EngineMaterials/Substrate/GLints/dict_16_192_64_0p5_0p02_0056_0005.uasset" 6635
"../../../Engine/Content/EngineMaterials/Substrate/GLints/dict_16_192_64_0p5_0p02_0056_0006.uasset" 6636
"/Engine/EngineMaterials/Substrate/GLints/dict_16_192_64_0p5_0p02_0055_0012" 6637
"/Engine/EngineMaterials/Substrate/GLints/dict_16_192_64_0p5_0p02_0055_0011" 6638
"/Engine/EngineMaterials/Substrate/GLints/dict_16_192_64_0p5_0p02_0055_0010" 6639
"/Engine/EngineMaterials/Substrate/GLints/dict_16_192_64_0p5_0p02_0055_0009" 6640
"/Engine/EngineMaterials/Substrate/GLints/dict_16_192_64_0p5_0p02_0055_0008" 6641
"/Engine/EngineMaterials/Substrate/GLints/dict_16_192_64_0p5_0p02_0055_0007" 6642
"/Engine/EngineMaterials/Substrate/GLints/dict_16_192_64_0p5_0p02_0055_0006" 6643
"/Engine/EngineMaterials/Substrate/GLints/dict_16_192_64_0p5_0p02_0055_0005" 6644
"/Engine/EngineMaterials/Substrate/GLints/dict_16_192_64_0p5_0p02_0055_0004" 6645
"/Engine/EngineMaterials/Substrate/GLints/dict_16_192_64_0p5_0p02_0055_0003" 6646
"/Engine/EngineMaterials/Substrate/GLints/dict_16_192_64_0p5_0p02_0055_0002" 6647
"/Engine/EngineMaterials/Substrate/GLints/dict_16_192_64_0p5_0p02_0055_0001" 6648
"/Engine/EngineMaterials/Substrate/GLints/dict_16_192_64_0p5_0p02_0055_0000" 6649
"/Engine/EngineMaterials/Substrate/GLints/dict_16_192_64_0p5_0p02_0054_0015" 6650
"/Engine/EngineMaterials/Substrate/GLints/dict_16_192_64_0p5_0p02_0054_0014" 6651
"/Engine/EngineMaterials/Substrate/GLints/dict_16_192_64_0p5_0p02_0054_0013" 6652
"/Engine/EngineMaterials/Substrate/GLints/dict_16_192_64_0p5_0p02_0054_0012" 6653
"/Engine/EngineMaterials/Substrate/GLints/dict_16_192_64_0p5_0p02_0054_0011" 6654
"/Engine/EngineMaterials/Substrate/GLints/dict_16_192_64_0p5_0p02_0054_0010" 6655
"/Engine/EngineMaterials/Substrate/GLints/dict_16_192_64_0p5_0p02_0054_0009" 6656
"/Engine/EngineMaterials/Substrate/GLints/dict_16_192_64_0p5_0p02_0054_0008" 6657
"/Engine/EngineMaterials/Substrate/GLints/dict_16_192_64_0p5_0p02_0054_0007" 6658
"/Engine/EngineMaterials/Substrate/GLints/dict_16_192_64_0p5_0p02_0056_0006" 6659
"../../../Engine/Content/EngineMaterials/Substrate/GLints/dict_16_192_64_0p5_0p02_0056_0009.uasset" 6660
"../../../Engine/Content/EngineMaterials/Substrate/GLints/dict_16_192_64_0p5_0p02_0056_0008.uasset" 6661
"../../../Engine/Content/EngineMaterials/Substrate/GLints/dict_16_192_64_0p5_0p02_0056_0010.uasset" 6662
"../../../Engine/Content/EngineMaterials/Substrate/GLints/dict_16_192_64_0p5_0p02_0056_0007.uasset" 6663
"/Engine/EngineMaterials/Substrate/GLints/dict_16_192_64_0p5_0p02_0056_0005" 6664
"../../../Engine/Content/EngineMaterials/Substrate/GLints/dict_16_192_64_0p5_0p02_0056_0011.uasset" 6665
"../../../Engine/Content/EngineMaterials/Substrate/GLints/dict_16_192_64_0p5_0p02_0056_0015.uasset" 6666
"../../../Engine/Content/EngineMaterials/Substrate/GLints/dict_16_192_64_0p5_0p02_0056_0013.uasset" 6667
"../../../Engine/Content/EngineMaterials/Substrate/GLints/dict_16_192_64_0p5_0p02_0056_0014.uasset" 6668
"/Engine/EngineMaterials/Substrate/GLints/dict_16_192_64_0p5_0p02_0056_0004" 6669
"../../../Engine/Content/EngineMaterials/Substrate/GLints/dict_16_192_64_0p5_0p02_0056_0012.uasset" 6670
"../../../Engine/Content/EngineMaterials/Substrate/GLints/dict_16_192_64_0p5_0p02_0057_0003.uasset" 6671
"../../../Engine/Content/EngineMaterials/Substrate/GLints/dict_16_192_64_0p5_0p02_0057_0007.uasset" 6672
"/Engine/EngineMaterials/Substrate/GLints/dict_16_192_64_0p5_0p02_0056_0003" 6673
"../../../Engine/Content/EngineMaterials/Substrate/GLints/dict_16_192_64_0p5_0p02_0057_0008.uasset" 6674
"../../../Engine/Content/EngineMaterials/Substrate/GLints/dict_16_192_64_0p5_0p02_0057_0009.uasset" 6675
"../../../Engine/Content/EngineMaterials/Substrate/GLints/dict_16_192_64_0p5_0p02_0057_0014.uasset" 6676
"../../../Engine/Content/EngineMaterials/Substrate/GLints/dict_16_192_64_0p5_0p02_0057_0000.uasset" 6677
"../../../Engine/Content/EngineMaterials/Substrate/GLints/dict_16_192_64_0p5_0p02_0057_0001.uasset" 6678
"../../../Engine/Content/EngineMaterials/Substrate/GLints/dict_16_192_64_0p5_0p02_0057_0006.uasset" 6679
"../../../Engine/Content/EngineMaterials/Substrate/GLints/dict_16_192_64_0p5_0p02_0057_0002.uasset" 6680
"../../../Engine/Content/EngineMaterials/Substrate/GLints/dict_16_192_64_0p5_0p02_0057_0005.uasset" 6681
"../../../Engine/Content/EngineMaterials/Substrate/GLints/dict_16_192_64_0p5_0p02_0057_0004.uasset" 6682
"../../../Engine/Content/EngineMaterials/Substrate/GLints/dict_16_192_64_0p5_0p02_0057_0012.uasset" 6683
"../../../Engine/Content/EngineMaterials/Substrate/GLints/dict_16_192_64_0p5_0p02_0057_0013.uasset" 6684
"/Engine/EngineMaterials/Substrate/GLints/dict_16_192_64_0p5_0p02_0056_0002" 6685
"../../../Engine/Content/EngineMaterials/Substrate/GLints/dict_16_192_64_0p5_0p02_0057_0011.uasset" 6686
"../../../Engine/Content/EngineMaterials/Substrate/GLints/dict_16_192_64_0p5_0p02_0057_0010.uasset" 6687
"/Engine/EngineMaterials/Substrate/GLints/dict_16_192_64_0p5_0p02_0056_0001" 6688
"/Engine/EngineMaterials/Substrate/GLints/dict_16_192_64_0p5_0p02_0056_0000" 6689
"/Engine/EngineMaterials/Substrate/GLints/dict_16_192_64_0p5_0p02_0055_0015" 6690
"/Engine/EngineMaterials/Substrate/GLints/dict_16_192_64_0p5_0p02_0057_0014" 6691
"/Engine/EngineMaterials/Substrate/GLints/dict_16_192_64_0p5_0p02_0057_0013" 6692
"/Engine/EngineMaterials/Substrate/GLints/dict_16_192_64_0p5_0p02_0057_0012" 6693
"/Engine/EngineMaterials/Substrate/GLints/dict_16_192_64_0p5_0p02_0057_0011" 6694
"../../../Engine/Content/EngineMaterials/Substrate/GLints/dict_16_192_64_0p5_0p02_0058_0006.uasset" 6695
"../../../Engine/Content/EngineMaterials/Substrate/GLints/dict_16_192_64_0p5_0p02_0058_0001.uasset" 6696
"../../../Engine/Content/EngineMaterials/Substrate/GLints/dict_16_192_64_0p5_0p02_0058_0000.uasset" 6697
"/Engine/EngineMaterials/Substrate/GLints/dict_16_192_64_0p5_0p02_0057_0010" 6698
"../../../Engine/Content/EngineMaterials/Substrate/GLints/dict_16_192_64_0p5_0p02_0058_0005.uasset" 6699
"../../../Engine/Content/EngineMaterials/Substrate/GLints/dict_16_192_64_0p5_0p02_0058_0003.uasset" 6700
"../../../Engine/Content/EngineMaterials/Substrate/GLints/dict_16_192_64_0p5_0p02_0058_0002.uasset" 6701
"../../../Engine/Content/EngineMaterials/Substrate/GLints/dict_16_192_64_0p5_0p02_0058_0004.uasset" 6702
"../../../Engine/Content/EngineMaterials/Substrate/GLints/dict_16_192_64_0p5_0p02_0057_0015.uasset" 6703
"/Engine/EngineMaterials/Substrate/GLints/dict_16_192_64_0p5_0p02_0057_0009" 6704
"/Engine/EngineMaterials/Substrate/GLints/dict_16_192_64_0p5_0p02_0057_0008" 6705
"/Engine/EngineMaterials/Substrate/GLints/dict_16_192_64_0p5_0p02_0057_0007" 6706
"/Engine/EngineMaterials/Substrate/GLints/dict_16_192_64_0p5_0p02_0057_0006" 6707
"/Engine/EngineMaterials/Substrate/GLints/dict_16_192_64_0p5_0p02_0057_0005" 6708
"/Engine/EngineMaterials/Substrate/GLints/dict_16_192_64_0p5_0p02_0057_0004" 6709
"/Engine/EngineMaterials/Substrate/GLints/dict_16_192_64_0p5_0p02_0057_0003" 6710
"/Engine/EngineMaterials/Substrate/GLints/dict_16_192_64_0p5_0p02_0057_0002" 6711
"/Engine/EngineMaterials/Substrate/GLints/dict_16_192_64_0p5_0p02_0057_0001" 6712
"/Engine/EngineMaterials/Substrate/GLints/dict_16_192_64_0p5_0p02_0057_0000" 6713
"/Engine/EngineMaterials/Substrate/GLints/dict_16_192_64_0p5_0p02_0056_0015" 6714
"/Engine/EngineMaterials/Substrate/GLints/dict_16_192_64_0p5_0p02_0056_0014" 6715
"/Engine/EngineMaterials/Substrate/GLints/dict_16_192_64_0p5_0p02_0056_0013" 6716
"/Engine/EngineMaterials/Substrate/GLints/dict_16_192_64_0p5_0p02_0056_0012" 6717
"/Engine/EngineMaterials/Substrate/GLints/dict_16_192_64_0p5_0p02_0056_0011" 6718
"/Engine/EngineMaterials/Substrate/GLints/dict_16_192_64_0p5_0p02_0056_0010" 6719
"/Engine/EngineMaterials/Substrate/GLints/dict_16_192_64_0p5_0p02_0056_0009" 6720
"/Engine/EngineMaterials/Substrate/GLints/dict_16_192_64_0p5_0p02_0056_0008" 6721
"/Engine/EngineMaterials/Substrate/GLints/dict_16_192_64_0p5_0p02_0056_0007" 6722
"/Engine/EngineMaterials/Substrate/GLints/dict_16_192_64_0p5_0p02_0058_0006" 6723
"../../../Engine/Content/EngineMaterials/Substrate/GLints/dict_16_192_64_0p5_0p02_0058_0008.uasset" 6724
"../../../Engine/Content/EngineMaterials/Substrate/GLints/dict_16_192_64_0p5_0p02_0059_0000.uasset" 6725
"../../../Engine/Content/EngineMaterials/Substrate/GLints/dict_16_192_64_0p5_0p02_0058_0007.uasset" 6726
"/Engine/EngineMaterials/Substrate/GLints/dict_16_192_64_0p5_0p02_0058_0005" 6727
"../../../Engine/Content/EngineMaterials/Substrate/GLints/dict_16_192_64_0p5_0p02_0058_0009.uasset" 6728
"../../../Engine/Content/EngineMaterials/Substrate/GLints/dict_16_192_64_0p5_0p02_0058_0015.uasset" 6729
"../../../Engine/Content/EngineMaterials/Substrate/GLints/dict_16_192_64_0p5_0p02_0058_0013.uasset" 6730
"../../../Engine/Content/EngineMaterials/Substrate/GLints/dict_16_192_64_0p5_0p02_0058_0011.uasset" 6731
"../../../Engine/Content/EngineMaterials/Substrate/GLints/dict_16_192_64_0p5_0p02_0058_0012.uasset" 6732
"/Engine/EngineMaterials/Substrate/GLints/dict_16_192_64_0p5_0p02_0058_0004" 6733
"../../../Engine/Content/EngineMaterials/Substrate/GLints/dict_16_192_64_0p5_0p02_0059_0012.uasset" 6734
"../../../Engine/Content/EngineMaterials/Substrate/GLints/dict_16_192_64_0p5_0p02_0059_0001.uasset" 6735
"../../../Engine/Content/EngineMaterials/Substrate/GLints/dict_16_192_64_0p5_0p02_0059_0009.uasset" 6736
"../../../Engine/Content/EngineMaterials/Substrate/GLints/dict_16_192_64_0p5_0p02_0058_0014.uasset" 6737
"../../../Engine/Content/EngineMaterials/Substrate/GLints/dict_16_192_64_0p5_0p02_0059_0008.uasset" 6738
"../../../Engine/Content/EngineMaterials/Substrate/GLints/dict_16_192_64_0p5_0p02_0058_0010.uasset" 6739
"../../../Engine/Content/EngineMaterials/Substrate/GLints/dict_16_192_64_0p5_0p02_0059_0005.uasset" 6740
"../../../Engine/Content/EngineMaterials/Substrate/GLints/dict_16_192_64_0p5_0p02_0059_0004.uasset" 6741
"../../../Engine/Content/EngineMaterials/Substrate/GLints/dict_16_192_64_0p5_0p02_0059_0013.uasset" 6742
"../../../Engine/Content/EngineMaterials/Substrate/GLints/dict_16_192_64_0p5_0p02_0059_0003.uasset" 6743
"/Engine/EngineMaterials/Substrate/GLints/dict_16_192_64_0p5_0p02_0058_0003" 6744
"../../../Engine/Content/EngineMaterials/Substrate/GLints/dict_16_192_64_0p5_0p02_0059_0014.uasset" 6745
"../../../Engine/Content/EngineMaterials/Substrate/GLints/dict_16_192_64_0p5_0p02_0059_0007.uasset" 6746
"../../../Engine/Content/EngineMaterials/Substrate/GLints/dict_16_192_64_0p5_0p02_0059_0010.uasset" 6747
"../../../Engine/Content/EngineMaterials/Substrate/GLints/dict_16_192_64_0p5_0p02_0059_0002.uasset" 6748
"../../../Engine/Content/EngineMaterials/Substrate/GLints/dict_16_192_64_0p5_0p02_0059_0006.uasset" 6749
"../../../Engine/Content/EngineMaterials/Substrate/GLints/dict_16_192_64_0p5_0p02_0059_0011.uasset" 6750
"/Engine/EngineMaterials/Substrate/GLints/dict_16_192_64_0p5_0p02_0058_0002" 6751
"/Engine/EngineMaterials/Substrate/GLints/dict_16_192_64_0p5_0p02_0058_0001" 6752
"/Engine/EngineMaterials/Substrate/GLints/dict_16_192_64_0p5_0p02_0058_0000" 6753
"/Engine/EngineMaterials/Substrate/GLints/dict_16_192_64_0p5_0p02_0057_0015" 6754
"/Engine/EngineMaterials/Substrate/GLints/dict_16_192_64_0p5_0p02_0059_0014" 6755
"/Engine/EngineMaterials/Substrate/GLints/dict_16_192_64_0p5_0p02_0059_0013" 6756
"../../../Engine/Content/EngineMaterials/Substrate/GLints/dict_16_192_64_0p5_0p02_0060_0005.uasset" 6757
"../../../Engine/Content/EngineMaterials/Substrate/GLints/dict_16_192_64_0p5_0p02_0060_0000.uasset" 6758
"../../../Engine/Content/EngineMaterials/Substrate/GLints/dict_16_192_64_0p5_0p02_0060_0003.uasset" 6759
"../../../Engine/Content/EngineMaterials/Substrate/GLints/dict_16_192_64_0p5_0p02_0060_0006.uasset" 6760
"../../../Engine/Content/EngineMaterials/Substrate/GLints/dict_16_192_64_0p5_0p02_0060_0001.uasset" 6761
"../../../Engine/Content/EngineMaterials/Substrate/GLints/dict_16_192_64_0p5_0p02_0060_0002.uasset" 6762
"/Engine/EngineMaterials/Substrate/GLints/dict_16_192_64_0p5_0p02_0059_0012" 6763
"../../../Engine/Content/EngineMaterials/Substrate/GLints/dict_16_192_64_0p5_0p02_0059_0015.uasset" 6764
"../../../Engine/Content/EngineMaterials/Substrate/GLints/dict_16_192_64_0p5_0p02_0060_0004.uasset" 6765
"/Engine/EngineMaterials/Substrate/GLints/dict_16_192_64_0p5_0p02_0059_0011" 6766
"/Engine/EngineMaterials/Substrate/GLints/dict_16_192_64_0p5_0p02_0059_0010" 6767
"/Engine/EngineMaterials/Substrate/GLints/dict_16_192_64_0p5_0p02_0059_0009" 6768
"/Engine/EngineMaterials/Substrate/GLints/dict_16_192_64_0p5_0p02_0059_0008" 6769
"/Engine/EngineMaterials/Substrate/GLints/dict_16_192_64_0p5_0p02_0059_0007" 6770
"/Engine/EngineMaterials/Substrate/GLints/dict_16_192_64_0p5_0p02_0059_0006" 6771
"/Engine/EngineMaterials/Substrate/GLints/dict_16_192_64_0p5_0p02_0059_0005" 6772
"/Engine/EngineMaterials/Substrate/GLints/dict_16_192_64_0p5_0p02_0059_0004" 6773
"/Engine/EngineMaterials/Substrate/GLints/dict_16_192_64_0p5_0p02_0059_0003" 6774
"/Engine/EngineMaterials/Substrate/GLints/dict_16_192_64_0p5_0p02_0059_0002" 6775
"/Engine/EngineMaterials/Substrate/GLints/dict_16_192_64_0p5_0p02_0059_0001" 6776
"/Engine/EngineMaterials/Substrate/GLints/dict_16_192_64_0p5_0p02_0059_0000" 6777
"/Engine/EngineMaterials/Substrate/GLints/dict_16_192_64_0p5_0p02_0058_0015" 6778
"/Engine/EngineMaterials/Substrate/GLints/dict_16_192_64_0p5_0p02_0058_0014" 6779
"/Engine/EngineMaterials/Substrate/GLints/dict_16_192_64_0p5_0p02_0058_0013" 6780
"/Engine/EngineMaterials/Substrate/GLints/dict_16_192_64_0p5_0p02_0058_0012" 6781
"/Engine/EngineMaterials/Substrate/GLints/dict_16_192_64_0p5_0p02_0058_0011" 6782
"/Engine/EngineMaterials/Substrate/GLints/dict_16_192_64_0p5_0p02_0058_0010" 6783
"/Engine/EngineMaterials/Substrate/GLints/dict_16_192_64_0p5_0p02_0058_0009" 6784
"/Engine/EngineMaterials/Substrate/GLints/dict_16_192_64_0p5_0p02_0058_0008" 6785
"/Engine/EngineMaterials/Substrate/GLints/dict_16_192_64_0p5_0p02_0058_0007" 6786
"/Engine/EngineMaterials/Substrate/GLints/dict_16_192_64_0p5_0p02_0060_0006" 6787
"../../../Engine/Content/EngineMaterials/Substrate/GLints/dict_16_192_64_0p5_0p02_0060_0009.uasset" 6788
"../../../Engine/Content/EngineMaterials/Substrate/GLints/dict_16_192_64_0p5_0p02_0060_0008.uasset" 6789
"../../../Engine/Content/EngineMaterials/Substrate/GLints/dict_16_192_64_0p5_0p02_0060_0010.uasset" 6790
"../../../Engine/Content/EngineMaterials/Substrate/GLints/dict_16_192_64_0p5_0p02_0061_0008.uasset" 6791
"../../../Engine/Content/EngineMaterials/Substrate/GLints/dict_16_192_64_0p5_0p02_0060_0007.uasset" 6792
"../../../Engine/Content/EngineMaterials/Substrate/GLints/dict_16_192_64_0p5_0p02_0061_0000.uasset" 6793
"../../../Engine/Content/EngineMaterials/Substrate/GLints/dict_16_192_64_0p5_0p02_0060_0011.uasset" 6794
"../../../Engine/Content/EngineMaterials/Substrate/GLints/dict_16_192_64_0p5_0p02_0060_0012.uasset" 6795
"/Engine/EngineMaterials/Substrate/GLints/dict_16_192_64_0p5_0p02_0060_0005" 6796
"../../../Engine/Content/EngineMaterials/Substrate/GLints/dict_16_192_64_0p5_0p02_0060_0014.uasset" 6797
"../../../Engine/Content/EngineMaterials/Substrate/GLints/dict_16_192_64_0p5_0p02_0060_0013.uasset" 6798
"../../../Engine/Content/EngineMaterials/Substrate/GLints/dict_16_192_64_0p5_0p02_0060_0015.uasset" 6799
"../../../Engine/Content/EngineMaterials/Substrate/GLints/dict_16_192_64_0p5_0p02_0061_0003.uasset" 6800
"../../../Engine/Content/EngineMaterials/Substrate/GLints/dict_16_192_64_0p5_0p02_0061_0002.uasset" 6801
"../../../Engine/Content/EngineMaterials/Substrate/GLints/dict_16_192_64_0p5_0p02_0061_0004.uasset" 6802
"../../../Engine/Content/EngineMaterials/Substrate/GLints/dict_16_192_64_0p5_0p02_0061_0007.uasset" 6803
"../../../Engine/Content/EngineMaterials/Substrate/GLints/dict_16_192_64_0p5_0p02_0061_0001.uasset" 6804
"../../../Engine/Content/EngineMaterials/Substrate/GLints/dict_16_192_64_0p5_0p02_0061_0009.uasset" 6805
"/Engine/EngineMaterials/Substrate/GLints/dict_16_192_64_0p5_0p02_0060_0004" 6806
"../../../Engine/Content/EngineMaterials/Substrate/GLints/dict_16_192_64_0p5_0p02_0061_0011.uasset" 6807
"../../../Engine/Content/EngineMaterials/Substrate/GLints/dict_16_192_64_0p5_0p02_0061_0006.uasset" 6808
"../../../Engine/Content/EngineMaterials/Substrate/GLints/dict_16_192_64_0p5_0p02_0061_0014.uasset" 6809
"../../../Engine/Content/EngineMaterials/Substrate/GLints/dict_16_192_64_0p5_0p02_0061_0012.uasset" 6810
"../../../Engine/Content/EngineMaterials/Substrate/GLints/dict_16_192_64_0p5_0p02_0061_0005.uasset" 6811
"../../../Engine/Content/EngineMaterials/Substrate/GLints/dict_16_192_64_0p5_0p02_0061_0010.uasset" 6812
"../../../Engine/Content/EngineMaterials/Substrate/GLints/dict_16_192_64_0p5_0p02_0061_0013.uasset" 6813
"/Engine/EngineMaterials/Substrate/GLints/dict_16_192_64_0p5_0p02_0060_0003" 6814
"/Engine/EngineMaterials/Substrate/GLints/dict_16_192_64_0p5_0p02_0060_0002" 6815
"/Engine/EngineMaterials/Substrate/GLints/dict_16_192_64_0p5_0p02_0060_0001" 6816
"/Engine/EngineMaterials/Substrate/GLints/dict_16_192_64_0p5_0p02_0060_0000" 6817
"/Engine/EngineMaterials/Substrate/GLints/dict_16_192_64_0p5_0p02_0059_0015" 6818
"/Engine/EngineMaterials/Substrate/GLints/dict_16_192_64_0p5_0p02_0061_0014" 6819
"../../../Engine/Content/EngineMaterials/Substrate/GLints/dict_16_192_64_0p5_0p02_0062_0005.uasset" 6820
"../../../Engine/Content/EngineMaterials/Substrate/GLints/dict_16_192_64_0p5_0p02_0062_0000.uasset" 6821
"../../../Engine/Content/EngineMaterials/Substrate/GLints/dict_16_192_64_0p5_0p02_0061_0015.uasset" 6822
"../../../Engine/Content/EngineMaterials/Substrate/GLints/dict_16_192_64_0p5_0p02_0062_0001.uasset" 6823
"/Engine/EngineMaterials/Substrate/GLints/dict_16_192_64_0p5_0p02_0061_0013" 6824
"../../../Engine/Content/EngineMaterials/Substrate/GLints/dict_16_192_64_0p5_0p02_0062_0006.uasset" 6825
"../../../Engine/Content/EngineMaterials/Substrate/GLints/dict_16_192_64_0p5_0p02_0062_0003.uasset" 6826
"../../../Engine/Content/EngineMaterials/Substrate/GLints/dict_16_192_64_0p5_0p02_0062_0002.uasset" 6827
"../../../Engine/Content/EngineMaterials/Substrate/GLints/dict_16_192_64_0p5_0p02_0062_0004.uasset" 6828
"/Engine/EngineMaterials/Substrate/GLints/dict_16_192_64_0p5_0p02_0061_0012" 6829
"/Engine/EngineMaterials/Substrate/GLints/dict_16_192_64_0p5_0p02_0061_0011" 6830
"/Engine/EngineMaterials/Substrate/GLints/dict_16_192_64_0p5_0p02_0061_0010" 6831
"/Engine/EngineMaterials/Substrate/GLints/dict_16_192_64_0p5_0p02_0061_0009" 6832
"/Engine/EngineMaterials/Substrate/GLints/dict_16_192_64_0p5_0p02_0061_0008" 6833
"/Engine/EngineMaterials/Substrate/GLints/dict_16_192_64_0p5_0p02_0061_0007" 6834
"/Engine/EngineMaterials/Substrate/GLints/dict_16_192_64_0p5_0p02_0061_0006" 6835
"/Engine/EngineMaterials/Substrate/GLints/dict_16_192_64_0p5_0p02_0061_0005" 6836
"/Engine/EngineMaterials/Substrate/GLints/dict_16_192_64_0p5_0p02_0061_0004" 6837
"/Engine/EngineMaterials/Substrate/GLints/dict_16_192_64_0p5_0p02_0061_0003" 6838
"/Engine/EngineMaterials/Substrate/GLints/dict_16_192_64_0p5_0p02_0061_0002" 6839
"/Engine/EngineMaterials/Substrate/GLints/dict_16_192_64_0p5_0p02_0061_0001" 6840
"/Engine/EngineMaterials/Substrate/GLints/dict_16_192_64_0p5_0p02_0061_0000" 6841
"/Engine/EngineMaterials/Substrate/GLints/dict_16_192_64_0p5_0p02_0060_0015" 6842
"/Engine/EngineMaterials/Substrate/GLints/dict_16_192_64_0p5_0p02_0060_0014" 6843
"/Engine/EngineMaterials/Substrate/GLints/dict_16_192_64_0p5_0p02_0060_0013" 6844
"/Engine/EngineMaterials/Substrate/GLints/dict_16_192_64_0p5_0p02_0060_0012" 6845
"/Engine/EngineMaterials/Substrate/GLints/dict_16_192_64_0p5_0p02_0060_0011" 6846
"/Engine/EngineMaterials/Substrate/GLints/dict_16_192_64_0p5_0p02_0060_0010" 6847
"/Engine/EngineMaterials/Substrate/GLints/dict_16_192_64_0p5_0p02_0060_0009" 6848
"/Engine/EngineMaterials/Substrate/GLints/dict_16_192_64_0p5_0p02_0060_0008" 6849
"/Engine/EngineMaterials/Substrate/GLints/dict_16_192_64_0p5_0p02_0060_0007" 6850
"/Engine/EngineMaterials/Substrate/GLints/dict_16_192_64_0p5_0p02_0062_0006" 6851
"../../../Engine/Content/EngineMaterials/Substrate/GLints/dict_16_192_64_0p5_0p02_0062_0007.uasset" 6852
"../../../Engine/Content/EngineMaterials/Substrate/GLints/dict_16_192_64_0p5_0p02_0062_0010.uasset" 6853
"../../../Engine/Content/EngineMaterials/Substrate/GLints/dict_16_192_64_0p5_0p02_0062_0009.uasset" 6854
"/Engine/EngineMaterials/Substrate/GLints/dict_16_192_64_0p5_0p02_0062_0005" 6855
"../../../Engine/Content/EngineMaterials/Substrate/GLints/dict_16_192_64_0p5_0p02_0062_0015.uasset" 6856
"../../../Engine/Content/EngineMaterials/Substrate/GLints/dict_16_192_64_0p5_0p02_0062_0013.uasset" 6857
"../../../Engine/Content/EngineMaterials/Substrate/GLints/dict_16_192_64_0p5_0p02_0062_0011.uasset" 6858
"/Engine/EngineMaterials/Substrate/GLints/dict_16_192_64_0p5_0p02_0062_0004" 6859
"../../../Engine/Content/EngineMaterials/Substrate/GLints/dict_16_192_64_0p5_0p02_0063_0003.uasset" 6860
"../../../Engine/Content/EngineMaterials/Substrate/GLints/dict_16_192_64_0p5_0p02_0062_0008.uasset" 6861
"../../../Engine/Content/EngineMaterials/Substrate/GLints/dict_16_192_64_0p5_0p02_0063_0004.uasset" 6862
"../../../Engine/Content/EngineMaterials/Substrate/GLints/dict_16_192_64_0p5_0p02_0062_0012.uasset" 6863
"../../../Engine/Content/EngineMaterials/Substrate/GLints/dict_16_192_64_0p5_0p02_0062_0014.uasset" 6864
"../../../Engine/Content/EngineMaterials/Substrate/GLints/dict_16_192_64_0p5_0p02_0063_0002.uasset" 6865
"../../../Engine/Content/EngineMaterials/Substrate/GLints/dict_16_192_64_0p5_0p02_0063_0000.uasset" 6866
"../../../Engine/Content/EngineMaterials/Substrate/GLints/dict_16_192_64_0p5_0p02_0063_0011.uasset" 6867
"../../../Engine/Content/EngineMaterials/Substrate/GLints/dict_16_192_64_0p5_0p02_0063_0009.uasset" 6868
"../../../Engine/Content/EngineMaterials/Substrate/GLints/dict_16_192_64_0p5_0p02_0063_0005.uasset" 6869
"../../../Engine/Content/EngineMaterials/Substrate/GLints/dict_16_192_64_0p5_0p02_0063_0008.uasset" 6870
"../../../Engine/Content/EngineMaterials/Substrate/GLints/dict_16_192_64_0p5_0p02_0063_0012.uasset" 6871
"../../../Engine/Content/EngineMaterials/Substrate/GLints/dict_16_192_64_0p5_0p02_0063_0013.uasset" 6872
"/Engine/EngineMaterials/Substrate/GLints/dict_16_192_64_0p5_0p02_0062_0003" 6873
"../../../Engine/Content/EngineMaterials/Substrate/GLints/dict_16_192_64_0p5_0p02_0063_0006.uasset" 6874
"../../../Engine/Content/EngineMaterials/Substrate/GLints/dict_16_192_64_0p5_0p02_0063_0007.uasset" 6875
"../../../Engine/Content/EngineMaterials/Substrate/GLints/dict_16_192_64_0p5_0p02_0063_0001.uasset" 6876
"../../../Engine/Content/EngineMaterials/Substrate/GLints/dict_16_192_64_0p5_0p02_0063_0010.uasset" 6877
"../../../Engine/Content/EngineMaterials/Substrate/GLints/dict_16_192_64_0p5_0p02_0063_0014.uasset" 6878
"/Engine/EngineMaterials/Substrate/GLints/dict_16_192_64_0p5_0p02_0062_0002" 6879
"/Engine/EngineMaterials/Substrate/GLints/dict_16_192_64_0p5_0p02_0062_0001" 6880
"/Engine/EngineMaterials/Substrate/GLints/dict_16_192_64_0p5_0p02_0062_0000" 6881
"/Engine/EngineMaterials/Substrate/GLints/dict_16_192_64_0p5_0p02_0061_0015" 6882
"/Engine/EngineMaterials/Substrate/GLints/dict_16_192_64_0p5_0p02_0063_0014" 6883
"../../../Engine/Content/EngineMaterials/Substrate/Glints2/dict_0000_0001.uasset" 6884
"/Engine/EngineMaterials/Substrate/GLints/dict_16_192_64_0p5_0p02_0063_0013" 6885
"../../../Engine/Content/EngineMaterials/Substrate/Glints2/dict_0000_0004.uasset" 6886
"../../../Engine/Content/EngineMaterials/Substrate/GLints/dict_16_192_64_0p5_0p02_0063_0015.uasset" 6887
"../../../Engine/Content/EngineMaterials/Substrate/Glints2/dict_0000_0000.uasset" 6888
"../../../Engine/Content/EngineMaterials/Substrate/Glints2/dict_0000_0005.uasset" 6889
"../../../Engine/Content/EngineMaterials/Substrate/Glints2/dict_0000_0003.uasset" 6890
"../../../Engine/Content/EngineMaterials/Substrate/Glints2/dict_0000_0002.uasset" 6891
"../../../Engine/Content/EngineMaterials/Substrate/GLints/AGlintTex2dArray.uasset" 6892
"/Engine/EngineMaterials/Substrate/GLints/dict_16_192_64_0p5_0p02_0063_0012" 6893
"/Engine/EngineMaterials/Substrate/GLints/dict_16_192_64_0p5_0p02_0063_0011" 6894
"/Engine/EngineMaterials/Substrate/GLints/dict_16_192_64_0p5_0p02_0063_0010" 6895
"/Engine/EngineMaterials/Substrate/GLints/dict_16_192_64_0p5_0p02_0063_0009" 6896
"/Engine/EngineMaterials/Substrate/GLints/dict_16_192_64_0p5_0p02_0063_0008" 6897
"/Engine/EngineMaterials/Substrate/GLints/dict_16_192_64_0p5_0p02_0063_0007" 6898
"/Engine/EngineMaterials/Substrate/GLints/dict_16_192_64_0p5_0p02_0063_0006" 6899
"/Engine/EngineMaterials/Substrate/GLints/dict_16_192_64_0p5_0p02_0063_0005" 6900
"/Engine/EngineMaterials/Substrate/GLints/dict_16_192_64_0p5_0p02_0063_0004" 6901
"/Engine/EngineMaterials/Substrate/GLints/dict_16_192_64_0p5_0p02_0063_0003" 6902
"/Engine/EngineMaterials/Substrate/GLints/dict_16_192_64_0p5_0p02_0063_0002" 6903
"/Engine/EngineMaterials/Substrate/GLints/dict_16_192_64_0p5_0p02_0063_0001" 6904
"/Engine/EngineMaterials/Substrate/GLints/dict_16_192_64_0p5_0p02_0063_0000" 6905
"/Engine/EngineMaterials/Substrate/GLints/dict_16_192_64_0p5_0p02_0062_0015" 6906
"/Engine/EngineMaterials/Substrate/GLints/dict_16_192_64_0p5_0p02_0062_0014" 6907
"/Engine/EngineMaterials/Substrate/GLints/dict_16_192_64_0p5_0p02_0062_0013" 6908
"/Engine/EngineMaterials/Substrate/GLints/dict_16_192_64_0p5_0p02_0062_0012" 6909
"/Engine/EngineMaterials/Substrate/GLints/dict_16_192_64_0p5_0p02_0062_0011" 6910
"/Engine/EngineMaterials/Substrate/GLints/dict_16_192_64_0p5_0p02_0062_0010" 6911
"/Engine/EngineMaterials/Substrate/GLints/dict_16_192_64_0p5_0p02_0062_0009" 6912
"/Engine/EngineMaterials/Substrate/GLints/dict_16_192_64_0p5_0p02_0062_0008" 6913
"/Engine/EngineMaterials/Substrate/GLints/dict_16_192_64_0p5_0p02_0062_0007" 6914
"/Engine/EngineMaterials/Substrate/Glints2/dict_0000_0005" 6915
"../../../Engine/Content/EngineMaterials/Substrate/Glints2/dict_0000_0009.uasset" 6916
"../../../Engine/Content/EngineMaterials/Substrate/Glints2/dict_0000_0016.uasset" 6917
"../../../Engine/Content/EngineMaterials/Substrate/Glints2/dict_0000_0006.uasset" 6918
"../../../Engine/Content/EngineMaterials/Substrate/Glints2/dict_0000_0019.uasset" 6919
"../../../Engine/Content/EngineMaterials/Substrate/Glints2/dict_0000_0007.uasset" 6920
"../../../Engine/Content/EngineMaterials/Substrate/Glints2/dict_0000_0013.uasset" 6921
"../../../Engine/Content/EngineMaterials/Substrate/Glints2/dict_0000_0014.uasset" 6922
"../../../Engine/Content/EngineMaterials/Substrate/Glints2/dict_0000_0011.uasset" 6923
"../../../Engine/Content/EngineMaterials/Substrate/Glints2/dict_0000_0010.uasset" 6924
"../../../Engine/Content/EngineMaterials/Substrate/Glints2/dict_0000_0008.uasset" 6925
"../../../Engine/Content/EngineMaterials/Substrate/Glints2/dict_0000_0012.uasset" 6926
"../../../Engine/Content/EngineMaterials/Substrate/Glints2/dict_0000_0024.uasset" 6927
"../../../Engine/Content/EngineMaterials/Substrate/Glints2/dict_0000_0020.uasset" 6928
"../../../Engine/Content/EngineMaterials/Substrate/Glints2/dict_0000_0015.uasset" 6929
"../../../Engine/Content/EngineMaterials/Substrate/Glints2/dict_0000_0026.uasset" 6930
"/Engine/EngineMaterials/Substrate/Glints2/dict_0000_0004" 6931
"../../../Engine/Content/EngineMaterials/Substrate/Glints2/dict_0000_0029.uasset" 6932
"../../../Engine/Content/EngineMaterials/Substrate/Glints2/dict_0000_0022.uasset" 6933
"../../../Engine/Content/EngineMaterials/Substrate/Glints2/dict_0000_0025.uasset" 6934
"../../../Engine/Content/EngineMaterials/Substrate/Glints2/dict_0000_0018.uasset" 6935
"../../../Engine/Content/EngineMaterials/Substrate/Glints2/dict_0000_0017.uasset" 6936
"../../../Engine/Content/EngineMaterials/Substrate/Glints2/dict_0000_0027.uasset" 6937
"../../../Engine/Content/EngineMaterials/Substrate/Glints2/dict_0000_0028.uasset" 6938
"../../../Engine/Content/EngineMaterials/Substrate/Glints2/dict_0000_0021.uasset" 6939
"../../../Engine/Content/EngineMaterials/Substrate/Glints2/dict_0000_0023.uasset" 6940
"/Engine/EngineMaterials/Substrate/Glints2/dict_0000_0003" 6941
"/Engine/EngineMaterials/Substrate/Glints2/dict_0000_0002" 6942
"/Engine/EngineMaterials/Substrate/Glints2/dict_0000_0001" 6943
"/Engine/EngineMaterials/Substrate/Glints2/dict_0000_0000" 6944
"/Engine/EngineMaterials/Substrate/GLints/AGlintTex2dArray" 6945
"/Engine/EngineMaterials/Substrate/Glints2/dict_0000_0029" 6946
"../../../Engine/Content/EngineMaterials/Substrate/Glints2/dict_0000_0033.uasset" 6947
"../../../Engine/Content/EngineMaterials/Substrate/Glints2/dict_0000_0034.uasset" 6948
"../../../Engine/Content/EngineMaterials/Substrate/Glints2/dict_0000_0031.uasset" 6949
"../../../Engine/Content/EngineMaterials/Substrate/Glints2/dict_0000_0035.uasset" 6950
"/Engine/EngineMaterials/Substrate/Glints2/dict_0000_0028" 6951
"../../../Engine/Content/EngineMaterials/Substrate/Glints2/dict_0000_0036.uasset" 6952
"../../../Engine/Content/EngineMaterials/Substrate/Glints2/dict_0000_0032.uasset" 6953
"../../../Engine/Content/EngineMaterials/Substrate/Glints2/dict_0000_0037.uasset" 6954
"../../../Engine/Content/EngineMaterials/Substrate/Glints2/dict_0000_0030.uasset" 6955
"/Engine/EngineMaterials/Substrate/Glints2/dict_0000_0027" 6956
"/Engine/EngineMaterials/Substrate/Glints2/dict_0000_0026" 6957
"/Engine/EngineMaterials/Substrate/Glints2/dict_0000_0025" 6958
"/Engine/EngineMaterials/Substrate/Glints2/dict_0000_0024" 6959
"/Engine/EngineMaterials/Substrate/Glints2/dict_0000_0023" 6960
"/Engine/EngineMaterials/Substrate/Glints2/dict_0000_0022" 6961
"/Engine/EngineMaterials/Substrate/Glints2/dict_0000_0021" 6962
"/Engine/EngineMaterials/Substrate/Glints2/dict_0000_0020" 6963
"/Engine/EngineMaterials/Substrate/Glints2/dict_0000_0019" 6964
"/Engine/EngineMaterials/Substrate/Glints2/dict_0000_0018" 6965
"/Engine/EngineMaterials/Substrate/Glints2/dict_0000_0017" 6966
"/Engine/EngineMaterials/Substrate/Glints2/dict_0000_0016" 6967
"/Engine/EngineMaterials/Substrate/Glints2/dict_0000_0015" 6968
"/Engine/EngineMaterials/Substrate/Glints2/dict_0000_0014" 6969
"/Engine/EngineMaterials/Substrate/Glints2/dict_0000_0013" 6970
"/Engine/EngineMaterials/Substrate/Glints2/dict_0000_0012" 6971
"/Engine/EngineMaterials/Substrate/Glints2/dict_0000_0011" 6972
"/Engine/EngineMaterials/Substrate/Glints2/dict_0000_0010" 6973
"/Engine/EngineMaterials/Substrate/Glints2/dict_0000_0009" 6974
"/Engine/EngineMaterials/Substrate/Glints2/dict_0000_0008" 6975
"/Engine/EngineMaterials/Substrate/Glints2/dict_0000_0007" 6976
"/Engine/EngineMaterials/Substrate/Glints2/dict_0000_0006" 6977
"/Engine/EngineMaterials/Substrate/Glints2/dict_0000_0037" 6978
"../../../Engine/Content/EngineMaterials/Substrate/Glints2/dict_0000_0041.uasset" 6979
"../../../Engine/Content/EngineMaterials/Substrate/Glints2/dict_0000_0039.uasset" 6980
"../../../Engine/Content/EngineMaterials/Substrate/Glints2/dict_0000_0038.uasset" 6981
"/Engine/EngineMaterials/Substrate/Glints2/dict_0000_0036" 6982
"../../../Engine/Content/EngineMaterials/Substrate/Glints2/dict_0000_0047.uasset" 6983
"../../../Engine/Content/EngineMaterials/Substrate/Glints2/dict_0000_0040.uasset" 6984
"../../../Engine/Content/EngineMaterials/Substrate/Glints2/dict_0000_0043.uasset" 6985
"../../../Engine/Content/EngineMaterials/Substrate/Glints2/dict_0000_0050.uasset" 6986
"/Engine/EngineMaterials/Substrate/Glints2/dict_0000_0035" 6987
"../../../Engine/Content/EngineMaterials/Substrate/Glints2/dict_0000_0044.uasset" 6988
"../../../Engine/Content/EngineMaterials/Substrate/Glints2/dict_0000_0054.uasset" 6989
"../../../Engine/Content/EngineMaterials/Substrate/Glints2/dict_0000_0045.uasset" 6990
"/Engine/EngineMaterials/Substrate/Glints2/dict_0000_0034" 6991
"../../../Engine/Content/EngineMaterials/Substrate/Glints2/dict_0000_0042.uasset" 6992
"../../../Engine/Content/EngineMaterials/Substrate/Glints2/dict_0000_0055.uasset" 6993
"../../../Engine/Content/EngineMaterials/Substrate/Glints2/dict_0000_0057.uasset" 6994
"../../../Engine/Content/EngineMaterials/Substrate/Glints2/dict_0000_0048.uasset" 6995
"../../../Engine/Content/EngineMaterials/Substrate/Glints2/dict_0000_0049.uasset" 6996
"../../../Engine/Content/EngineMaterials/Substrate/Glints2/dict_0000_0058.uasset" 6997
"../../../Engine/Content/EngineMaterials/Substrate/Glints2/dict_0000_0060.uasset" 6998
"../../../Engine/Content/EngineMaterials/Substrate/Glints2/dict_0000_0053.uasset" 6999
"../../../Engine/Content/EngineMaterials/Substrate/Glints2/dict_0000_0056.uasset" 7000
"../../../Engine/Content/EngineMaterials/Substrate/Glints2/dict_0000_0046.uasset" 7001
"../../../Engine/Content/EngineMaterials/Substrate/Glints2/dict_0000_0052.uasset" 7002
"../../../Engine/Content/EngineMaterials/Substrate/Glints2/dict_0000_0059.uasset" 7003
"../../../Engine/Content/EngineMaterials/Substrate/Glints2/dict_0000_0051.uasset" 7004
"../../../Engine/Content/EngineMaterials/Substrate/Glints2/dict_0000_0061.uasset" 7005
"/Engine/EngineMaterials/Substrate/Glints2/dict_0000_0033" 7006
"/Engine/EngineMaterials/Substrate/Glints2/dict_0000_0032" 7007
"/Engine/EngineMaterials/Substrate/Glints2/dict_0000_0031" 7008
"/Engine/EngineMaterials/Substrate/Glints2/dict_0000_0030" 7009
"/Engine/EngineMaterials/Substrate/Glints2/dict_0000_0061" 7010
"../../../Engine/Content/EngineMaterials/Substrate/Glints2/dict_0000_0066.uasset" 7011
"../../../Engine/Content/EngineMaterials/Substrate/Glints2/dict_0000_0063.uasset" 7012
"/Engine/EngineMaterials/Substrate/Glints2/dict_0000_0060" 7013
"../../../Engine/Content/EngineMaterials/Substrate/Glints2/dict_0000_0068.uasset" 7014
"../../../Engine/Content/EngineMaterials/Substrate/Glints2/dict_0000_0064.uasset" 7015
"../../../Engine/Content/EngineMaterials/Substrate/Glints2/dict_0000_0065.uasset" 7016
"../../../Engine/Content/EngineMaterials/Substrate/Glints2/dict_0000_0062.uasset" 7017
"../../../Engine/Content/EngineMaterials/Substrate/Glints2/dict_0000_0069.uasset" 7018
"/Engine/EngineMaterials/Substrate/Glints2/dict_0000_0059" 7019
"../../../Engine/Content/EngineMaterials/Substrate/Glints2/dict_0000_0067.uasset" 7020
"/Engine/EngineMaterials/Substrate/Glints2/dict_0000_0058" 7021
"/Engine/EngineMaterials/Substrate/Glints2/dict_0000_0057" 7022
"/Engine/EngineMaterials/Substrate/Glints2/dict_0000_0056" 7023
"/Engine/EngineMaterials/Substrate/Glints2/dict_0000_0055" 7024
"/Engine/EngineMaterials/Substrate/Glints2/dict_0000_0054" 7025
"/Engine/EngineMaterials/Substrate/Glints2/dict_0000_0053" 7026
"/Engine/EngineMaterials/Substrate/Glints2/dict_0000_0052" 7027
"/Engine/EngineMaterials/Substrate/Glints2/dict_0000_0051" 7028
"/Engine/EngineMaterials/Substrate/Glints2/dict_0000_0050" 7029
"/Engine/EngineMaterials/Substrate/Glints2/dict_0000_0049" 7030
"/Engine/EngineMaterials/Substrate/Glints2/dict_0000_0048" 7031
"/Engine/EngineMaterials/Substrate/Glints2/dict_0000_0047" 7032
"/Engine/EngineMaterials/Substrate/Glints2/dict_0000_0046" 7033
"/Engine/EngineMaterials/Substrate/Glints2/dict_0000_0045" 7034
"/Engine/EngineMaterials/Substrate/Glints2/dict_0000_0044" 7035
"/Engine/EngineMaterials/Substrate/Glints2/dict_0000_0043" 7036
"/Engine/EngineMaterials/Substrate/Glints2/dict_0000_0042" 7037
"/Engine/EngineMaterials/Substrate/Glints2/dict_0000_0041" 7038
"/Engine/EngineMaterials/Substrate/Glints2/dict_0000_0040" 7039
"/Engine/EngineMaterials/Substrate/Glints2/dict_0000_0039" 7040
"/Engine/EngineMaterials/Substrate/Glints2/dict_0000_0038" 7041
"/Engine/EngineMaterials/Substrate/Glints2/dict_0000_0069" 7042
"../../../Engine/Content/EngineMaterials/Substrate/Glints2/dict_0000_0070.uasset" 7043
"../../../Engine/Content/EngineMaterials/Substrate/Glints2/dict_0000_0073.uasset" 7044
"../../../Engine/Content/EngineMaterials/Substrate/Glints2/dict_0000_0071.uasset" 7045
"../../../Engine/Content/EngineMaterials/Substrate/Glints2/dict_0000_0076.uasset" 7046
"/Engine/EngineMaterials/Substrate/Glints2/dict_0000_0068" 7047
"../../../Engine/Content/EngineMaterials/Substrate/Glints2/dict_0000_0074.uasset" 7048
"../../../Engine/Content/EngineMaterials/Substrate/Glints2/dict_0000_0075.uasset" 7049
"../../../Engine/Content/EngineMaterials/Substrate/Glints2/dict_0000_0086.uasset" 7050
"../../../Engine/Content/EngineMaterials/Substrate/Glints2/dict_0000_0072.uasset" 7051
"/Engine/EngineMaterials/Substrate/Glints2/dict_0000_0067" 7052
"../../../Engine/Content/EngineMaterials/Substrate/Glints2/dict_0000_0080.uasset" 7053
"../../../Engine/Content/EngineMaterials/Substrate/Glints2/dict_0000_0085.uasset" 7054
"../../../Engine/Content/EngineMaterials/Substrate/Glints2/dict_0000_0081.uasset" 7055
"../../../Engine/Content/EngineMaterials/Substrate/Glints2/dict_0000_0083.uasset" 7056
"../../../Engine/Content/EngineMaterials/Substrate/Glints2/dict_0000_0079.uasset" 7057
"/Engine/EngineMaterials/Substrate/Glints2/dict_0000_0066" 7058
"../../../Engine/Content/EngineMaterials/Substrate/Glints2/dict_0000_0084.uasset" 7059
"../../../Engine/Content/EngineMaterials/Substrate/Glints2/dict_0000_0090.uasset" 7060
"../../../Engine/Content/EngineMaterials/Substrate/Glints2/dict_0000_0089.uasset" 7061
"../../../Engine/Content/EngineMaterials/Substrate/Glints2/dict_0000_0087.uasset" 7062
"../../../Engine/Content/EngineMaterials/Substrate/Glints2/dict_0000_0082.uasset" 7063
"../../../Engine/Content/EngineMaterials/Substrate/Glints2/dict_0000_0088.uasset" 7064
"../../../Engine/Content/EngineMaterials/Substrate/Glints2/dict_0000_0091.uasset" 7065
"../../../Engine/Content/EngineMaterials/Substrate/Glints2/dict_0000_0077.uasset" 7066
"../../../Engine/Content/EngineMaterials/Substrate/Glints2/dict_0000_0078.uasset" 7067
"../../../Engine/Content/EngineMaterials/Substrate/Glints2/dict_0000_0092.uasset" 7068
"../../../Engine/Content/EngineMaterials/Substrate/Glints2/dict_0000_0093.uasset" 7069
"/Engine/EngineMaterials/Substrate/Glints2/dict_0000_0065" 7070
"/Engine/EngineMaterials/Substrate/Glints2/dict_0000_0064" 7071
"/Engine/EngineMaterials/Substrate/Glints2/dict_0000_0063" 7072
"/Engine/EngineMaterials/Substrate/Glints2/dict_0000_0062" 7073
"/Engine/EngineMaterials/Substrate/Glints2/dict_0000_0093" 7074
"../../../Engine/Content/EngineMaterials/Substrate/Glints2/dict_0000_0094.uasset" 7075
"/Engine/EngineMaterials/Substrate/Glints2/dict_0000_0092" 7076
"../../../Engine/Content/EngineMaterials/Substrate/Glints2/dict_0000_0099.uasset" 7077
"../../../Engine/Content/EngineMaterials/Substrate/Glints2/dict_0000_0097.uasset" 7078
"../../../Engine/Content/EngineMaterials/Substrate/Glints2/dict_0000_0101.uasset" 7079
"../../../Engine/Content/EngineMaterials/Substrate/Glints2/dict_0000_0100.uasset" 7080
"../../../Engine/Content/EngineMaterials/Substrate/Glints2/dict_0000_0098.uasset" 7081
"/Engine/EngineMaterials/Substrate/Glints2/dict_0000_0091" 7082
"../../../Engine/Content/EngineMaterials/Substrate/Glints2/dict_0000_0096.uasset" 7083
"../../../Engine/Content/EngineMaterials/Substrate/Glints2/dict_0000_0095.uasset" 7084
"/Engine/EngineMaterials/Substrate/Glints2/dict_0000_0090" 7085
"/Engine/EngineMaterials/Substrate/Glints2/dict_0000_0089" 7086
"/Engine/EngineMaterials/Substrate/Glints2/dict_0000_0088" 7087
"/Engine/EngineMaterials/Substrate/Glints2/dict_0000_0087" 7088
"/Engine/EngineMaterials/Substrate/Glints2/dict_0000_0086" 7089
"/Engine/EngineMaterials/Substrate/Glints2/dict_0000_0085" 7090
"/Engine/EngineMaterials/Substrate/Glints2/dict_0000_0084" 7091
"/Engine/EngineMaterials/Substrate/Glints2/dict_0000_0083" 7092
"/Engine/EngineMaterials/Substrate/Glints2/dict_0000_0082" 7093
"/Engine/EngineMaterials/Substrate/Glints2/dict_0000_0081" 7094
"/Engine/EngineMaterials/Substrate/Glints2/dict_0000_0080" 7095
"/Engine/EngineMaterials/Substrate/Glints2/dict_0000_0079" 7096
"/Engine/EngineMaterials/Substrate/Glints2/dict_0000_0078" 7097
"/Engine/EngineMaterials/Substrate/Glints2/dict_0000_0077" 7098
"/Engine/EngineMaterials/Substrate/Glints2/dict_0000_0076" 7099
"/Engine/EngineMaterials/Substrate/Glints2/dict_0000_0075" 7100
"/Engine/EngineMaterials/Substrate/Glints2/dict_0000_0074" 7101
"/Engine/EngineMaterials/Substrate/Glints2/dict_0000_0073" 7102
"/Engine/EngineMaterials/Substrate/Glints2/dict_0000_0072" 7103
"/Engine/EngineMaterials/Substrate/Glints2/dict_0000_0071" 7104
"/Engine/EngineMaterials/Substrate/Glints2/dict_0000_0070" 7105
"/Engine/EngineMaterials/Substrate/Glints2/dict_0000_0101" 7106
"../../../Engine/Content/EngineMaterials/Substrate/Glints2/dict_0000_0102.uasset" 7107
"../../../Engine/Content/EngineMaterials/Substrate/Glints2/dict_0000_0104.uasset" 7108
"../../../Engine/Content/EngineMaterials/Substrate/Glints2/dict_0000_0107.uasset" 7109
"../../../Engine/Content/EngineMaterials/Substrate/Glints2/dict_0000_0108.uasset" 7110
"../../../Engine/Content/EngineMaterials/Substrate/Glints2/dict_0000_0111.uasset" 7111
"../../../Engine/Content/EngineMaterials/Substrate/Glints2/dict_0000_0103.uasset" 7112
"/Engine/EngineMaterials/Substrate/Glints2/dict_0000_0100" 7113
"../../../Engine/Content/EngineMaterials/Substrate/Glints2/dict_0000_0106.uasset" 7114
"../../../Engine/Content/EngineMaterials/Substrate/Glints2/dict_0000_0112.uasset" 7115
"../../../Engine/Content/EngineMaterials/Substrate/Glints2/dict_0000_0105.uasset" 7116
"../../../Engine/Content/EngineMaterials/Substrate/Glints2/dict_0000_0122.uasset" 7117
"../../../Engine/Content/EngineMaterials/Substrate/Glints2/dict_0000_0114.uasset" 7118
"/Engine/EngineMaterials/Substrate/Glints2/dict_0000_0099" 7119
"../../../Engine/Content/EngineMaterials/Substrate/Glints2/dict_0000_0109.uasset" 7120
"../../../Engine/Content/EngineMaterials/Substrate/Glints2/dict_0000_0110.uasset" 7121
"../../../Engine/Content/EngineMaterials/Substrate/Glints2/dict_0000_0118.uasset" 7122
"../../../Engine/Content/EngineMaterials/Substrate/Glints2/dict_0000_0113.uasset" 7123
"../../../Engine/Content/EngineMaterials/Substrate/Glints2/dict_0000_0119.uasset" 7124
"../../../Engine/Content/EngineMaterials/Substrate/Glints2/dict_0000_0124.uasset" 7125
"../../../Engine/Content/EngineMaterials/Substrate/Glints2/dict_0000_0120.uasset" 7126
"../../../Engine/Content/EngineMaterials/Substrate/Glints2/dict_0000_0115.uasset" 7127
"../../../Engine/Content/EngineMaterials/Substrate/Glints2/dict_0000_0121.uasset" 7128
"../../../Engine/Content/EngineMaterials/Substrate/Glints2/dict_0000_0123.uasset" 7129
"../../../Engine/Content/EngineMaterials/Substrate/Glints2/dict_0000_0117.uasset" 7130
"../../../Engine/Content/EngineMaterials/Substrate/Glints2/dict_0000_0125.uasset" 7131
"/Engine/EngineMaterials/Substrate/Glints2/dict_0000_0098" 7132
"../../../Engine/Content/EngineMaterials/Substrate/Glints2/dict_0000_0116.uasset" 7133
"/Engine/EngineMaterials/Substrate/Glints2/dict_0000_0097" 7134
"/Engine/EngineMaterials/Substrate/Glints2/dict_0000_0096" 7135
"/Engine/EngineMaterials/Substrate/Glints2/dict_0000_0095" 7136
"/Engine/EngineMaterials/Substrate/Glints2/dict_0000_0094" 7137
"/Engine/EngineMaterials/Substrate/Glints2/dict_0000_0125" 7138
"../../../Engine/Content/EngineMaterials/Substrate/Glints2/dict_0000_0126.uasset" 7139
"../../../Engine/Content/EngineMaterials/Substrate/Glints2/dict_0000_0127.uasset" 7140
"../../../Engine/Content/EngineMaterials/Substrate/Glints2/dict_0000_0130.uasset" 7141
"../../../Engine/Content/EngineMaterials/Substrate/Glints2/dict_0000_0128.uasset" 7142
"../../../Engine/Content/EngineMaterials/Substrate/Glints2/dict_0000_0133.uasset" 7143
"/Engine/EngineMaterials/Substrate/Glints2/dict_0000_0124" 7144
"../../../Engine/Content/EngineMaterials/Substrate/Glints2/dict_0000_0129.uasset" 7145
"../../../Engine/Content/EngineMaterials/Substrate/Glints2/dict_0000_0131.uasset" 7146
"../../../Engine/Content/EngineMaterials/Substrate/Glints2/dict_0000_0132.uasset" 7147
"/Engine/EngineMaterials/Substrate/Glints2/dict_0000_0123" 7148
"/Engine/EngineMaterials/Substrate/Glints2/dict_0000_0122" 7149
"/Engine/EngineMaterials/Substrate/Glints2/dict_0000_0121" 7150
"/Engine/EngineMaterials/Substrate/Glints2/dict_0000_0120" 7151
"/Engine/EngineMaterials/Substrate/Glints2/dict_0000_0119" 7152
"/Engine/EngineMaterials/Substrate/Glints2/dict_0000_0118" 7153
"/Engine/EngineMaterials/Substrate/Glints2/dict_0000_0117" 7154
"/Engine/EngineMaterials/Substrate/Glints2/dict_0000_0116" 7155
"/Engine/EngineMaterials/Substrate/Glints2/dict_0000_0115" 7156
"/Engine/EngineMaterials/Substrate/Glints2/dict_0000_0114" 7157
"/Engine/EngineMaterials/Substrate/Glints2/dict_0000_0113" 7158
"/Engine/EngineMaterials/Substrate/Glints2/dict_0000_0112" 7159
"/Engine/EngineMaterials/Substrate/Glints2/dict_0000_0111" 7160
"/Engine/EngineMaterials/Substrate/Glints2/dict_0000_0110" 7161
"/Engine/EngineMaterials/Substrate/Glints2/dict_0000_0109" 7162
"/Engine/EngineMaterials/Substrate/Glints2/dict_0000_0108" 7163
"/Engine/EngineMaterials/Substrate/Glints2/dict_0000_0107" 7164
"/Engine/EngineMaterials/Substrate/Glints2/dict_0000_0106" 7165
"/Engine/EngineMaterials/Substrate/Glints2/dict_0000_0105" 7166
"/Engine/EngineMaterials/Substrate/Glints2/dict_0000_0104" 7167
"/Engine/EngineMaterials/Substrate/Glints2/dict_0000_0103" 7168
"/Engine/EngineMaterials/Substrate/Glints2/dict_0000_0102" 7169
"/Engine/EngineMaterials/Substrate/Glints2/dict_0000_0133" 7170
"../../../Engine/Content/EngineMaterials/Substrate/Glints2/dict_0000_0135.uasset" 7171
"../../../Engine/Content/EngineMaterials/Substrate/Glints2/dict_0000_0141.uasset" 7172
"../../../Engine/Content/EngineMaterials/Substrate/Glints2/dict_0000_0137.uasset" 7173
"../../../Engine/Content/EngineMaterials/Substrate/Glints2/dict_0000_0140.uasset" 7174
"../../../Engine/Content/EngineMaterials/Substrate/Glints2/dict_0000_0134.uasset" 7175
"../../../Engine/Content/EngineMaterials/Substrate/Glints2/dict_0000_0136.uasset" 7176
"/Engine/EngineMaterials/Substrate/Glints2/dict_0000_0132" 7177
"../../../Engine/Content/EngineMaterials/Substrate/Glints2/dict_0000_0145.uasset" 7178
"../../../Engine/Content/EngineMaterials/Substrate/Glints2/dict_0000_0138.uasset" 7179
"../../../Engine/Content/EngineMaterials/Substrate/Glints2/dict_0000_0149.uasset" 7180
"../../../Engine/Content/EngineMaterials/Substrate/Glints2/dict_0000_0147.uasset" 7181
"/Engine/EngineMaterials/Substrate/Glints2/dict_0000_0131" 7182
"../../../Engine/Content/EngineMaterials/Substrate/Glints2/dict_0000_0139.uasset" 7183
"../../../Engine/Content/EngineMaterials/Substrate/Glints2/dict_0000_0150.uasset" 7184
"../../../Engine/Content/EngineMaterials/Substrate/Glints2/dict_0000_0151.uasset" 7185
"../../../Engine/Content/EngineMaterials/Substrate/Glints2/dict_0000_0142.uasset" 7186
"../../../Engine/Content/EngineMaterials/Substrate/Glints2/dict_0000_0153.uasset" 7187
"../../../Engine/Content/EngineMaterials/Substrate/Glints2/dict_0000_0154.uasset" 7188
"../../../Engine/Content/EngineMaterials/Substrate/Glints2/dict_0000_0157.uasset" 7189
"../../../Engine/Content/EngineMaterials/Substrate/Glints2/dict_0000_0156.uasset" 7190
"/Engine/EngineMaterials/Substrate/Glints2/dict_0000_0130" 7191
"../../../Engine/Content/EngineMaterials/Substrate/Glints2/dict_0000_0143.uasset" 7192
"../../../Engine/Content/EngineMaterials/Substrate/Glints2/dict_0000_0152.uasset" 7193
"../../../Engine/Content/EngineMaterials/Substrate/Glints2/dict_0000_0148.uasset" 7194
"../../../Engine/Content/EngineMaterials/Substrate/Glints2/dict_0000_0144.uasset" 7195
"../../../Engine/Content/EngineMaterials/Substrate/Glints2/dict_0000_0146.uasset" 7196
"../../../Engine/Content/EngineMaterials/Substrate/Glints2/dict_0000_0155.uasset" 7197
"/Engine/EngineMaterials/Substrate/Glints2/dict_0000_0129" 7198
"/Engine/EngineMaterials/Substrate/Glints2/dict_0000_0128" 7199
"/Engine/EngineMaterials/Substrate/Glints2/dict_0000_0127" 7200
"/Engine/EngineMaterials/Substrate/Glints2/dict_0000_0126" 7201
"/Engine/EngineMaterials/Substrate/Glints2/dict_0000_0157" 7202
"../../../Engine/Content/EngineMaterials/Substrate/Glints2/dict_0000_0162.uasset" 7203
"/Engine/EngineMaterials/Substrate/Glints2/dict_0000_0156" 7204
"../../../Engine/Content/EngineMaterials/Substrate/Glints2/dict_0000_0164.uasset" 7205
"../../../Engine/Content/EngineMaterials/Substrate/Glints2/dict_0000_0165.uasset" 7206
"../../../Engine/Content/EngineMaterials/Substrate/Glints2/dict_0000_0161.uasset" 7207
"../../../Engine/Content/EngineMaterials/Substrate/Glints2/dict_0000_0159.uasset" 7208
"../../../Engine/Content/EngineMaterials/Substrate/Glints2/dict_0000_0160.uasset" 7209
"../../../Engine/Content/EngineMaterials/Substrate/Glints2/dict_0000_0163.uasset" 7210
"/Engine/EngineMaterials/Substrate/Glints2/dict_0000_0155" 7211
"../../../Engine/Content/EngineMaterials/Substrate/Glints2/dict_0000_0158.uasset" 7212
"/Engine/EngineMaterials/Substrate/Glints2/dict_0000_0154" 7213
"/Engine/EngineMaterials/Substrate/Glints2/dict_0000_0153" 7214
"/Engine/EngineMaterials/Substrate/Glints2/dict_0000_0152" 7215
"/Engine/EngineMaterials/Substrate/Glints2/dict_0000_0151" 7216
"/Engine/EngineMaterials/Substrate/Glints2/dict_0000_0150" 7217
"/Engine/EngineMaterials/Substrate/Glints2/dict_0000_0149" 7218
"/Engine/EngineMaterials/Substrate/Glints2/dict_0000_0148" 7219
"/Engine/EngineMaterials/Substrate/Glints2/dict_0000_0147" 7220
"/Engine/EngineMaterials/Substrate/Glints2/dict_0000_0146" 7221
"/Engine/EngineMaterials/Substrate/Glints2/dict_0000_0145" 7222
"/Engine/EngineMaterials/Substrate/Glints2/dict_0000_0144" 7223
"/Engine/EngineMaterials/Substrate/Glints2/dict_0000_0143" 7224
"/Engine/EngineMaterials/Substrate/Glints2/dict_0000_0142" 7225
"/Engine/EngineMaterials/Substrate/Glints2/dict_0000_0141" 7226
"/Engine/EngineMaterials/Substrate/Glints2/dict_0000_0140" 7227
"/Engine/EngineMaterials/Substrate/Glints2/dict_0000_0139" 7228
"/Engine/EngineMaterials/Substrate/Glints2/dict_0000_0138" 7229
"/Engine/EngineMaterials/Substrate/Glints2/dict_0000_0137" 7230
"/Engine/EngineMaterials/Substrate/Glints2/dict_0000_0136" 7231
"/Engine/EngineMaterials/Substrate/Glints2/dict_0000_0135" 7232
"/Engine/EngineMaterials/Substrate/Glints2/dict_0000_0134" 7233
"/Engine/EngineMaterials/Substrate/Glints2/dict_0000_0165" 7234
"../../../Engine/Content/EngineMaterials/Substrate/Glints2/dict_0000_0167.uasset" 7235
"../../../Engine/Content/EngineMaterials/Substrate/Glints2/dict_0000_0168.uasset" 7236
"../../../Engine/Content/EngineMaterials/Substrate/Glints2/dict_0000_0166.uasset" 7237
"../../../Engine/Content/EngineMaterials/Substrate/Glints2/dict_0000_0179.uasset" 7238
"../../../Engine/Content/EngineMaterials/Substrate/Glints2/dict_0000_0171.uasset" 7239
"/Engine/EngineMaterials/Substrate/Glints2/dict_0000_0164" 7240
"../../../Engine/Content/EngineMaterials/Substrate/Glints2/dict_0000_0175.uasset" 7241
"../../../Engine/Content/EngineMaterials/Substrate/Glints2/dict_0000_0169.uasset" 7242
"../../../Engine/Content/EngineMaterials/Substrate/Glints2/dict_0000_0170.uasset" 7243
"../../../Engine/Content/EngineMaterials/Substrate/Glints2/dict_0000_0173.uasset" 7244
"../../../Engine/Content/EngineMaterials/Substrate/Glints2/dict_0000_0182.uasset" 7245
"../../../Engine/Content/EngineMaterials/Substrate/Glints2/dict_0000_0180.uasset" 7246
"/Engine/EngineMaterials/Substrate/Glints2/dict_0000_0163" 7247
"../../../Engine/Content/EngineMaterials/Substrate/Glints2/dict_0000_0176.uasset" 7248
"../../../Engine/Content/EngineMaterials/Substrate/Glints2/dict_0000_0174.uasset" 7249
"../../../Engine/Content/EngineMaterials/Substrate/Glints2/dict_0000_0172.uasset" 7250
"../../../Engine/Content/EngineMaterials/Substrate/Glints2/dict_0000_0178.uasset" 7251
"../../../Engine/Content/EngineMaterials/Substrate/Glints2/dict_0000_0183.uasset" 7252
"../../../Engine/Content/EngineMaterials/Substrate/Glints2/dict_0000_0184.uasset" 7253
"../../../Engine/Content/EngineMaterials/Substrate/Glints2/dict_0000_0188.uasset" 7254
"../../../Engine/Content/EngineMaterials/Substrate/Glints2/dict_0000_0186.uasset" 7255
"../../../Engine/Content/EngineMaterials/Substrate/Glints2/dict_0000_0189.uasset" 7256
"../../../Engine/Content/EngineMaterials/Substrate/Glints2/dict_0000_0177.uasset" 7257
"../../../Engine/Content/EngineMaterials/Substrate/Glints2/dict_0000_0187.uasset" 7258
"../../../Engine/Content/EngineMaterials/Substrate/Glints2/dict_0000_0181.uasset" 7259
"../../../Engine/Content/EngineMaterials/Substrate/Glints2/dict_0000_0185.uasset" 7260
"/Engine/EngineMaterials/Substrate/Glints2/dict_0000_0162" 7261
"/Engine/EngineMaterials/Substrate/Glints2/dict_0000_0161" 7262
"/Engine/EngineMaterials/Substrate/Glints2/dict_0000_0160" 7263
"/Engine/EngineMaterials/Substrate/Glints2/dict_0000_0159" 7264
"/Engine/EngineMaterials/Substrate/Glints2/dict_0000_0158" 7265
"/Engine/EngineMaterials/Substrate/Glints2/dict_0000_0189" 7266
"/Engine/EngineMaterials/Substrate/Glints2/dict_0000_0188" 7267
"../../../Engine/Content/EngineMaterials/Substrate/Glints2/dict_0000_0193.uasset" 7268
"../../../Engine/Content/EngineMaterials/Substrate/Glints2/dict_0000_0194.uasset" 7269
"../../../Engine/Content/EngineMaterials/Substrate/Glints2/dict_0000_0191.uasset" 7270
"../../../Engine/Content/EngineMaterials/Substrate/Glints2/dict_0000_0196.uasset" 7271
"../../../Engine/Content/EngineMaterials/Substrate/Glints2/dict_0000_0192.uasset" 7272
"../../../Engine/Content/EngineMaterials/Substrate/Glints2/dict_0000_0197.uasset" 7273
"/Engine/EngineMaterials/Substrate/Glints2/dict_0000_0187" 7274
"../../../Engine/Content/EngineMaterials/Substrate/Glints2/dict_0000_0195.uasset" 7275
"../../../Engine/Content/EngineMaterials/Substrate/Glints2/dict_0000_0190.uasset" 7276
"/Engine/EngineMaterials/Substrate/Glints2/dict_0000_0186" 7277
"/Engine/EngineMaterials/Substrate/Glints2/dict_0000_0185" 7278
"/Engine/EngineMaterials/Substrate/Glints2/dict_0000_0184" 7279
"/Engine/EngineMaterials/Substrate/Glints2/dict_0000_0183" 7280
"/Engine/EngineMaterials/Substrate/Glints2/dict_0000_0182" 7281
"/Engine/EngineMaterials/Substrate/Glints2/dict_0000_0181" 7282
"/Engine/EngineMaterials/Substrate/Glints2/dict_0000_0180" 7283
"/Engine/EngineMaterials/Substrate/Glints2/dict_0000_0179" 7284
"/Engine/EngineMaterials/Substrate/Glints2/dict_0000_0178" 7285
"/Engine/EngineMaterials/Substrate/Glints2/dict_0000_0177" 7286
"/Engine/EngineMaterials/Substrate/Glints2/dict_0000_0176" 7287
"/Engine/EngineMaterials/Substrate/Glints2/dict_0000_0175" 7288
"/Engine/EngineMaterials/Substrate/Glints2/dict_0000_0174" 7289
"/Engine/EngineMaterials/Substrate/Glints2/dict_0000_0173" 7290
"/Engine/EngineMaterials/Substrate/Glints2/dict_0000_0172" 7291
"/Engine/EngineMaterials/Substrate/Glints2/dict_0000_0171" 7292
"/Engine/EngineMaterials/Substrate/Glints2/dict_0000_0170" 7293
"/Engine/EngineMaterials/Substrate/Glints2/dict_0000_0169" 7294
"/Engine/EngineMaterials/Substrate/Glints2/dict_0000_0168" 7295
"/Engine/EngineMaterials/Substrate/Glints2/dict_0000_0167" 7296
"/Engine/EngineMaterials/Substrate/Glints2/dict_0000_0166" 7297
"/Engine/EngineMaterials/Substrate/Glints2/dict_0000_0197" 7298
"../../../Engine/Content/EngineMaterials/Substrate/Glints2/dict_0000_0200.uasset" 7299
"../../../Engine/Content/EngineMaterials/Substrate/Glints2/dict_0000_0201.uasset" 7300
"../../../Engine/Content/EngineMaterials/Substrate/Glints2/dict_0000_0206.uasset" 7301
"../../../Engine/Content/EngineMaterials/Substrate/Glints2/dict_0000_0202.uasset" 7302
"../../../Engine/Content/EngineMaterials/Substrate/Glints2/dict_0000_0198.uasset" 7303
"../../../Engine/Content/EngineMaterials/Substrate/Glints2/dict_0000_0207.uasset" 7304
"/Engine/EngineMaterials/Substrate/Glints2/dict_0000_0196" 7305
"../../../Engine/Content/EngineMaterials/Substrate/Glints2/dict_0000_0203.uasset" 7306
"../../../Engine/Content/EngineMaterials/Substrate/Glints2/dict_0000_0205.uasset" 7307
"../../../Engine/Content/EngineMaterials/Substrate/Glints2/dict_0000_0199.uasset" 7308
"../../../Engine/Content/EngineMaterials/Substrate/Glints2/dict_0000_0204.uasset" 7309
"../../../Engine/Content/EngineMaterials/Substrate/Glints2/dict_0000_0212.uasset" 7310
"/Engine/EngineMaterials/Substrate/Glints2/dict_0000_0195" 7311
"../../../Engine/Content/EngineMaterials/Substrate/Glints2/dict_0000_0209.uasset" 7312
"../../../Engine/Content/EngineMaterials/Substrate/Glints2/dict_0000_0210.uasset" 7313
"../../../Engine/Content/EngineMaterials/Substrate/Glints2/dict_0000_0215.uasset" 7314
"../../../Engine/Content/EngineMaterials/Substrate/Glints2/dict_0000_0213.uasset" 7315
"../../../Engine/Content/EngineMaterials/Substrate/Glints2/dict_0000_0208.uasset" 7316
"../../../Engine/Content/EngineMaterials/Substrate/Glints2/dict_0000_0211.uasset" 7317
"../../../Engine/Content/EngineMaterials/Substrate/Glints2/dict_0000_0216.uasset" 7318
"../../../Engine/Content/EngineMaterials/Substrate/Glints2/dict_0000_0217.uasset" 7319
"../../../Engine/Content/EngineMaterials/Substrate/Glints2/dict_0000_0218.uasset" 7320
"/Engine/EngineMaterials/Substrate/Glints2/dict_0000_0194" 7321
"../../../Engine/Content/EngineMaterials/Substrate/Glints2/dict_0000_0214.uasset" 7322
"../../../Engine/Content/EngineMaterials/Substrate/Glints2/dict_0000_0221.uasset" 7323
"../../../Engine/Content/EngineMaterials/Substrate/Glints2/dict_0000_0219.uasset" 7324
"../../../Engine/Content/EngineMaterials/Substrate/Glints2/dict_0000_0220.uasset" 7325
"/Engine/EngineMaterials/Substrate/Glints2/dict_0000_0193" 7326
"/Engine/EngineMaterials/Substrate/Glints2/dict_0000_0192" 7327
"/Engine/EngineMaterials/Substrate/Glints2/dict_0000_0191" 7328
"/Engine/EngineMaterials/Substrate/Glints2/dict_0000_0190" 7329
"/Engine/EngineMaterials/Substrate/Glints2/dict_0000_0221" 7330
"../../../Engine/Content/EngineMaterials/Substrate/Glints2/dict_0000_0222.uasset" 7331
"../../../Engine/Content/EngineMaterials/Substrate/Glints2/dict_0000_0227.uasset" 7332
"../../../Engine/Content/EngineMaterials/Substrate/Glints2/dict_0000_0228.uasset" 7333
"../../../Engine/Content/EngineMaterials/Substrate/Glints2/dict_0000_0225.uasset" 7334
"../../../Engine/Content/EngineMaterials/Substrate/Glints2/dict_0000_0229.uasset" 7335
"/Engine/EngineMaterials/Substrate/Glints2/dict_0000_0220" 7336
"../../../Engine/Content/EngineMaterials/Substrate/Glints2/dict_0000_0224.uasset" 7337
"../../../Engine/Content/EngineMaterials/Substrate/Glints2/dict_0000_0223.uasset" 7338
"../../../Engine/Content/EngineMaterials/Substrate/Glints2/dict_0000_0226.uasset" 7339
"/Engine/EngineMaterials/Substrate/Glints2/dict_0000_0219" 7340
"/Engine/EngineMaterials/Substrate/Glints2/dict_0000_0218" 7341
"/Engine/EngineMaterials/Substrate/Glints2/dict_0000_0217" 7342
"/Engine/EngineMaterials/Substrate/Glints2/dict_0000_0216" 7343
"/Engine/EngineMaterials/Substrate/Glints2/dict_0000_0215" 7344
"/Engine/EngineMaterials/Substrate/Glints2/dict_0000_0214" 7345
"/Engine/EngineMaterials/Substrate/Glints2/dict_0000_0213" 7346
"/Engine/EngineMaterials/Substrate/Glints2/dict_0000_0212" 7347
"/Engine/EngineMaterials/Substrate/Glints2/dict_0000_0211" 7348
"/Engine/EngineMaterials/Substrate/Glints2/dict_0000_0210" 7349
"/Engine/EngineMaterials/Substrate/Glints2/dict_0000_0209" 7350
"/Engine/EngineMaterials/Substrate/Glints2/dict_0000_0208" 7351
"/Engine/EngineMaterials/Substrate/Glints2/dict_0000_0207" 7352
"/Engine/EngineMaterials/Substrate/Glints2/dict_0000_0206" 7353
"/Engine/EngineMaterials/Substrate/Glints2/dict_0000_0205" 7354
"/Engine/EngineMaterials/Substrate/Glints2/dict_0000_0204" 7355
"/Engine/EngineMaterials/Substrate/Glints2/dict_0000_0203" 7356
"/Engine/EngineMaterials/Substrate/Glints2/dict_0000_0202" 7357
"/Engine/EngineMaterials/Substrate/Glints2/dict_0000_0201" 7358
"/Engine/EngineMaterials/Substrate/Glints2/dict_0000_0200" 7359
"/Engine/EngineMaterials/Substrate/Glints2/dict_0000_0199" 7360
"/Engine/EngineMaterials/Substrate/Glints2/dict_0000_0198" 7361
"/Engine/EngineMaterials/Substrate/Glints2/dict_0000_0229" 7362
"../../../Engine/Content/EngineMaterials/Substrate/Glints2/dict_0000_0230.uasset" 7363
"../../../Engine/Content/EngineMaterials/Substrate/Glints2/dict_0000_0231.uasset" 7364
"../../../Engine/Content/EngineMaterials/Substrate/Glints2/dict_0000_0234.uasset" 7365
"../../../Engine/Content/EngineMaterials/Substrate/Glints2/dict_0000_0232.uasset" 7366
"../../../Engine/Content/EngineMaterials/Substrate/Glints2/dict_0000_0235.uasset" 7367
"/Engine/EngineMaterials/Substrate/Glints2/dict_0000_0228" 7368
"../../../Engine/Content/EngineMaterials/Substrate/Glints2/dict_0000_0233.uasset" 7369
"../../../Engine/Content/EngineMaterials/Substrate/Glints2/dict_0000_0238.uasset" 7370
"../../../Engine/Content/EngineMaterials/Substrate/Glints2/dict_0000_0236.uasset" 7371
"../../../Engine/Content/EngineMaterials/Substrate/Glints2/dict_0000_0239.uasset" 7372
"../../../Engine/Content/EngineMaterials/Substrate/Glints2/dict_0000_0242.uasset" 7373
"../../../Engine/Content/EngineMaterials/Substrate/Glints2/dict_0000_0237.uasset" 7374
"../../../Engine/Content/EngineMaterials/Substrate/Glints2/dict_0000_0243.uasset" 7375
"../../../Engine/Content/EngineMaterials/Substrate/Glints2/dict_0000_0247.uasset" 7376
"../../../Engine/Content/EngineMaterials/Substrate/Glints2/dict_0000_0248.uasset" 7377
"/Engine/EngineMaterials/Substrate/Glints2/dict_0000_0227" 7378
"../../../Engine/Content/EngineMaterials/Substrate/Glints2/dict_0000_0246.uasset" 7379
"../../../Engine/Content/EngineMaterials/Substrate/Glints2/dict_0000_0244.uasset" 7380
"../../../Engine/Content/EngineMaterials/Substrate/Glints2/dict_0000_0240.uasset" 7381
"../../../Engine/Content/EngineMaterials/Substrate/Glints2/dict_0000_0241.uasset" 7382
"/Engine/EngineMaterials/Substrate/Glints2/dict_0000_0226" 7383
"../../../Engine/Content/EngineMaterials/Substrate/Glints2/dict_0000_0245.uasset" 7384
"../../../Engine/Content/EngineMaterials/Substrate/Glints2/dict_0000_0249.uasset" 7385
"../../../Engine/Content/EngineMaterials/Substrate/Glints2/dict_0000_0250.uasset" 7386
"../../../Engine/Content/EngineMaterials/Substrate/Glints2/dict_0000_0252.uasset" 7387
"../../../Engine/Content/EngineMaterials/Substrate/Glints2/dict_0000_0253.uasset" 7388
"../../../Engine/Content/EngineMaterials/Substrate/Glints2/dict_0000_0251.uasset" 7389
"/Engine/EngineMaterials/Substrate/Glints2/dict_0000_0225" 7390
"/Engine/EngineMaterials/Substrate/Glints2/dict_0000_0224" 7391
"/Engine/EngineMaterials/Substrate/Glints2/dict_0000_0223" 7392
"/Engine/EngineMaterials/Substrate/Glints2/dict_0000_0222" 7393
"/Engine/EngineMaterials/Substrate/Glints2/dict_0000_0253" 7394
"../../../Engine/Content/EngineMaterials/Substrate/Glints2/dict_0000_0255.uasset" 7395
"../../../Engine/Content/EngineMaterials/Substrate/Glints2/dict_0001_0000.uasset" 7396
"/Engine/EngineMaterials/Substrate/Glints2/dict_0000_0252" 7397
"../../../Engine/Content/EngineMaterials/Substrate/Glints2/dict_0001_0002.uasset" 7398
"../../../Engine/Content/EngineMaterials/Substrate/Glints2/dict_0001_0004.uasset" 7399
"../../../Engine/Content/EngineMaterials/Substrate/Glints2/dict_0001_0003.uasset" 7400
"../../../Engine/Content/EngineMaterials/Substrate/Glints2/dict_0001_0005.uasset" 7401
"../../../Engine/Content/EngineMaterials/Substrate/Glints2/dict_0000_0254.uasset" 7402
"../../../Engine/Content/EngineMaterials/Substrate/Glints2/dict_0001_0001.uasset" 7403
"/Engine/EngineMaterials/Substrate/Glints2/dict_0000_0251" 7404
"/Engine/EngineMaterials/Substrate/Glints2/dict_0000_0250" 7405
"/Engine/EngineMaterials/Substrate/Glints2/dict_0000_0249" 7406
"/Engine/EngineMaterials/Substrate/Glints2/dict_0000_0248" 7407
"/Engine/EngineMaterials/Substrate/Glints2/dict_0000_0247" 7408
"/Engine/EngineMaterials/Substrate/Glints2/dict_0000_0246" 7409
"/Engine/EngineMaterials/Substrate/Glints2/dict_0000_0245" 7410
"/Engine/EngineMaterials/Substrate/Glints2/dict_0000_0244" 7411
"/Engine/EngineMaterials/Substrate/Glints2/dict_0000_0243" 7412
"/Engine/EngineMaterials/Substrate/Glints2/dict_0000_0242" 7413
"/Engine/EngineMaterials/Substrate/Glints2/dict_0000_0241" 7414
"/Engine/EngineMaterials/Substrate/Glints2/dict_0000_0240" 7415
"/Engine/EngineMaterials/Substrate/Glints2/dict_0000_0239" 7416
"/Engine/EngineMaterials/Substrate/Glints2/dict_0000_0238" 7417
"/Engine/EngineMaterials/Substrate/Glints2/dict_0000_0237" 7418
"/Engine/EngineMaterials/Substrate/Glints2/dict_0000_0236" 7419
"/Engine/EngineMaterials/Substrate/Glints2/dict_0000_0235" 7420
"/Engine/EngineMaterials/Substrate/Glints2/dict_0000_0234" 7421
"/Engine/EngineMaterials/Substrate/Glints2/dict_0000_0233" 7422
"/Engine/EngineMaterials/Substrate/Glints2/dict_0000_0232" 7423
"/Engine/EngineMaterials/Substrate/Glints2/dict_0000_0231" 7424
"/Engine/EngineMaterials/Substrate/Glints2/dict_0000_0230" 7425
"/Engine/EngineMaterials/Substrate/Glints2/dict_0001_0005" 7426
"../../../Engine/Content/EngineMaterials/Substrate/Glints2/dict_0001_0008.uasset" 7427
"../../../Engine/Content/EngineMaterials/Substrate/Glints2/dict_0001_0006.uasset" 7428
"../../../Engine/Content/EngineMaterials/Substrate/Glints2/dict_0001_0007.uasset" 7429
"../../../Engine/Content/EngineMaterials/Substrate/Glints2/dict_0001_0013.uasset" 7430
"../../../Engine/Content/EngineMaterials/Substrate/Glints2/dict_0001_0009.uasset" 7431
"/Engine/EngineMaterials/Substrate/Glints2/dict_0001_0004" 7432
"../../../Engine/Content/EngineMaterials/Substrate/Glints2/dict_0001_0014.uasset" 7433
"../../../Engine/Content/EngineMaterials/Substrate/Glints2/dict_0001_0012.uasset" 7434
"../../../Engine/Content/EngineMaterials/Substrate/Glints2/dict_0001_0010.uasset" 7435
"../../../Engine/Content/EngineMaterials/Substrate/Glints2/dict_0001_0011.uasset" 7436
"/Engine/EngineMaterials/Substrate/Glints2/dict_0001_0003" 7437
"../../../Engine/Content/EngineMaterials/Substrate/Glints2/dict_0001_0022.uasset" 7438
"../../../Engine/Content/EngineMaterials/Substrate/Glints2/dict_0001_0015.uasset" 7439
"../../../Engine/Content/EngineMaterials/Substrate/Glints2/dict_0001_0019.uasset" 7440
"../../../Engine/Content/EngineMaterials/Substrate/Glints2/dict_0001_0020.uasset" 7441
"../../../Engine/Content/EngineMaterials/Substrate/Glints2/dict_0001_0021.uasset" 7442
"../../../Engine/Content/EngineMaterials/Substrate/Glints2/dict_0001_0025.uasset" 7443
"../../../Engine/Content/EngineMaterials/Substrate/Glints2/dict_0001_0016.uasset" 7444
"../../../Engine/Content/EngineMaterials/Substrate/Glints2/dict_0001_0028.uasset" 7445
"../../../Engine/Content/EngineMaterials/Substrate/Glints2/dict_0001_0027.uasset" 7446
"../../../Engine/Content/EngineMaterials/Substrate/Glints2/dict_0001_0018.uasset" 7447
"../../../Engine/Content/EngineMaterials/Substrate/Glints2/dict_0001_0024.uasset" 7448
"../../../Engine/Content/EngineMaterials/Substrate/Glints2/dict_0001_0023.uasset" 7449
"../../../Engine/Content/EngineMaterials/Substrate/Glints2/dict_0001_0026.uasset" 7450
"../../../Engine/Content/EngineMaterials/Substrate/Glints2/dict_0001_0017.uasset" 7451
"../../../Engine/Content/EngineMaterials/Substrate/Glints2/dict_0001_0029.uasset" 7452
"/Engine/EngineMaterials/Substrate/Glints2/dict_0001_0002" 7453
"/Engine/EngineMaterials/Substrate/Glints2/dict_0001_0001" 7454
"/Engine/EngineMaterials/Substrate/Glints2/dict_0001_0000" 7455
"/Engine/EngineMaterials/Substrate/Glints2/dict_0000_0255" 7456
"/Engine/EngineMaterials/Substrate/Glints2/dict_0000_0254" 7457
"/Engine/EngineMaterials/Substrate/Glints2/dict_0001_0029" 7458
"../../../Engine/Content/EngineMaterials/Substrate/Glints2/dict_0001_0032.uasset" 7459
"/Engine/EngineMaterials/Substrate/Glints2/dict_0001_0028" 7460
"../../../Engine/Content/EngineMaterials/Substrate/Glints2/dict_0001_0033.uasset" 7461
"../../../Engine/Content/EngineMaterials/Substrate/Glints2/dict_0001_0035.uasset" 7462
"../../../Engine/Content/EngineMaterials/Substrate/Glints2/dict_0001_0036.uasset" 7463
"../../../Engine/Content/EngineMaterials/Substrate/Glints2/dict_0001_0030.uasset" 7464
"../../../Engine/Content/EngineMaterials/Substrate/Glints2/dict_0001_0034.uasset" 7465
"../../../Engine/Content/EngineMaterials/Substrate/Glints2/dict_0001_0037.uasset" 7466
"/Engine/EngineMaterials/Substrate/Glints2/dict_0001_0027" 7467
"../../../Engine/Content/EngineMaterials/Substrate/Glints2/dict_0001_0031.uasset" 7468
"/Engine/EngineMaterials/Substrate/Glints2/dict_0001_0026" 7469
"/Engine/EngineMaterials/Substrate/Glints2/dict_0001_0025" 7470
"/Engine/EngineMaterials/Substrate/Glints2/dict_0001_0024" 7471
"/Engine/EngineMaterials/Substrate/Glints2/dict_0001_0023" 7472
"/Engine/EngineMaterials/Substrate/Glints2/dict_0001_0022" 7473
"/Engine/EngineMaterials/Substrate/Glints2/dict_0001_0021" 7474
"/Engine/EngineMaterials/Substrate/Glints2/dict_0001_0020" 7475
"/Engine/EngineMaterials/Substrate/Glints2/dict_0001_0019" 7476
"/Engine/EngineMaterials/Substrate/Glints2/dict_0001_0018" 7477
"/Engine/EngineMaterials/Substrate/Glints2/dict_0001_0017" 7478
"/Engine/EngineMaterials/Substrate/Glints2/dict_0001_0016" 7479
"/Engine/EngineMaterials/Substrate/Glints2/dict_0001_0015" 7480
"/Engine/EngineMaterials/Substrate/Glints2/dict_0001_0014" 7481
"/Engine/EngineMaterials/Substrate/Glints2/dict_0001_0013" 7482
"/Engine/EngineMaterials/Substrate/Glints2/dict_0001_0012" 7483
"/Engine/EngineMaterials/Substrate/Glints2/dict_0001_0011" 7484
"/Engine/EngineMaterials/Substrate/Glints2/dict_0001_0010" 7485
"/Engine/EngineMaterials/Substrate/Glints2/dict_0001_0009" 7486
"/Engine/EngineMaterials/Substrate/Glints2/dict_0001_0008" 7487
"/Engine/EngineMaterials/Substrate/Glints2/dict_0001_0007" 7488
"/Engine/EngineMaterials/Substrate/Glints2/dict_0001_0006" 7489
"/Engine/EngineMaterials/Substrate/Glints2/dict_0001_0037" 7490
"../../../Engine/Content/EngineMaterials/Substrate/Glints2/dict_0001_0038.uasset" 7491
"../../../Engine/Content/EngineMaterials/Substrate/Glints2/dict_0001_0039.uasset" 7492
"../../../Engine/Content/EngineMaterials/Substrate/Glints2/dict_0001_0045.uasset" 7493
"../../../Engine/Content/EngineMaterials/Substrate/Glints2/dict_0001_0046.uasset" 7494
"../../../Engine/Content/EngineMaterials/Substrate/Glints2/dict_0001_0041.uasset" 7495
"../../../Engine/Content/EngineMaterials/Substrate/Glints2/dict_0001_0043.uasset" 7496
"../../../Engine/Content/EngineMaterials/Substrate/Glints2/dict_0001_0049.uasset" 7497
"../../../Engine/Content/EngineMaterials/Substrate/Glints2/dict_0001_0058.uasset" 7498
"../../../Engine/Content/EngineMaterials/Substrate/Glints2/dict_0001_0042.uasset" 7499
"../../../Engine/Content/EngineMaterials/Substrate/Glints2/dict_0001_0044.uasset" 7500
"../../../Engine/Content/EngineMaterials/Substrate/Glints2/dict_0001_0054.uasset" 7501
"../../../Engine/Content/EngineMaterials/Substrate/Glints2/dict_0001_0048.uasset" 7502
"../../../Engine/Content/EngineMaterials/Substrate/Glints2/dict_0001_0056.uasset" 7503
"../../../Engine/Content/EngineMaterials/Substrate/Glints2/dict_0001_0061.uasset" 7504
"../../../Engine/Content/EngineMaterials/Substrate/Glints2/dict_0001_0053.uasset" 7505
"../../../Engine/Content/EngineMaterials/Substrate/Glints2/dict_0001_0052.uasset" 7506
"/Engine/EngineMaterials/Substrate/Glints2/dict_0001_0036" 7507
"../../../Engine/Content/EngineMaterials/Substrate/Glints2/dict_0001_0057.uasset" 7508
"../../../Engine/Content/EngineMaterials/Substrate/Glints2/dict_0001_0040.uasset" 7509
"../../../Engine/Content/EngineMaterials/Substrate/Glints2/dict_0001_0047.uasset" 7510
"../../../Engine/Content/EngineMaterials/Substrate/Glints2/dict_0001_0055.uasset" 7511
"../../../Engine/Content/EngineMaterials/Substrate/Glints2/dict_0001_0059.uasset" 7512
"../../../Engine/Content/EngineMaterials/Substrate/Glints2/dict_0001_0051.uasset" 7513
"../../../Engine/Content/EngineMaterials/Substrate/Glints2/dict_0001_0050.uasset" 7514
"../../../Engine/Content/EngineMaterials/Substrate/Glints2/dict_0001_0060.uasset" 7515
"/Engine/EngineMaterials/Substrate/Glints2/dict_0001_0035" 7516
"/Engine/EngineMaterials/Substrate/Glints2/dict_0001_0034" 7517
"/Engine/EngineMaterials/Substrate/Glints2/dict_0001_0033" 7518
"/Engine/EngineMaterials/Substrate/Glints2/dict_0001_0032" 7519
"/Engine/EngineMaterials/Substrate/Glints2/dict_0001_0031" 7520
"/Engine/EngineMaterials/Substrate/Glints2/dict_0001_0030" 7521
"/Engine/EngineMaterials/Substrate/Glints2/dict_0001_0061" 7522
"../../../Engine/Content/EngineMaterials/Substrate/Glints2/dict_0001_0063.uasset" 7523
"../../../Engine/Content/EngineMaterials/Substrate/Glints2/dict_0001_0062.uasset" 7524
"../../../Engine/Content/EngineMaterials/Substrate/Glints2/dict_0001_0068.uasset" 7525
"../../../Engine/Content/EngineMaterials/Substrate/Glints2/dict_0001_0067.uasset" 7526
"../../../Engine/Content/EngineMaterials/Substrate/Glints2/dict_0001_0064.uasset" 7527
"/Engine/EngineMaterials/Substrate/Glints2/dict_0001_0060" 7528
"../../../Engine/Content/EngineMaterials/Substrate/Glints2/dict_0001_0066.uasset" 7529
"../../../Engine/Content/EngineMaterials/Substrate/Glints2/dict_0001_0065.uasset" 7530
"../../../Engine/Content/EngineMaterials/Substrate/Glints2/dict_0001_0069.uasset" 7531
"/Engine/EngineMaterials/Substrate/Glints2/dict_0001_0059" 7532
"/Engine/EngineMaterials/Substrate/Glints2/dict_0001_0058" 7533
"/Engine/EngineMaterials/Substrate/Glints2/dict_0001_0057" 7534
"/Engine/EngineMaterials/Substrate/Glints2/dict_0001_0056" 7535
"/Engine/EngineMaterials/Substrate/Glints2/dict_0001_0055" 7536
"/Engine/EngineMaterials/Substrate/Glints2/dict_0001_0054" 7537
"/Engine/EngineMaterials/Substrate/Glints2/dict_0001_0053" 7538
"/Engine/EngineMaterials/Substrate/Glints2/dict_0001_0052" 7539
"/Engine/EngineMaterials/Substrate/Glints2/dict_0001_0051" 7540
"/Engine/EngineMaterials/Substrate/Glints2/dict_0001_0050" 7541
"/Engine/EngineMaterials/Substrate/Glints2/dict_0001_0049" 7542
"/Engine/EngineMaterials/Substrate/Glints2/dict_0001_0048" 7543
"/Engine/EngineMaterials/Substrate/Glints2/dict_0001_0047" 7544
"/Engine/EngineMaterials/Substrate/Glints2/dict_0001_0046" 7545
"/Engine/EngineMaterials/Substrate/Glints2/dict_0001_0045" 7546
"/Engine/EngineMaterials/Substrate/Glints2/dict_0001_0044" 7547
"/Engine/EngineMaterials/Substrate/Glints2/dict_0001_0043" 7548
"/Engine/EngineMaterials/Substrate/Glints2/dict_0001_0042" 7549
"/Engine/EngineMaterials/Substrate/Glints2/dict_0001_0041" 7550
"/Engine/EngineMaterials/Substrate/Glints2/dict_0001_0040" 7551
"/Engine/EngineMaterials/Substrate/Glints2/dict_0001_0039" 7552
"/Engine/EngineMaterials/Substrate/Glints2/dict_0001_0038" 7553
"/Engine/EngineMaterials/Substrate/Glints2/dict_0001_0069" 7554
"../../../Engine/Content/EngineMaterials/Substrate/Glints2/dict_0001_0070.uasset" 7555
"/Engine/EngineMaterials/Substrate/Glints2/dict_0001_0068" 7556
"../../../Engine/Content/EngineMaterials/Substrate/Glints2/dict_0001_0072.uasset" 7557
"../../../Engine/Content/EngineMaterials/Substrate/Glints2/dict_0001_0073.uasset" 7558
"../../../Engine/Content/EngineMaterials/Substrate/Glints2/dict_0001_0074.uasset" 7559
"../../../Engine/Content/EngineMaterials/Substrate/Glints2/dict_0001_0076.uasset" 7560
"../../../Engine/Content/EngineMaterials/Substrate/Glints2/dict_0001_0071.uasset" 7561
"../../../Engine/Content/EngineMaterials/Substrate/Glints2/dict_0001_0077.uasset" 7562
"../../../Engine/Content/EngineMaterials/Substrate/Glints2/dict_0001_0084.uasset" 7563
"../../../Engine/Content/EngineMaterials/Substrate/Glints2/dict_0001_0078.uasset" 7564
"/Engine/EngineMaterials/Substrate/Glints2/dict_0001_0067" 7565
"../../../Engine/Content/EngineMaterials/Substrate/Glints2/dict_0001_0075.uasset" 7566
"../../../Engine/Content/EngineMaterials/Substrate/Glints2/dict_0001_0081.uasset" 7567
"../../../Engine/Content/EngineMaterials/Substrate/Glints2/dict_0001_0085.uasset" 7568
"../../../Engine/Content/EngineMaterials/Substrate/Glints2/dict_0001_0082.uasset" 7569
"../../../Engine/Content/EngineMaterials/Substrate/Glints2/dict_0001_0091.uasset" 7570
"../../../Engine/Content/EngineMaterials/Substrate/Glints2/dict_0001_0093.uasset" 7571
"../../../Engine/Content/EngineMaterials/Substrate/Glints2/dict_0001_0090.uasset" 7572
"../../../Engine/Content/EngineMaterials/Substrate/Glints2/dict_0001_0080.uasset" 7573
"../../../Engine/Content/EngineMaterials/Substrate/Glints2/dict_0001_0088.uasset" 7574
"../../../Engine/Content/EngineMaterials/Substrate/Glints2/dict_0001_0089.uasset" 7575
"../../../Engine/Content/EngineMaterials/Substrate/Glints2/dict_0001_0083.uasset" 7576
"../../../Engine/Content/EngineMaterials/Substrate/Glints2/dict_0001_0079.uasset" 7577
"../../../Engine/Content/EngineMaterials/Substrate/Glints2/dict_0001_0087.uasset" 7578
"../../../Engine/Content/EngineMaterials/Substrate/Glints2/dict_0001_0086.uasset" 7579
"../../../Engine/Content/EngineMaterials/Substrate/Glints2/dict_0001_0092.uasset" 7580
"/Engine/EngineMaterials/Substrate/Glints2/dict_0001_0066" 7581
"/Engine/EngineMaterials/Substrate/Glints2/dict_0001_0065" 7582
"/Engine/EngineMaterials/Substrate/Glints2/dict_0001_0064" 7583
"/Engine/EngineMaterials/Substrate/Glints2/dict_0001_0063" 7584
"/Engine/EngineMaterials/Substrate/Glints2/dict_0001_0062" 7585
"/Engine/EngineMaterials/Substrate/Glints2/dict_0001_0093" 7586
"../../../Engine/Content/EngineMaterials/Substrate/Glints2/dict_0001_0098.uasset" 7587
"../../../Engine/Content/EngineMaterials/Substrate/Glints2/dict_0001_0095.uasset" 7588
"../../../Engine/Content/EngineMaterials/Substrate/Glints2/dict_0001_0094.uasset" 7589
"/Engine/EngineMaterials/Substrate/Glints2/dict_0001_0092" 7590
"../../../Engine/Content/EngineMaterials/Substrate/Glints2/dict_0001_0100.uasset" 7591
"../../../Engine/Content/EngineMaterials/Substrate/Glints2/dict_0001_0096.uasset" 7592
"../../../Engine/Content/EngineMaterials/Substrate/Glints2/dict_0001_0101.uasset" 7593
"../../../Engine/Content/EngineMaterials/Substrate/Glints2/dict_0001_0099.uasset" 7594
"../../../Engine/Content/EngineMaterials/Substrate/Glints2/dict_0001_0097.uasset" 7595
"/Engine/EngineMaterials/Substrate/Glints2/dict_0001_0091" 7596
"/Engine/EngineMaterials/Substrate/Glints2/dict_0001_0090" 7597
"/Engine/EngineMaterials/Substrate/Glints2/dict_0001_0089" 7598
"/Engine/EngineMaterials/Substrate/Glints2/dict_0001_0088" 7599
"/Engine/EngineMaterials/Substrate/Glints2/dict_0001_0087" 7600
"/Engine/EngineMaterials/Substrate/Glints2/dict_0001_0086" 7601
"/Engine/EngineMaterials/Substrate/Glints2/dict_0001_0085" 7602
"/Engine/EngineMaterials/Substrate/Glints2/dict_0001_0084" 7603
"/Engine/EngineMaterials/Substrate/Glints2/dict_0001_0083" 7604
"/Engine/EngineMaterials/Substrate/Glints2/dict_0001_0082" 7605
"/Engine/EngineMaterials/Substrate/Glints2/dict_0001_0081" 7606
"/Engine/EngineMaterials/Substrate/Glints2/dict_0001_0080" 7607
"/Engine/EngineMaterials/Substrate/Glints2/dict_0001_0079" 7608
"/Engine/EngineMaterials/Substrate/Glints2/dict_0001_0078" 7609
"/Engine/EngineMaterials/Substrate/Glints2/dict_0001_0077" 7610
"/Engine/EngineMaterials/Substrate/Glints2/dict_0001_0076" 7611
"/Engine/EngineMaterials/Substrate/Glints2/dict_0001_0075" 7612
"/Engine/EngineMaterials/Substrate/Glints2/dict_0001_0074" 7613
"/Engine/EngineMaterials/Substrate/Glints2/dict_0001_0073" 7614
"/Engine/EngineMaterials/Substrate/Glints2/dict_0001_0072" 7615
"/Engine/EngineMaterials/Substrate/Glints2/dict_0001_0071" 7616
"/Engine/EngineMaterials/Substrate/Glints2/dict_0001_0070" 7617
"/Engine/EngineMaterials/Substrate/Glints2/dict_0001_0101" 7618
"../../../Engine/Content/EngineMaterials/Substrate/Glints2/dict_0001_0102.uasset" 7619
"../../../Engine/Content/EngineMaterials/Substrate/Glints2/dict_0001_0118.uasset" 7620
"../../../Engine/Content/EngineMaterials/Substrate/Glints2/dict_0001_0107.uasset" 7621
"../../../Engine/Content/EngineMaterials/Substrate/Glints2/dict_0001_0103.uasset" 7622
"../../../Engine/Content/EngineMaterials/Substrate/Glints2/dict_0001_0104.uasset" 7623
"/Engine/EngineMaterials/Substrate/Glints2/dict_0001_0100" 7624
"../../../Engine/Content/EngineMaterials/Substrate/Glints2/dict_0001_0106.uasset" 7625
"../../../Engine/Content/EngineMaterials/Substrate/Glints2/dict_0001_0105.uasset" 7626
"../../../Engine/Content/EngineMaterials/Substrate/Glints2/dict_0001_0119.uasset" 7627
"../../../Engine/Content/EngineMaterials/Substrate/Glints2/dict_0001_0113.uasset" 7628
"/Engine/EngineMaterials/Substrate/Glints2/dict_0001_0099" 7629
"../../../Engine/Content/EngineMaterials/Substrate/Glints2/dict_0001_0109.uasset" 7630
"../../../Engine/Content/EngineMaterials/Substrate/Glints2/dict_0001_0112.uasset" 7631
"../../../Engine/Content/EngineMaterials/Substrate/Glints2/dict_0001_0117.uasset" 7632
"/Engine/EngineMaterials/Substrate/Glints2/dict_0001_0098" 7633
"../../../Engine/Content/EngineMaterials/Substrate/Glints2/dict_0001_0108.uasset" 7634
"../../../Engine/Content/EngineMaterials/Substrate/Glints2/dict_0001_0111.uasset" 7635
"../../../Engine/Content/EngineMaterials/Substrate/Glints2/dict_0001_0116.uasset" 7636
"../../../Engine/Content/EngineMaterials/Substrate/Glints2/dict_0001_0120.uasset" 7637
"/Engine/EngineMaterials/Substrate/Glints2/dict_0001_0097" 7638
"../../../Engine/Content/EngineMaterials/Substrate/Glints2/dict_0001_0110.uasset" 7639
"../../../Engine/Content/EngineMaterials/Substrate/Glints2/dict_0001_0114.uasset" 7640
"../../../Engine/Content/EngineMaterials/Substrate/Glints2/dict_0001_0115.uasset" 7641
"../../../Engine/Content/EngineMaterials/Substrate/Glints2/dict_0001_0121.uasset" 7642
"../../../Engine/Content/EngineMaterials/Substrate/Glints2/dict_0001_0123.uasset" 7643
"../../../Engine/Content/EngineMaterials/Substrate/Glints2/dict_0001_0122.uasset" 7644
"../../../Engine/Content/EngineMaterials/Substrate/Glints2/dict_0001_0124.uasset" 7645
"../../../Engine/Content/EngineMaterials/Substrate/Glints2/dict_0001_0125.uasset" 7646
"/Engine/EngineMaterials/Substrate/Glints2/dict_0001_0096" 7647
"/Engine/EngineMaterials/Substrate/Glints2/dict_0001_0095" 7648
"/Engine/EngineMaterials/Substrate/Glints2/dict_0001_0094" 7649
"/Engine/EngineMaterials/Substrate/Glints2/dict_0001_0125" 7650
"../../../Engine/Content/EngineMaterials/Substrate/Glints2/dict_0001_0126.uasset" 7651
"../../../Engine/Content/EngineMaterials/Substrate/Glints2/dict_0001_0129.uasset" 7652
"/Engine/EngineMaterials/Substrate/Glints2/dict_0001_0124" 7653
"../../../Engine/Content/EngineMaterials/Substrate/Glints2/dict_0001_0127.uasset" 7654
"../../../Engine/Content/EngineMaterials/Substrate/Glints2/dict_0001_0128.uasset" 7655
"../../../Engine/Content/EngineMaterials/Substrate/Glints2/dict_0001_0132.uasset" 7656
"../../../Engine/Content/EngineMaterials/Substrate/Glints2/dict_0001_0130.uasset" 7657
"../../../Engine/Content/EngineMaterials/Substrate/Glints2/dict_0001_0131.uasset" 7658
"../../../Engine/Content/EngineMaterials/Substrate/Glints2/dict_0001_0133.uasset" 7659
"/Engine/EngineMaterials/Substrate/Glints2/dict_0001_0123" 7660
"/Engine/EngineMaterials/Substrate/Glints2/dict_0001_0122" 7661
"/Engine/EngineMaterials/Substrate/Glints2/dict_0001_0121" 7662
"/Engine/EngineMaterials/Substrate/Glints2/dict_0001_0120" 7663
"/Engine/EngineMaterials/Substrate/Glints2/dict_0001_0119" 7664
"/Engine/EngineMaterials/Substrate/Glints2/dict_0001_0118" 7665
"/Engine/EngineMaterials/Substrate/Glints2/dict_0001_0117" 7666
"/Engine/EngineMaterials/Substrate/Glints2/dict_0001_0116" 7667
"/Engine/EngineMaterials/Substrate/Glints2/dict_0001_0115" 7668
"/Engine/EngineMaterials/Substrate/Glints2/dict_0001_0114" 7669
"/Engine/EngineMaterials/Substrate/Glints2/dict_0001_0113" 7670
"/Engine/EngineMaterials/Substrate/Glints2/dict_0001_0112" 7671
"/Engine/EngineMaterials/Substrate/Glints2/dict_0001_0111" 7672
"/Engine/EngineMaterials/Substrate/Glints2/dict_0001_0110" 7673
"/Engine/EngineMaterials/Substrate/Glints2/dict_0001_0109" 7674
"/Engine/EngineMaterials/Substrate/Glints2/dict_0001_0108" 7675
"/Engine/EngineMaterials/Substrate/Glints2/dict_0001_0107" 7676
"/Engine/EngineMaterials/Substrate/Glints2/dict_0001_0106" 7677
"/Engine/EngineMaterials/Substrate/Glints2/dict_0001_0105" 7678
"/Engine/EngineMaterials/Substrate/Glints2/dict_0001_0104" 7679
"/Engine/EngineMaterials/Substrate/Glints2/dict_0001_0103" 7680
"/Engine/EngineMaterials/Substrate/Glints2/dict_0001_0102" 7681
"/Engine/EngineMaterials/Substrate/Glints2/dict_0001_0133" 7682
"../../../Engine/Content/EngineMaterials/Substrate/Glints2/dict_0001_0135.uasset" 7683
"../../../Engine/Content/EngineMaterials/Substrate/Glints2/dict_0001_0136.uasset" 7684
"../../../Engine/Content/EngineMaterials/Substrate/Glints2/dict_0001_0140.uasset" 7685
"../../../Engine/Content/EngineMaterials/Substrate/Glints2/dict_0001_0137.uasset" 7686
"../../../Engine/Content/EngineMaterials/Substrate/Glints2/dict_0001_0134.uasset" 7687
"../../../Engine/Content/EngineMaterials/Substrate/Glints2/dict_0001_0138.uasset" 7688
"/Engine/EngineMaterials/Substrate/Glints2/dict_0001_0132" 7689
"../../../Engine/Content/EngineMaterials/Substrate/Glints2/dict_0001_0147.uasset" 7690
"../../../Engine/Content/EngineMaterials/Substrate/Glints2/dict_0001_0141.uasset" 7691
"../../../Engine/Content/EngineMaterials/Substrate/Glints2/dict_0001_0151.uasset" 7692
"../../../Engine/Content/EngineMaterials/Substrate/Glints2/dict_0001_0142.uasset" 7693
"/Engine/EngineMaterials/Substrate/Glints2/dict_0001_0131" 7694
"../../../Engine/Content/EngineMaterials/Substrate/Glints2/dict_0001_0143.uasset" 7695
"../../../Engine/Content/EngineMaterials/Substrate/Glints2/dict_0001_0146.uasset" 7696
"../../../Engine/Content/EngineMaterials/Substrate/Glints2/dict_0001_0139.uasset" 7697
"../../../Engine/Content/EngineMaterials/Substrate/Glints2/dict_0001_0149.uasset" 7698
"/Engine/EngineMaterials/Substrate/Glints2/dict_0001_0130" 7699
"../../../Engine/Content/EngineMaterials/Substrate/Glints2/dict_0001_0150.uasset" 7700
"../../../Engine/Content/EngineMaterials/Substrate/Glints2/dict_0001_0154.uasset" 7701
"../../../Engine/Content/EngineMaterials/Substrate/Glints2/dict_0001_0155.uasset" 7702
"../../../Engine/Content/EngineMaterials/Substrate/Glints2/dict_0001_0152.uasset" 7703
"../../../Engine/Content/EngineMaterials/Substrate/Glints2/dict_0001_0148.uasset" 7704
"../../../Engine/Content/EngineMaterials/Substrate/Glints2/dict_0001_0144.uasset" 7705
"../../../Engine/Content/EngineMaterials/Substrate/Glints2/dict_0001_0153.uasset" 7706
"../../../Engine/Content/EngineMaterials/Substrate/Glints2/dict_0001_0156.uasset" 7707
"../../../Engine/Content/EngineMaterials/Substrate/Glints2/dict_0001_0145.uasset" 7708
"../../../Engine/Content/EngineMaterials/Substrate/Glints2/dict_0001_0157.uasset" 7709
"/Engine/EngineMaterials/Substrate/Glints2/dict_0001_0129" 7710
"/Engine/EngineMaterials/Substrate/Glints2/dict_0001_0128" 7711
"/Engine/EngineMaterials/Substrate/Glints2/dict_0001_0127" 7712
"/Engine/EngineMaterials/Substrate/Glints2/dict_0001_0126" 7713
"/Engine/EngineMaterials/Substrate/Glints2/dict_0001_0157" 7714
"../../../Engine/Content/EngineMaterials/Substrate/Glints2/dict_0001_0161.uasset" 7715
"../../../Engine/Content/EngineMaterials/Substrate/Glints2/dict_0001_0159.uasset" 7716
"../../../Engine/Content/EngineMaterials/Substrate/Glints2/dict_0001_0158.uasset" 7717
"../../../Engine/Content/EngineMaterials/Substrate/Glints2/dict_0001_0160.uasset" 7718
"../../../Engine/Content/EngineMaterials/Substrate/Glints2/dict_0001_0165.uasset" 7719
"../../../Engine/Content/EngineMaterials/Substrate/Glints2/dict_0001_0164.uasset" 7720
"/Engine/EngineMaterials/Substrate/Glints2/dict_0001_0156" 7721
"../../../Engine/Content/EngineMaterials/Substrate/Glints2/dict_0001_0163.uasset" 7722
"../../../Engine/Content/EngineMaterials/Substrate/Glints2/dict_0001_0162.uasset" 7723
"/Engine/EngineMaterials/Substrate/Glints2/dict_0001_0155" 7724
"/Engine/EngineMaterials/Substrate/Glints2/dict_0001_0154" 7725
"/Engine/EngineMaterials/Substrate/Glints2/dict_0001_0153" 7726
"/Engine/EngineMaterials/Substrate/Glints2/dict_0001_0152" 7727
"/Engine/EngineMaterials/Substrate/Glints2/dict_0001_0151" 7728
"/Engine/EngineMaterials/Substrate/Glints2/dict_0001_0150" 7729
"/Engine/EngineMaterials/Substrate/Glints2/dict_0001_0149" 7730
"/Engine/EngineMaterials/Substrate/Glints2/dict_0001_0148" 7731
"/Engine/EngineMaterials/Substrate/Glints2/dict_0001_0147" 7732
"/Engine/EngineMaterials/Substrate/Glints2/dict_0001_0146" 7733
"/Engine/EngineMaterials/Substrate/Glints2/dict_0001_0145" 7734
"/Engine/EngineMaterials/Substrate/Glints2/dict_0001_0144" 7735
"/Engine/EngineMaterials/Substrate/Glints2/dict_0001_0143" 7736
"/Engine/EngineMaterials/Substrate/Glints2/dict_0001_0142" 7737
"/Engine/EngineMaterials/Substrate/Glints2/dict_0001_0141" 7738
"/Engine/EngineMaterials/Substrate/Glints2/dict_0001_0140" 7739
"/Engine/EngineMaterials/Substrate/Glints2/dict_0001_0139" 7740
"/Engine/EngineMaterials/Substrate/Glints2/dict_0001_0138" 7741
"/Engine/EngineMaterials/Substrate/Glints2/dict_0001_0137" 7742
"/Engine/EngineMaterials/Substrate/Glints2/dict_0001_0136" 7743
"/Engine/EngineMaterials/Substrate/Glints2/dict_0001_0135" 7744
"/Engine/EngineMaterials/Substrate/Glints2/dict_0001_0134" 7745
"/Engine/EngineMaterials/Substrate/Glints2/dict_0001_0165" 7746
"../../../Engine/Content/EngineMaterials/Substrate/Glints2/dict_0001_0166.uasset" 7747
"../../../Engine/Content/EngineMaterials/Substrate/Glints2/dict_0001_0173.uasset" 7748
"../../../Engine/Content/EngineMaterials/Substrate/Glints2/dict_0001_0172.uasset" 7749
"/Engine/EngineMaterials/Substrate/Glints2/dict_0001_0164" 7750
"../../../Engine/Content/EngineMaterials/Substrate/Glints2/dict_0001_0169.uasset" 7751
"../../../Engine/Content/EngineMaterials/Substrate/Glints2/dict_0001_0170.uasset" 7752
"../../../Engine/Content/EngineMaterials/Substrate/Glints2/dict_0001_0167.uasset" 7753
"../../../Engine/Content/EngineMaterials/Substrate/Glints2/dict_0001_0179.uasset" 7754
"../../../Engine/Content/EngineMaterials/Substrate/Glints2/dict_0001_0168.uasset" 7755
"../../../Engine/Content/EngineMaterials/Substrate/Glints2/dict_0001_0174.uasset" 7756
"../../../Engine/Content/EngineMaterials/Substrate/Glints2/dict_0001_0182.uasset" 7757
"../../../Engine/Content/EngineMaterials/Substrate/Glints2/dict_0001_0177.uasset" 7758
"/Engine/EngineMaterials/Substrate/Glints2/dict_0001_0163" 7759
"../../../Engine/Content/EngineMaterials/Substrate/Glints2/dict_0001_0171.uasset" 7760
"../../../Engine/Content/EngineMaterials/Substrate/Glints2/dict_0001_0181.uasset" 7761
"../../../Engine/Content/EngineMaterials/Substrate/Glints2/dict_0001_0178.uasset" 7762
"../../../Engine/Content/EngineMaterials/Substrate/Glints2/dict_0001_0186.uasset" 7763
"../../../Engine/Content/EngineMaterials/Substrate/Glints2/dict_0001_0184.uasset" 7764
"../../../Engine/Content/EngineMaterials/Substrate/Glints2/dict_0001_0175.uasset" 7765
"../../../Engine/Content/EngineMaterials/Substrate/Glints2/dict_0001_0176.uasset" 7766
"../../../Engine/Content/EngineMaterials/Substrate/Glints2/dict_0001_0185.uasset" 7767
"../../../Engine/Content/EngineMaterials/Substrate/Glints2/dict_0001_0189.uasset" 7768
"../../../Engine/Content/EngineMaterials/Substrate/Glints2/dict_0001_0180.uasset" 7769
"../../../Engine/Content/EngineMaterials/Substrate/Glints2/dict_0001_0187.uasset" 7770
"../../../Engine/Content/EngineMaterials/Substrate/Glints2/dict_0001_0183.uasset" 7771
"../../../Engine/Content/EngineMaterials/Substrate/Glints2/dict_0001_0188.uasset" 7772
"/Engine/EngineMaterials/Substrate/Glints2/dict_0001_0162" 7773
"/Engine/EngineMaterials/Substrate/Glints2/dict_0001_0161" 7774
"/Engine/EngineMaterials/Substrate/Glints2/dict_0001_0160" 7775
"/Engine/EngineMaterials/Substrate/Glints2/dict_0001_0159" 7776
"/Engine/EngineMaterials/Substrate/Glints2/dict_0001_0158" 7777
"/Engine/EngineMaterials/Substrate/Glints2/dict_0001_0189" 7778
"/Engine/EngineMaterials/Substrate/Glints2/dict_0001_0188" 7779
"../../../Engine/Content/EngineMaterials/Substrate/Glints2/dict_0001_0195.uasset" 7780
"../../../Engine/Content/EngineMaterials/Substrate/Glints2/dict_0001_0191.uasset" 7781
"../../../Engine/Content/EngineMaterials/Substrate/Glints2/dict_0001_0193.uasset" 7782
"../../../Engine/Content/EngineMaterials/Substrate/Glints2/dict_0001_0196.uasset" 7783
"../../../Engine/Content/EngineMaterials/Substrate/Glints2/dict_0001_0192.uasset" 7784
"../../../Engine/Content/EngineMaterials/Substrate/Glints2/dict_0001_0190.uasset" 7785
"../../../Engine/Content/EngineMaterials/Substrate/Glints2/dict_0001_0194.uasset" 7786
"/Engine/EngineMaterials/Substrate/Glints2/dict_0001_0187" 7787
"../../../Engine/Content/EngineMaterials/Substrate/Glints2/dict_0001_0197.uasset" 7788
"/Engine/EngineMaterials/Substrate/Glints2/dict_0001_0186" 7789
"/Engine/EngineMaterials/Substrate/Glints2/dict_0001_0185" 7790
"/Engine/EngineMaterials/Substrate/Glints2/dict_0001_0184" 7791
"/Engine/EngineMaterials/Substrate/Glints2/dict_0001_0183" 7792
"/Engine/EngineMaterials/Substrate/Glints2/dict_0001_0182" 7793
"/Engine/EngineMaterials/Substrate/Glints2/dict_0001_0181" 7794
"/Engine/EngineMaterials/Substrate/Glints2/dict_0001_0180" 7795
"/Engine/EngineMaterials/Substrate/Glints2/dict_0001_0179" 7796
"/Engine/EngineMaterials/Substrate/Glints2/dict_0001_0178" 7797
"/Engine/EngineMaterials/Substrate/Glints2/dict_0001_0177" 7798
"/Engine/EngineMaterials/Substrate/Glints2/dict_0001_0176" 7799
"/Engine/EngineMaterials/Substrate/Glints2/dict_0001_0175" 7800
"/Engine/EngineMaterials/Substrate/Glints2/dict_0001_0174" 7801
"/Engine/EngineMaterials/Substrate/Glints2/dict_0001_0173" 7802
"/Engine/EngineMaterials/Substrate/Glints2/dict_0001_0172" 7803
"/Engine/EngineMaterials/Substrate/Glints2/dict_0001_0171" 7804
"/Engine/EngineMaterials/Substrate/Glints2/dict_0001_0170" 7805
"/Engine/EngineMaterials/Substrate/Glints2/dict_0001_0169" 7806
"/Engine/EngineMaterials/Substrate/Glints2/dict_0001_0168" 7807
"/Engine/EngineMaterials/Substrate/Glints2/dict_0001_0167" 7808
"/Engine/EngineMaterials/Substrate/Glints2/dict_0001_0166" 7809
"/Engine/EngineMaterials/Substrate/Glints2/dict_0001_0197" 7810
"../../../Engine/Content/EngineMaterials/Substrate/Glints2/dict_0001_0199.uasset" 7811
"../../../Engine/Content/EngineMaterials/Substrate/Glints2/dict_0001_0198.uasset" 7812
"../../../Engine/Content/EngineMaterials/Substrate/Glints2/dict_0001_0212.uasset" 7813
"../../../Engine/Content/EngineMaterials/Substrate/Glints2/dict_0001_0200.uasset" 7814
"/Engine/EngineMaterials/Substrate/Glints2/dict_0001_0196" 7815
"../../../Engine/Content/EngineMaterials/Substrate/Glints2/dict_0001_0211.uasset" 7816
"../../../Engine/Content/EngineMaterials/Substrate/Glints2/dict_0001_0208.uasset" 7817
"../../../Engine/Content/EngineMaterials/Substrate/Glints2/dict_0001_0201.uasset" 7818
"../../../Engine/Content/EngineMaterials/Substrate/Glints2/dict_0001_0210.uasset" 7819
"../../../Engine/Content/EngineMaterials/Substrate/Glints2/dict_0001_0203.uasset" 7820
"/Engine/EngineMaterials/Substrate/Glints2/dict_0001_0195" 7821
"../../../Engine/Content/EngineMaterials/Substrate/Glints2/dict_0001_0204.uasset" 7822
"../../../Engine/Content/EngineMaterials/Substrate/Glints2/dict_0001_0207.uasset" 7823
"../../../Engine/Content/EngineMaterials/Substrate/Glints2/dict_0001_0213.uasset" 7824
"../../../Engine/Content/EngineMaterials/Substrate/Glints2/dict_0001_0205.uasset" 7825
"../../../Engine/Content/EngineMaterials/Substrate/Glints2/dict_0001_0217.uasset" 7826
"../../../Engine/Content/EngineMaterials/Substrate/Glints2/dict_0001_0214.uasset" 7827
"../../../Engine/Content/EngineMaterials/Substrate/Glints2/dict_0001_0216.uasset" 7828
"../../../Engine/Content/EngineMaterials/Substrate/Glints2/dict_0001_0209.uasset" 7829
"../../../Engine/Content/EngineMaterials/Substrate/Glints2/dict_0001_0221.uasset" 7830
"../../../Engine/Content/EngineMaterials/Substrate/Glints2/dict_0001_0206.uasset" 7831
"../../../Engine/Content/EngineMaterials/Substrate/Glints2/dict_0001_0202.uasset" 7832
"../../../Engine/Content/EngineMaterials/Substrate/Glints2/dict_0001_0215.uasset" 7833
"/Engine/EngineMaterials/Substrate/Glints2/dict_0001_0194" 7834
"../../../Engine/Content/EngineMaterials/Substrate/Glints2/dict_0001_0219.uasset" 7835
"../../../Engine/Content/EngineMaterials/Substrate/Glints2/dict_0001_0218.uasset" 7836
"../../../Engine/Content/EngineMaterials/Substrate/Glints2/dict_0001_0220.uasset" 7837
"/Engine/EngineMaterials/Substrate/Glints2/dict_0001_0193" 7838
"/Engine/EngineMaterials/Substrate/Glints2/dict_0001_0192" 7839
"/Engine/EngineMaterials/Substrate/Glints2/dict_0001_0191" 7840
"/Engine/EngineMaterials/Substrate/Glints2/dict_0001_0190" 7841
"/Engine/EngineMaterials/Substrate/Glints2/dict_0001_0221" 7842
"../../../Engine/Content/EngineMaterials/Substrate/Glints2/dict_0001_0227.uasset" 7843
"../../../Engine/Content/EngineMaterials/Substrate/Glints2/dict_0001_0222.uasset" 7844
"../../../Engine/Content/EngineMaterials/Substrate/Glints2/dict_0001_0223.uasset" 7845
"../../../Engine/Content/EngineMaterials/Substrate/Glints2/dict_0001_0228.uasset" 7846
"../../../Engine/Content/EngineMaterials/Substrate/Glints2/dict_0001_0224.uasset" 7847
"/Engine/EngineMaterials/Substrate/Glints2/dict_0001_0220" 7848
"../../../Engine/Content/EngineMaterials/Substrate/Glints2/dict_0001_0229.uasset" 7849
"../../../Engine/Content/EngineMaterials/Substrate/Glints2/dict_0001_0225.uasset" 7850
"../../../Engine/Content/EngineMaterials/Substrate/Glints2/dict_0001_0226.uasset" 7851
"/Engine/EngineMaterials/Substrate/Glints2/dict_0001_0219" 7852
"/Engine/EngineMaterials/Substrate/Glints2/dict_0001_0218" 7853
"/Engine/EngineMaterials/Substrate/Glints2/dict_0001_0217" 7854
"/Engine/EngineMaterials/Substrate/Glints2/dict_0001_0216" 7855
"/Engine/EngineMaterials/Substrate/Glints2/dict_0001_0215" 7856
"/Engine/EngineMaterials/Substrate/Glints2/dict_0001_0214" 7857
"/Engine/EngineMaterials/Substrate/Glints2/dict_0001_0213" 7858
"/Engine/EngineMaterials/Substrate/Glints2/dict_0001_0212" 7859
"/Engine/EngineMaterials/Substrate/Glints2/dict_0001_0211" 7860
"/Engine/EngineMaterials/Substrate/Glints2/dict_0001_0210" 7861
"/Engine/EngineMaterials/Substrate/Glints2/dict_0001_0209" 7862
"/Engine/EngineMaterials/Substrate/Glints2/dict_0001_0208" 7863
"/Engine/EngineMaterials/Substrate/Glints2/dict_0001_0207" 7864
"/Engine/EngineMaterials/Substrate/Glints2/dict_0001_0206" 7865
"/Engine/EngineMaterials/Substrate/Glints2/dict_0001_0205" 7866
"/Engine/EngineMaterials/Substrate/Glints2/dict_0001_0204" 7867
"/Engine/EngineMaterials/Substrate/Glints2/dict_0001_0203" 7868
"/Engine/EngineMaterials/Substrate/Glints2/dict_0001_0202" 7869
"/Engine/EngineMaterials/Substrate/Glints2/dict_0001_0201" 7870
"/Engine/EngineMaterials/Substrate/Glints2/dict_0001_0200" 7871
"/Engine/EngineMaterials/Substrate/Glints2/dict_0001_0199" 7872
"/Engine/EngineMaterials/Substrate/Glints2/dict_0001_0198" 7873
"/Engine/EngineMaterials/Substrate/Glints2/dict_0001_0229" 7874
"../../../Engine/Content/EngineMaterials/Substrate/Glints2/dict_0001_0233.uasset" 7875
"../../../Engine/Content/EngineMaterials/Substrate/Glints2/dict_0001_0238.uasset" 7876
"../../../Engine/Content/EngineMaterials/Substrate/Glints2/dict_0001_0236.uasset" 7877
"../../../Engine/Content/EngineMaterials/Substrate/Glints2/dict_0001_0230.uasset" 7878
"../../../Engine/Content/EngineMaterials/Substrate/Glints2/dict_0001_0231.uasset" 7879
"/Engine/EngineMaterials/Substrate/Glints2/dict_0001_0228" 7880
"../../../Engine/Content/EngineMaterials/Substrate/Glints2/dict_0001_0232.uasset" 7881
"../../../Engine/Content/EngineMaterials/Substrate/Glints2/dict_0001_0244.uasset" 7882
"../../../Engine/Content/EngineMaterials/Substrate/Glints2/dict_0001_0234.uasset" 7883
"../../../Engine/Content/EngineMaterials/Substrate/Glints2/dict_0001_0240.uasset" 7884
"../../../Engine/Content/EngineMaterials/Substrate/Glints2/dict_0001_0239.uasset" 7885
"../../../Engine/Content/EngineMaterials/Substrate/Glints2/dict_0001_0250.uasset" 7886
"../../../Engine/Content/EngineMaterials/Substrate/Glints2/dict_0001_0241.uasset" 7887
"../../../Engine/Content/EngineMaterials/Substrate/Glints2/dict_0001_0245.uasset" 7888
"../../../Engine/Content/EngineMaterials/Substrate/Glints2/dict_0001_0248.uasset" 7889
"../../../Engine/Content/EngineMaterials/Substrate/Glints2/dict_0001_0249.uasset" 7890
"../../../Engine/Content/EngineMaterials/Substrate/Glints2/dict_0001_0247.uasset" 7891
"../../../Engine/Content/EngineMaterials/Substrate/Glints2/dict_0001_0242.uasset" 7892
"../../../Engine/Content/EngineMaterials/Substrate/Glints2/dict_0001_0237.uasset" 7893
"/Engine/EngineMaterials/Substrate/Glints2/dict_0001_0227" 7894
"../../../Engine/Content/EngineMaterials/Substrate/Glints2/dict_0001_0251.uasset" 7895
"../../../Engine/Content/EngineMaterials/Substrate/Glints2/dict_0001_0243.uasset" 7896
"../../../Engine/Content/EngineMaterials/Substrate/Glints2/dict_0001_0253.uasset" 7897
"../../../Engine/Content/EngineMaterials/Substrate/Glints2/dict_0001_0252.uasset" 7898
"../../../Engine/Content/EngineMaterials/Substrate/Glints2/dict_0001_0235.uasset" 7899
"../../../Engine/Content/EngineMaterials/Substrate/Glints2/dict_0001_0246.uasset" 7900
"/Engine/EngineMaterials/Substrate/Glints2/dict_0001_0226" 7901
"/Engine/EngineMaterials/Substrate/Glints2/dict_0001_0225" 7902
"/Engine/EngineMaterials/Substrate/Glints2/dict_0001_0224" 7903
"/Engine/EngineMaterials/Substrate/Glints2/dict_0001_0223" 7904
"/Engine/EngineMaterials/Substrate/Glints2/dict_0001_0222" 7905
"/Engine/EngineMaterials/Substrate/Glints2/dict_0001_0253" 7906
"../../../Engine/Content/EngineMaterials/Substrate/Glints2/dict_0001_0254.uasset" 7907
"../../../Engine/Content/EngineMaterials/Substrate/Glints2/dict_0002_0001.uasset" 7908
"/Engine/EngineMaterials/Substrate/Glints2/dict_0001_0252" 7909
"../../../Engine/Content/EngineMaterials/Substrate/Glints2/dict_0002_0002.uasset" 7910
"../../../Engine/Content/EngineMaterials/Substrate/Glints2/dict_0002_0000.uasset" 7911
"../../../Engine/Content/EngineMaterials/Substrate/Glints2/dict_0002_0005.uasset" 7912
"../../../Engine/Content/EngineMaterials/Substrate/Glints2/dict_0001_0255.uasset" 7913
"../../../Engine/Content/EngineMaterials/Substrate/Glints2/dict_0002_0004.uasset" 7914
"/Engine/EngineMaterials/Substrate/Glints2/dict_0001_0251" 7915
"../../../Engine/Content/EngineMaterials/Substrate/Glints2/dict_0002_0003.uasset" 7916
"/Engine/EngineMaterials/Substrate/Glints2/dict_0001_0250" 7917
"/Engine/EngineMaterials/Substrate/Glints2/dict_0001_0249" 7918
"/Engine/EngineMaterials/Substrate/Glints2/dict_0001_0248" 7919
"/Engine/EngineMaterials/Substrate/Glints2/dict_0001_0247" 7920
"/Engine/EngineMaterials/Substrate/Glints2/dict_0001_0246" 7921
"/Engine/EngineMaterials/Substrate/Glints2/dict_0001_0245" 7922
"/Engine/EngineMaterials/Substrate/Glints2/dict_0001_0244" 7923
"/Engine/EngineMaterials/Substrate/Glints2/dict_0001_0243" 7924
"/Engine/EngineMaterials/Substrate/Glints2/dict_0001_0242" 7925
"/Engine/EngineMaterials/Substrate/Glints2/dict_0001_0241" 7926
"/Engine/EngineMaterials/Substrate/Glints2/dict_0001_0240" 7927
"/Engine/EngineMaterials/Substrate/Glints2/dict_0001_0239" 7928
"/Engine/EngineMaterials/Substrate/Glints2/dict_0001_0238" 7929
"/Engine/EngineMaterials/Substrate/Glints2/dict_0001_0237" 7930
"/Engine/EngineMaterials/Substrate/Glints2/dict_0001_0236" 7931
"/Engine/EngineMaterials/Substrate/Glints2/dict_0001_0235" 7932
"/Engine/EngineMaterials/Substrate/Glints2/dict_0001_0234" 7933
"/Engine/EngineMaterials/Substrate/Glints2/dict_0001_0233" 7934
"/Engine/EngineMaterials/Substrate/Glints2/dict_0001_0232" 7935
"/Engine/EngineMaterials/Substrate/Glints2/dict_0001_0231" 7936
"/Engine/EngineMaterials/Substrate/Glints2/dict_0001_0230" 7937
"/Engine/EngineMaterials/Substrate/Glints2/dict_0002_0005" 7938
"../../../Engine/Content/EngineMaterials/Substrate/Glints2/dict_0002_0006.uasset" 7939
"../../../Engine/Content/EngineMaterials/Substrate/Glints2/dict_0002_0017.uasset" 7940
"../../../Engine/Content/EngineMaterials/Substrate/Glints2/dict_0002_0011.uasset" 7941
"../../../Engine/Content/EngineMaterials/Substrate/Glints2/dict_0002_0016.uasset" 7942
"../../../Engine/Content/EngineMaterials/Substrate/Glints2/dict_0002_0007.uasset" 7943
"../../../Engine/Content/EngineMaterials/Substrate/Glints2/dict_0002_0010.uasset" 7944
"../../../Engine/Content/EngineMaterials/Substrate/Glints2/dict_0002_0009.uasset" 7945
"/Engine/EngineMaterials/Substrate/Glints2/dict_0002_0004" 7946
"../../../Engine/Content/EngineMaterials/Substrate/Glints2/dict_0002_0008.uasset" 7947
"../../../Engine/Content/EngineMaterials/Substrate/Glints2/dict_0002_0013.uasset" 7948
"../../../Engine/Content/EngineMaterials/Substrate/Glints2/dict_0002_0014.uasset" 7949
"../../../Engine/Content/EngineMaterials/Substrate/Glints2/dict_0002_0019.uasset" 7950
"../../../Engine/Content/EngineMaterials/Substrate/Glints2/dict_0002_0018.uasset" 7951
"../../../Engine/Content/EngineMaterials/Substrate/Glints2/dict_0002_0026.uasset" 7952
"../../../Engine/Content/EngineMaterials/Substrate/Glints2/dict_0002_0025.uasset" 7953
"../../../Engine/Content/EngineMaterials/Substrate/Glints2/dict_0002_0021.uasset" 7954
"../../../Engine/Content/EngineMaterials/Substrate/Glints2/dict_0002_0028.uasset" 7955
"../../../Engine/Content/EngineMaterials/Substrate/Glints2/dict_0002_0029.uasset" 7956
"/Engine/EngineMaterials/Substrate/Glints2/dict_0002_0003" 7957
"../../../Engine/Content/EngineMaterials/Substrate/Glints2/dict_0002_0024.uasset" 7958
"../../../Engine/Content/EngineMaterials/Substrate/Glints2/dict_0002_0020.uasset" 7959
"../../../Engine/Content/EngineMaterials/Substrate/Glints2/dict_0002_0012.uasset" 7960
"../../../Engine/Content/EngineMaterials/Substrate/Glints2/dict_0002_0027.uasset" 7961
"../../../Engine/Content/EngineMaterials/Substrate/Glints2/dict_0002_0022.uasset" 7962
"../../../Engine/Content/EngineMaterials/Substrate/Glints2/dict_0002_0015.uasset" 7963
"../../../Engine/Content/EngineMaterials/Substrate/Glints2/dict_0002_0023.uasset" 7964
"/Engine/EngineMaterials/Substrate/Glints2/dict_0002_0002" 7965
"/Engine/EngineMaterials/Substrate/Glints2/dict_0002_0001" 7966
"/Engine/EngineMaterials/Substrate/Glints2/dict_0002_0000" 7967
"/Engine/EngineMaterials/Substrate/Glints2/dict_0001_0255" 7968
"/Engine/EngineMaterials/Substrate/Glints2/dict_0001_0254" 7969
"/Engine/EngineMaterials/Substrate/Glints2/dict_0002_0029" 7970
"../../../Engine/Content/EngineMaterials/Substrate/Glints2/dict_0002_0031.uasset" 7971
"../../../Engine/Content/EngineMaterials/Substrate/Glints2/dict_0002_0036.uasset" 7972
"../../../Engine/Content/EngineMaterials/Substrate/Glints2/dict_0002_0030.uasset" 7973
"/Engine/EngineMaterials/Substrate/Glints2/dict_0002_0028" 7974
"../../../Engine/Content/EngineMaterials/Substrate/Glints2/dict_0002_0032.uasset" 7975
"../../../Engine/Content/EngineMaterials/Substrate/Glints2/dict_0002_0035.uasset" 7976
"../../../Engine/Content/EngineMaterials/Substrate/Glints2/dict_0002_0034.uasset" 7977
"../../../Engine/Content/EngineMaterials/Substrate/Glints2/dict_0002_0037.uasset" 7978
"../../../Engine/Content/EngineMaterials/Substrate/Glints2/dict_0002_0033.uasset" 7979
"/Engine/EngineMaterials/Substrate/Glints2/dict_0002_0027" 7980
"/Engine/EngineMaterials/Substrate/Glints2/dict_0002_0026" 7981
"/Engine/EngineMaterials/Substrate/Glints2/dict_0002_0025" 7982
"/Engine/EngineMaterials/Substrate/Glints2/dict_0002_0024" 7983
"/Engine/EngineMaterials/Substrate/Glints2/dict_0002_0023" 7984
"/Engine/EngineMaterials/Substrate/Glints2/dict_0002_0022" 7985
"/Engine/EngineMaterials/Substrate/Glints2/dict_0002_0021" 7986
"/Engine/EngineMaterials/Substrate/Glints2/dict_0002_0020" 7987
"/Engine/EngineMaterials/Substrate/Glints2/dict_0002_0019" 7988
"/Engine/EngineMaterials/Substrate/Glints2/dict_0002_0018" 7989
"/Engine/EngineMaterials/Substrate/Glints2/dict_0002_0017" 7990
"/Engine/EngineMaterials/Substrate/Glints2/dict_0002_0016" 7991
"/Engine/EngineMaterials/Substrate/Glints2/dict_0002_0015" 7992
"/Engine/EngineMaterials/Substrate/Glints2/dict_0002_0014" 7993
"/Engine/EngineMaterials/Substrate/Glints2/dict_0002_0013" 7994
"/Engine/EngineMaterials/Substrate/Glints2/dict_0002_0012" 7995
"/Engine/EngineMaterials/Substrate/Glints2/dict_0002_0011" 7996
"/Engine/EngineMaterials/Substrate/Glints2/dict_0002_0010" 7997
"/Engine/EngineMaterials/Substrate/Glints2/dict_0002_0009" 7998
"/Engine/EngineMaterials/Substrate/Glints2/dict_0002_0008" 7999
"/Engine/EngineMaterials/Substrate/Glints2/dict_0002_0007" 8000
"/Engine/EngineMaterials/Substrate/Glints2/dict_0002_0006" 8001
"/Engine/EngineMaterials/Substrate/Glints2/dict_0002_0037" 8002
"../../../Engine/Content/EngineMaterials/Substrate/Glints2/dict_0002_0046.uasset" 8003
"../../../Engine/Content/EngineMaterials/Substrate/Glints2/dict_0002_0040.uasset" 8004
"../../../Engine/Content/EngineMaterials/Substrate/Glints2/dict_0002_0042.uasset" 8005
"../../../Engine/Content/EngineMaterials/Substrate/Glints2/dict_0002_0039.uasset" 8006
"../../../Engine/Content/EngineMaterials/Substrate/Glints2/dict_0002_0038.uasset" 8007
"../../../Engine/Content/EngineMaterials/Substrate/Glints2/dict_0002_0041.uasset" 8008
"/Engine/EngineMaterials/Substrate/Glints2/dict_0002_0036" 8009
"../../../Engine/Content/EngineMaterials/Substrate/Glints2/dict_0002_0045.uasset" 8010
"../../../Engine/Content/EngineMaterials/Substrate/Glints2/dict_0002_0052.uasset" 8011
"../../../Engine/Content/EngineMaterials/Substrate/Glints2/dict_0002_0050.uasset" 8012
"../../../Engine/Content/EngineMaterials/Substrate/Glints2/dict_0002_0043.uasset" 8013
"../../../Engine/Content/EngineMaterials/Substrate/Glints2/dict_0002_0053.uasset" 8014
"../../../Engine/Content/EngineMaterials/Substrate/Glints2/dict_0002_0051.uasset" 8015
"../../../Engine/Content/EngineMaterials/Substrate/Glints2/dict_0002_0055.uasset" 8016
"../../../Engine/Content/EngineMaterials/Substrate/Glints2/dict_0002_0060.uasset" 8017
"../../../Engine/Content/EngineMaterials/Substrate/Glints2/dict_0002_0058.uasset" 8018
"/Engine/EngineMaterials/Substrate/Glints2/dict_0002_0035" 8019
"../../../Engine/Content/EngineMaterials/Substrate/Glints2/dict_0002_0054.uasset" 8020
"../../../Engine/Content/EngineMaterials/Substrate/Glints2/dict_0002_0057.uasset" 8021
"../../../Engine/Content/EngineMaterials/Substrate/Glints2/dict_0002_0059.uasset" 8022
"../../../Engine/Content/EngineMaterials/Substrate/Glints2/dict_0002_0048.uasset" 8023
"../../../Engine/Content/EngineMaterials/Substrate/Glints2/dict_0002_0061.uasset" 8024
"../../../Engine/Content/EngineMaterials/Substrate/Glints2/dict_0002_0049.uasset" 8025
"../../../Engine/Content/EngineMaterials/Substrate/Glints2/dict_0002_0047.uasset" 8026
"../../../Engine/Content/EngineMaterials/Substrate/Glints2/dict_0002_0044.uasset" 8027
"../../../Engine/Content/EngineMaterials/Substrate/Glints2/dict_0002_0056.uasset" 8028
"/Engine/EngineMaterials/Substrate/Glints2/dict_0002_0034" 8029
"/Engine/EngineMaterials/Substrate/Glints2/dict_0002_0033" 8030
"/Engine/EngineMaterials/Substrate/Glints2/dict_0002_0032" 8031
"/Engine/EngineMaterials/Substrate/Glints2/dict_0002_0031" 8032
"/Engine/EngineMaterials/Substrate/Glints2/dict_0002_0030" 8033
"/Engine/EngineMaterials/Substrate/Glints2/dict_0002_0061" 8034
"../../../Engine/Content/EngineMaterials/Substrate/Glints2/dict_0002_0063.uasset" 8035
"../../../Engine/Content/EngineMaterials/Substrate/Glints2/dict_0002_0064.uasset" 8036
"/Engine/EngineMaterials/Substrate/Glints2/dict_0002_0060" 8037
"../../../Engine/Content/EngineMaterials/Substrate/Glints2/dict_0002_0067.uasset" 8038
"../../../Engine/Content/EngineMaterials/Substrate/Glints2/dict_0002_0065.uasset" 8039
"../../../Engine/Content/EngineMaterials/Substrate/Glints2/dict_0002_0062.uasset" 8040
"../../../Engine/Content/EngineMaterials/Substrate/Glints2/dict_0002_0066.uasset" 8041
"../../../Engine/Content/EngineMaterials/Substrate/Glints2/dict_0002_0068.uasset" 8042
"../../../Engine/Content/EngineMaterials/Substrate/Glints2/dict_0002_0069.uasset" 8043
"/Engine/EngineMaterials/Substrate/Glints2/dict_0002_0059" 8044
"/Engine/EngineMaterials/Substrate/Glints2/dict_0002_0058" 8045
"/Engine/EngineMaterials/Substrate/Glints2/dict_0002_0057" 8046
"/Engine/EngineMaterials/Substrate/Glints2/dict_0002_0056" 8047
"/Engine/EngineMaterials/Substrate/Glints2/dict_0002_0055" 8048
"/Engine/EngineMaterials/Substrate/Glints2/dict_0002_0054" 8049
"/Engine/EngineMaterials/Substrate/Glints2/dict_0002_0053" 8050
"/Engine/EngineMaterials/Substrate/Glints2/dict_0002_0052" 8051
"/Engine/EngineMaterials/Substrate/Glints2/dict_0002_0051" 8052
"/Engine/EngineMaterials/Substrate/Glints2/dict_0002_0050" 8053
"/Engine/EngineMaterials/Substrate/Glints2/dict_0002_0049" 8054
"/Engine/EngineMaterials/Substrate/Glints2/dict_0002_0048" 8055
"/Engine/EngineMaterials/Substrate/Glints2/dict_0002_0047" 8056
"/Engine/EngineMaterials/Substrate/Glints2/dict_0002_0046" 8057
"/Engine/EngineMaterials/Substrate/Glints2/dict_0002_0045" 8058
"/Engine/EngineMaterials/Substrate/Glints2/dict_0002_0044" 8059
"/Engine/EngineMaterials/Substrate/Glints2/dict_0002_0043" 8060
"/Engine/EngineMaterials/Substrate/Glints2/dict_0002_0042" 8061
"/Engine/EngineMaterials/Substrate/Glints2/dict_0002_0041" 8062
"/Engine/EngineMaterials/Substrate/Glints2/dict_0002_0040" 8063
"/Engine/EngineMaterials/Substrate/Glints2/dict_0002_0039" 8064
"/Engine/EngineMaterials/Substrate/Glints2/dict_0002_0038" 8065
"/Engine/EngineMaterials/Substrate/Glints2/dict_0002_0069" 8066
"../../../Engine/Content/EngineMaterials/Substrate/Glints2/dict_0002_0070.uasset" 8067
"../../../Engine/Content/EngineMaterials/Substrate/Glints2/dict_0002_0074.uasset" 8068
"/Engine/EngineMaterials/Substrate/Glints2/dict_0002_0068" 8069
"../../../Engine/Content/EngineMaterials/Substrate/Glints2/dict_0002_0071.uasset" 8070
"../../../Engine/Content/EngineMaterials/Substrate/Glints2/dict_0002_0076.uasset" 8071
"../../../Engine/Content/EngineMaterials/Substrate/Glints2/dict_0002_0072.uasset" 8072
"../../../Engine/Content/EngineMaterials/Substrate/Glints2/dict_0002_0077.uasset" 8073
"/Engine/EngineMaterials/Substrate/Glints2/dict_0002_0067" 8074
"../../../Engine/Content/EngineMaterials/Substrate/Glints2/dict_0002_0075.uasset" 8075
"../../../Engine/Content/EngineMaterials/Substrate/Glints2/dict_0002_0078.uasset" 8076
"../../../Engine/Content/EngineMaterials/Substrate/Glints2/dict_0002_0080.uasset" 8077
"../../../Engine/Content/EngineMaterials/Substrate/Glints2/dict_0002_0079.uasset" 8078
"../../../Engine/Content/EngineMaterials/Substrate/Glints2/dict_0002_0084.uasset" 8079
"/Engine/EngineMaterials/Substrate/Glints2/dict_0002_0066" 8080
"../../../Engine/Content/EngineMaterials/Substrate/Glints2/dict_0002_0082.uasset" 8081
"../../../Engine/Content/EngineMaterials/Substrate/Glints2/dict_0002_0073.uasset" 8082
"../../../Engine/Content/EngineMaterials/Substrate/Glints2/dict_0002_0093.uasset" 8083
"../../../Engine/Content/EngineMaterials/Substrate/Glints2/dict_0002_0085.uasset" 8084
"../../../Engine/Content/EngineMaterials/Substrate/Glints2/dict_0002_0083.uasset" 8085
"../../../Engine/Content/EngineMaterials/Substrate/Glints2/dict_0002_0081.uasset" 8086
"../../../Engine/Content/EngineMaterials/Substrate/Glints2/dict_0002_0087.uasset" 8087
"../../../Engine/Content/EngineMaterials/Substrate/Glints2/dict_0002_0086.uasset" 8088
"../../../Engine/Content/EngineMaterials/Substrate/Glints2/dict_0002_0092.uasset" 8089
"../../../Engine/Content/EngineMaterials/Substrate/Glints2/dict_0002_0088.uasset" 8090
"../../../Engine/Content/EngineMaterials/Substrate/Glints2/dict_0002_0090.uasset" 8091
"../../../Engine/Content/EngineMaterials/Substrate/Glints2/dict_0002_0091.uasset" 8092
"../../../Engine/Content/EngineMaterials/Substrate/Glints2/dict_0002_0089.uasset" 8093
"/Engine/EngineMaterials/Substrate/Glints2/dict_0002_0065" 8094
"/Engine/EngineMaterials/Substrate/Glints2/dict_0002_0064" 8095
"/Engine/EngineMaterials/Substrate/Glints2/dict_0002_0063" 8096
"/Engine/EngineMaterials/Substrate/Glints2/dict_0002_0062" 8097
"/Engine/EngineMaterials/Substrate/Glints2/dict_0002_0093" 8098
"../../../Engine/Content/EngineMaterials/Substrate/Glints2/dict_0002_0095.uasset" 8099
"../../../Engine/Content/EngineMaterials/Substrate/Glints2/dict_0002_0094.uasset" 8100
"../../../Engine/Content/EngineMaterials/Substrate/Glints2/dict_0002_0096.uasset" 8101
"/Engine/EngineMaterials/Substrate/Glints2/dict_0002_0092" 8102
"../../../Engine/Content/EngineMaterials/Substrate/Glints2/dict_0002_0098.uasset" 8103
"../../../Engine/Content/EngineMaterials/Substrate/Glints2/dict_0002_0099.uasset" 8104
"../../../Engine/Content/EngineMaterials/Substrate/Glints2/dict_0002_0101.uasset" 8105
"../../../Engine/Content/EngineMaterials/Substrate/Glints2/dict_0002_0097.uasset" 8106
"../../../Engine/Content/EngineMaterials/Substrate/Glints2/dict_0002_0100.uasset" 8107
"/Engine/EngineMaterials/Substrate/Glints2/dict_0002_0091" 8108
"/Engine/EngineMaterials/Substrate/Glints2/dict_0002_0090" 8109
"/Engine/EngineMaterials/Substrate/Glints2/dict_0002_0089" 8110
"/Engine/EngineMaterials/Substrate/Glints2/dict_0002_0088" 8111
"/Engine/EngineMaterials/Substrate/Glints2/dict_0002_0087" 8112
"/Engine/EngineMaterials/Substrate/Glints2/dict_0002_0086" 8113
"/Engine/EngineMaterials/Substrate/Glints2/dict_0002_0085" 8114
"/Engine/EngineMaterials/Substrate/Glints2/dict_0002_0084" 8115
"/Engine/EngineMaterials/Substrate/Glints2/dict_0002_0083" 8116
"/Engine/EngineMaterials/Substrate/Glints2/dict_0002_0082" 8117
"/Engine/EngineMaterials/Substrate/Glints2/dict_0002_0081" 8118
"/Engine/EngineMaterials/Substrate/Glints2/dict_0002_0080" 8119
"/Engine/EngineMaterials/Substrate/Glints2/dict_0002_0079" 8120
"/Engine/EngineMaterials/Substrate/Glints2/dict_0002_0078" 8121
"/Engine/EngineMaterials/Substrate/Glints2/dict_0002_0077" 8122
"/Engine/EngineMaterials/Substrate/Glints2/dict_0002_0076" 8123
"/Engine/EngineMaterials/Substrate/Glints2/dict_0002_0075" 8124
"/Engine/EngineMaterials/Substrate/Glints2/dict_0002_0074" 8125
"/Engine/EngineMaterials/Substrate/Glints2/dict_0002_0073" 8126
"/Engine/EngineMaterials/Substrate/Glints2/dict_0002_0072" 8127
"/Engine/EngineMaterials/Substrate/Glints2/dict_0002_0071" 8128
"/Engine/EngineMaterials/Substrate/Glints2/dict_0002_0070" 8129
"/Engine/EngineMaterials/Substrate/Glints2/dict_0002_0101" 8130
"../../../Engine/Content/EngineMaterials/Substrate/Glints2/dict_0002_0102.uasset" 8131
"../../../Engine/Content/EngineMaterials/Substrate/Glints2/dict_0002_0107.uasset" 8132
"../../../Engine/Content/EngineMaterials/Substrate/Glints2/dict_0002_0104.uasset" 8133
"../../../Engine/Content/EngineMaterials/Substrate/Glints2/dict_0002_0103.uasset" 8134
"../../../Engine/Content/EngineMaterials/Substrate/Glints2/dict_0002_0105.uasset" 8135
"../../../Engine/Content/EngineMaterials/Substrate/Glints2/dict_0002_0109.uasset" 8136
"/Engine/EngineMaterials/Substrate/Glints2/dict_0002_0100" 8137
"../../../Engine/Content/EngineMaterials/Substrate/Glints2/dict_0002_0117.uasset" 8138
"../../../Engine/Content/EngineMaterials/Substrate/Glints2/dict_0002_0108.uasset" 8139
"../../../Engine/Content/EngineMaterials/Substrate/Glints2/dict_0002_0114.uasset" 8140
"../../../Engine/Content/EngineMaterials/Substrate/Glints2/dict_0002_0115.uasset" 8141
"../../../Engine/Content/EngineMaterials/Substrate/Glints2/dict_0002_0121.uasset" 8142
"../../../Engine/Content/EngineMaterials/Substrate/Glints2/dict_0002_0123.uasset" 8143
"../../../Engine/Content/EngineMaterials/Substrate/Glints2/dict_0002_0111.uasset" 8144
"../../../Engine/Content/EngineMaterials/Substrate/Glints2/dict_0002_0119.uasset" 8145
"../../../Engine/Content/EngineMaterials/Substrate/Glints2/dict_0002_0120.uasset" 8146
"../../../Engine/Content/EngineMaterials/Substrate/Glints2/dict_0002_0112.uasset" 8147
"../../../Engine/Content/EngineMaterials/Substrate/Glints2/dict_0002_0116.uasset" 8148
"/Engine/EngineMaterials/Substrate/Glints2/dict_0002_0099" 8149
"../../../Engine/Content/EngineMaterials/Substrate/Glints2/dict_0002_0122.uasset" 8150
"../../../Engine/Content/EngineMaterials/Substrate/Glints2/dict_0002_0124.uasset" 8151
"../../../Engine/Content/EngineMaterials/Substrate/Glints2/dict_0002_0110.uasset" 8152
"../../../Engine/Content/EngineMaterials/Substrate/Glints2/dict_0002_0125.uasset" 8153
"../../../Engine/Content/EngineMaterials/Substrate/Glints2/dict_0002_0118.uasset" 8154
"../../../Engine/Content/EngineMaterials/Substrate/Glints2/dict_0002_0113.uasset" 8155
"/Engine/EngineMaterials/Substrate/Glints2/dict_0002_0098" 8156
"../../../Engine/Content/EngineMaterials/Substrate/Glints2/dict_0002_0106.uasset" 8157
"/Engine/EngineMaterials/Substrate/Glints2/dict_0002_0097" 8158
"/Engine/EngineMaterials/Substrate/Glints2/dict_0002_0096" 8159
"/Engine/EngineMaterials/Substrate/Glints2/dict_0002_0095" 8160
"/Engine/EngineMaterials/Substrate/Glints2/dict_0002_0094" 8161
"/Engine/EngineMaterials/Substrate/Glints2/dict_0002_0125" 8162
"../../../Engine/Content/EngineMaterials/Substrate/Glints2/dict_0002_0129.uasset" 8163
"../../../Engine/Content/EngineMaterials/Substrate/Glints2/dict_0002_0128.uasset" 8164
"../../../Engine/Content/EngineMaterials/Substrate/Glints2/dict_0002_0127.uasset" 8165
"../../../Engine/Content/EngineMaterials/Substrate/Glints2/dict_0002_0126.uasset" 8166
"../../../Engine/Content/EngineMaterials/Substrate/Glints2/dict_0002_0130.uasset" 8167
"/Engine/EngineMaterials/Substrate/Glints2/dict_0002_0124" 8168
"../../../Engine/Content/EngineMaterials/Substrate/Glints2/dict_0002_0131.uasset" 8169
"../../../Engine/Content/EngineMaterials/Substrate/Glints2/dict_0002_0133.uasset" 8170
"../../../Engine/Content/EngineMaterials/Substrate/Glints2/dict_0002_0132.uasset" 8171
"/Engine/EngineMaterials/Substrate/Glints2/dict_0002_0123" 8172
"/Engine/EngineMaterials/Substrate/Glints2/dict_0002_0122" 8173
"/Engine/EngineMaterials/Substrate/Glints2/dict_0002_0121" 8174
"/Engine/EngineMaterials/Substrate/Glints2/dict_0002_0120" 8175
"/Engine/EngineMaterials/Substrate/Glints2/dict_0002_0119" 8176
"/Engine/EngineMaterials/Substrate/Glints2/dict_0002_0118" 8177
"/Engine/EngineMaterials/Substrate/Glints2/dict_0002_0117" 8178
"/Engine/EngineMaterials/Substrate/Glints2/dict_0002_0116" 8179
"/Engine/EngineMaterials/Substrate/Glints2/dict_0002_0115" 8180
"/Engine/EngineMaterials/Substrate/Glints2/dict_0002_0114" 8181
"/Engine/EngineMaterials/Substrate/Glints2/dict_0002_0113" 8182
"/Engine/EngineMaterials/Substrate/Glints2/dict_0002_0112" 8183
"/Engine/EngineMaterials/Substrate/Glints2/dict_0002_0111" 8184
"/Engine/EngineMaterials/Substrate/Glints2/dict_0002_0110" 8185
"/Engine/EngineMaterials/Substrate/Glints2/dict_0002_0109" 8186
"/Engine/EngineMaterials/Substrate/Glints2/dict_0002_0108" 8187
"/Engine/EngineMaterials/Substrate/Glints2/dict_0002_0107" 8188
"/Engine/EngineMaterials/Substrate/Glints2/dict_0002_0106" 8189
"/Engine/EngineMaterials/Substrate/Glints2/dict_0002_0105" 8190
"/Engine/EngineMaterials/Substrate/Glints2/dict_0002_0104" 8191
"/Engine/EngineMaterials/Substrate/Glints2/dict_0002_0103" 8192
"/Engine/EngineMaterials/Substrate/Glints2/dict_0002_0102" 8193
"/Engine/EngineMaterials/Substrate/Glints2/dict_0002_0133" 8194
"../../../Engine/Content/EngineMaterials/Substrate/Glints2/dict_0002_0135.uasset" 8195
"../../../Engine/Content/EngineMaterials/Substrate/Glints2/dict_0002_0141.uasset" 8196
"/Engine/EngineMaterials/Substrate/Glints2/dict_0002_0132" 8197
"../../../Engine/Content/EngineMaterials/Substrate/Glints2/dict_0002_0139.uasset" 8198
"../../../Engine/Content/EngineMaterials/Substrate/Glints2/dict_0002_0136.uasset" 8199
"../../../Engine/Content/EngineMaterials/Substrate/Glints2/dict_0002_0137.uasset" 8200
"../../../Engine/Content/EngineMaterials/Substrate/Glints2/dict_0002_0142.uasset" 8201
"../../../Engine/Content/EngineMaterials/Substrate/Glints2/dict_0002_0143.uasset" 8202
"../../../Engine/Content/EngineMaterials/Substrate/Glints2/dict_0002_0140.uasset" 8203
"../../../Engine/Content/EngineMaterials/Substrate/Glints2/dict_0002_0144.uasset" 8204
"../../../Engine/Content/EngineMaterials/Substrate/Glints2/dict_0002_0134.uasset" 8205
"/Engine/EngineMaterials/Substrate/Glints2/dict_0002_0131" 8206
"../../../Engine/Content/EngineMaterials/Substrate/Glints2/dict_0002_0138.uasset" 8207
"../../../Engine/Content/EngineMaterials/Substrate/Glints2/dict_0002_0149.uasset" 8208
"../../../Engine/Content/EngineMaterials/Substrate/Glints2/dict_0002_0150.uasset" 8209
"../../../Engine/Content/EngineMaterials/Substrate/Glints2/dict_0002_0146.uasset" 8210
"../../../Engine/Content/EngineMaterials/Substrate/Glints2/dict_0002_0153.uasset" 8211
"../../../Engine/Content/EngineMaterials/Substrate/Glints2/dict_0002_0152.uasset" 8212
"../../../Engine/Content/EngineMaterials/Substrate/Glints2/dict_0002_0147.uasset" 8213
"../../../Engine/Content/EngineMaterials/Substrate/Glints2/dict_0002_0148.uasset" 8214
"../../../Engine/Content/EngineMaterials/Substrate/Glints2/dict_0002_0157.uasset" 8215
"../../../Engine/Content/EngineMaterials/Substrate/Glints2/dict_0002_0154.uasset" 8216
"../../../Engine/Content/EngineMaterials/Substrate/Glints2/dict_0002_0145.uasset" 8217
"../../../Engine/Content/EngineMaterials/Substrate/Glints2/dict_0002_0155.uasset" 8218
"../../../Engine/Content/EngineMaterials/Substrate/Glints2/dict_0002_0156.uasset" 8219
"../../../Engine/Content/EngineMaterials/Substrate/Glints2/dict_0002_0151.uasset" 8220
"/Engine/EngineMaterials/Substrate/Glints2/dict_0002_0130" 8221
"/Engine/EngineMaterials/Substrate/Glints2/dict_0002_0129" 8222
"/Engine/EngineMaterials/Substrate/Glints2/dict_0002_0128" 8223
"/Engine/EngineMaterials/Substrate/Glints2/dict_0002_0127" 8224
"/Engine/EngineMaterials/Substrate/Glints2/dict_0002_0126" 8225
"/Engine/EngineMaterials/Substrate/Glints2/dict_0002_0157" 8226
"../../../Engine/Content/EngineMaterials/Substrate/Glints2/dict_0002_0160.uasset" 8227
"../../../Engine/Content/EngineMaterials/Substrate/Glints2/dict_0002_0159.uasset" 8228
"/Engine/EngineMaterials/Substrate/Glints2/dict_0002_0156" 8229
"../../../Engine/Content/EngineMaterials/Substrate/Glints2/dict_0002_0158.uasset" 8230
"../../../Engine/Content/EngineMaterials/Substrate/Glints2/dict_0002_0164.uasset" 8231
"../../../Engine/Content/EngineMaterials/Substrate/Glints2/dict_0002_0165.uasset" 8232
"../../../Engine/Content/EngineMaterials/Substrate/Glints2/dict_0002_0163.uasset" 8233
"../../../Engine/Content/EngineMaterials/Substrate/Glints2/dict_0002_0162.uasset" 8234
"../../../Engine/Content/EngineMaterials/Substrate/Glints2/dict_0002_0161.uasset" 8235
"/Engine/EngineMaterials/Substrate/Glints2/dict_0002_0155" 8236
"/Engine/EngineMaterials/Substrate/Glints2/dict_0002_0154" 8237
"/Engine/EngineMaterials/Substrate/Glints2/dict_0002_0153" 8238
"/Engine/EngineMaterials/Substrate/Glints2/dict_0002_0152" 8239
"/Engine/EngineMaterials/Substrate/Glints2/dict_0002_0151" 8240
"/Engine/EngineMaterials/Substrate/Glints2/dict_0002_0150" 8241
"/Engine/EngineMaterials/Substrate/Glints2/dict_0002_0149" 8242
"/Engine/EngineMaterials/Substrate/Glints2/dict_0002_0148" 8243
"/Engine/EngineMaterials/Substrate/Glints2/dict_0002_0147" 8244
"/Engine/EngineMaterials/Substrate/Glints2/dict_0002_0146" 8245
"/Engine/EngineMaterials/Substrate/Glints2/dict_0002_0145" 8246
"/Engine/EngineMaterials/Substrate/Glints2/dict_0002_0144" 8247
"/Engine/EngineMaterials/Substrate/Glints2/dict_0002_0143" 8248
"/Engine/EngineMaterials/Substrate/Glints2/dict_0002_0142" 8249
"/Engine/EngineMaterials/Substrate/Glints2/dict_0002_0141" 8250
"/Engine/EngineMaterials/Substrate/Glints2/dict_0002_0140" 8251
"/Engine/EngineMaterials/Substrate/Glints2/dict_0002_0139" 8252
"/Engine/EngineMaterials/Substrate/Glints2/dict_0002_0138" 8253
"/Engine/EngineMaterials/Substrate/Glints2/dict_0002_0137" 8254
"/Engine/EngineMaterials/Substrate/Glints2/dict_0002_0136" 8255
"/Engine/EngineMaterials/Substrate/Glints2/dict_0002_0135" 8256
"/Engine/EngineMaterials/Substrate/Glints2/dict_0002_0134" 8257
"/Engine/EngineMaterials/Substrate/Glints2/dict_0002_0165" 8258
"../../../Engine/Content/EngineMaterials/Substrate/Glints2/dict_0002_0167.uasset" 8259
"../../../Engine/Content/EngineMaterials/Substrate/Glints2/dict_0002_0168.uasset" 8260
"../../../Engine/Content/EngineMaterials/Substrate/Glints2/dict_0002_0169.uasset" 8261
"../../../Engine/Content/EngineMaterials/Substrate/Glints2/dict_0002_0171.uasset" 8262
"/Engine/EngineMaterials/Substrate/Glints2/dict_0002_0164" 8263
"../../../Engine/Content/EngineMaterials/Substrate/Glints2/dict_0002_0166.uasset" 8264
"../../../Engine/Content/EngineMaterials/Substrate/Glints2/dict_0002_0174.uasset" 8265
"../../../Engine/Content/EngineMaterials/Substrate/Glints2/dict_0002_0172.uasset" 8266
"../../../Engine/Content/EngineMaterials/Substrate/Glints2/dict_0002_0176.uasset" 8267
"/Engine/EngineMaterials/Substrate/Glints2/dict_0002_0163" 8268
"../../../Engine/Content/EngineMaterials/Substrate/Glints2/dict_0002_0173.uasset" 8269
"../../../Engine/Content/EngineMaterials/Substrate/Glints2/dict_0002_0181.uasset" 8270
"../../../Engine/Content/EngineMaterials/Substrate/Glints2/dict_0002_0175.uasset" 8271
"../../../Engine/Content/EngineMaterials/Substrate/Glints2/dict_0002_0170.uasset" 8272
"../../../Engine/Content/EngineMaterials/Substrate/Glints2/dict_0002_0179.uasset" 8273
"../../../Engine/Content/EngineMaterials/Substrate/Glints2/dict_0002_0178.uasset" 8274
"../../../Engine/Content/EngineMaterials/Substrate/Glints2/dict_0002_0183.uasset" 8275
"../../../Engine/Content/EngineMaterials/Substrate/Glints2/dict_0002_0177.uasset" 8276
"../../../Engine/Content/EngineMaterials/Substrate/Glints2/dict_0002_0189.uasset" 8277
"../../../Engine/Content/EngineMaterials/Substrate/Glints2/dict_0002_0184.uasset" 8278
"../../../Engine/Content/EngineMaterials/Substrate/Glints2/dict_0002_0185.uasset" 8279
"../../../Engine/Content/EngineMaterials/Substrate/Glints2/dict_0002_0180.uasset" 8280
"../../../Engine/Content/EngineMaterials/Substrate/Glints2/dict_0002_0187.uasset" 8281
"../../../Engine/Content/EngineMaterials/Substrate/Glints2/dict_0002_0186.uasset" 8282
"../../../Engine/Content/EngineMaterials/Substrate/Glints2/dict_0002_0188.uasset" 8283
"/Engine/EngineMaterials/Substrate/Glints2/dict_0002_0162" 8284
"../../../Engine/Content/EngineMaterials/Substrate/Glints2/dict_0002_0182.uasset" 8285
"/Engine/EngineMaterials/Substrate/Glints2/dict_0002_0161" 8286
"/Engine/EngineMaterials/Substrate/Glints2/dict_0002_0160" 8287
"/Engine/EngineMaterials/Substrate/Glints2/dict_0002_0159" 8288
"/Engine/EngineMaterials/Substrate/Glints2/dict_0002_0158" 8289
"/Engine/EngineMaterials/Substrate/Glints2/dict_0002_0189" 8290
"../../../Engine/Content/EngineMaterials/Substrate/Glints2/dict_0002_0191.uasset" 8291
"../../../Engine/Content/EngineMaterials/Substrate/Glints2/dict_0002_0190.uasset" 8292
"../../../Engine/Content/EngineMaterials/Substrate/Glints2/dict_0002_0192.uasset" 8293
"/Engine/EngineMaterials/Substrate/Glints2/dict_0002_0188" 8294
"../../../Engine/Content/EngineMaterials/Substrate/Glints2/dict_0002_0194.uasset" 8295
"../../../Engine/Content/EngineMaterials/Substrate/Glints2/dict_0002_0193.uasset" 8296
"../../../Engine/Content/EngineMaterials/Substrate/Glints2/dict_0002_0195.uasset" 8297
"../../../Engine/Content/EngineMaterials/Substrate/Glints2/dict_0002_0197.uasset" 8298
"../../../Engine/Content/EngineMaterials/Substrate/Glints2/dict_0002_0196.uasset" 8299
"/Engine/EngineMaterials/Substrate/Glints2/dict_0002_0187" 8300
"/Engine/EngineMaterials/Substrate/Glints2/dict_0002_0186" 8301
"/Engine/EngineMaterials/Substrate/Glints2/dict_0002_0185" 8302
"/Engine/EngineMaterials/Substrate/Glints2/dict_0002_0184" 8303
"/Engine/EngineMaterials/Substrate/Glints2/dict_0002_0183" 8304
"/Engine/EngineMaterials/Substrate/Glints2/dict_0002_0182" 8305
"/Engine/EngineMaterials/Substrate/Glints2/dict_0002_0181" 8306
"/Engine/EngineMaterials/Substrate/Glints2/dict_0002_0180" 8307
"/Engine/EngineMaterials/Substrate/Glints2/dict_0002_0179" 8308
"/Engine/EngineMaterials/Substrate/Glints2/dict_0002_0178" 8309
"/Engine/EngineMaterials/Substrate/Glints2/dict_0002_0177" 8310
"/Engine/EngineMaterials/Substrate/Glints2/dict_0002_0176" 8311
"/Engine/EngineMaterials/Substrate/Glints2/dict_0002_0175" 8312
"/Engine/EngineMaterials/Substrate/Glints2/dict_0002_0174" 8313
"/Engine/EngineMaterials/Substrate/Glints2/dict_0002_0173" 8314
"/Engine/EngineMaterials/Substrate/Glints2/dict_0002_0172" 8315
"/Engine/EngineMaterials/Substrate/Glints2/dict_0002_0171" 8316
"/Engine/EngineMaterials/Substrate/Glints2/dict_0002_0170" 8317
"/Engine/EngineMaterials/Substrate/Glints2/dict_0002_0169" 8318
"/Engine/EngineMaterials/Substrate/Glints2/dict_0002_0168" 8319
"/Engine/EngineMaterials/Substrate/Glints2/dict_0002_0167" 8320
"/Engine/EngineMaterials/Substrate/Glints2/dict_0002_0166" 8321
"/Engine/EngineMaterials/Substrate/Glints2/dict_0002_0197" 8322
"../../../Engine/Content/EngineMaterials/Substrate/Glints2/dict_0002_0199.uasset" 8323
"../../../Engine/Content/EngineMaterials/Substrate/Glints2/dict_0002_0201.uasset" 8324
"../../../Engine/Content/EngineMaterials/Substrate/Glints2/dict_0002_0203.uasset" 8325
"../../../Engine/Content/EngineMaterials/Substrate/Glints2/dict_0002_0200.uasset" 8326
"../../../Engine/Content/EngineMaterials/Substrate/Glints2/dict_0002_0198.uasset" 8327
"../../../Engine/Content/EngineMaterials/Substrate/Glints2/dict_0002_0204.uasset" 8328
"../../../Engine/Content/EngineMaterials/Substrate/Glints2/dict_0002_0206.uasset" 8329
"../../../Engine/Content/EngineMaterials/Substrate/Glints2/dict_0002_0214.uasset" 8330
"../../../Engine/Content/EngineMaterials/Substrate/Glints2/dict_0002_0205.uasset" 8331
"../../../Engine/Content/EngineMaterials/Substrate/Glints2/dict_0002_0202.uasset" 8332
"../../../Engine/Content/EngineMaterials/Substrate/Glints2/dict_0002_0211.uasset" 8333
"../../../Engine/Content/EngineMaterials/Substrate/Glints2/dict_0002_0216.uasset" 8334
"/Engine/EngineMaterials/Substrate/Glints2/dict_0002_0196" 8335
"../../../Engine/Content/EngineMaterials/Substrate/Glints2/dict_0002_0207.uasset" 8336
"../../../Engine/Content/EngineMaterials/Substrate/Glints2/dict_0002_0209.uasset" 8337
"../../../Engine/Content/EngineMaterials/Substrate/Glints2/dict_0002_0217.uasset" 8338
"../../../Engine/Content/EngineMaterials/Substrate/Glints2/dict_0002_0212.uasset" 8339
"../../../Engine/Content/EngineMaterials/Substrate/Glints2/dict_0002_0218.uasset" 8340
"../../../Engine/Content/EngineMaterials/Substrate/Glints2/dict_0002_0221.uasset" 8341
"../../../Engine/Content/EngineMaterials/Substrate/Glints2/dict_0002_0215.uasset" 8342
"../../../Engine/Content/EngineMaterials/Substrate/Glints2/dict_0002_0220.uasset" 8343
"../../../Engine/Content/EngineMaterials/Substrate/Glints2/dict_0002_0208.uasset" 8344
"../../../Engine/Content/EngineMaterials/Substrate/Glints2/dict_0002_0210.uasset" 8345
"../../../Engine/Content/EngineMaterials/Substrate/Glints2/dict_0002_0213.uasset" 8346
"../../../Engine/Content/EngineMaterials/Substrate/Glints2/dict_0002_0219.uasset" 8347
"/Engine/EngineMaterials/Substrate/Glints2/dict_0002_0195" 8348
"/Engine/EngineMaterials/Substrate/Glints2/dict_0002_0194" 8349
"/Engine/EngineMaterials/Substrate/Glints2/dict_0002_0193" 8350
"/Engine/EngineMaterials/Substrate/Glints2/dict_0002_0192" 8351
"/Engine/EngineMaterials/Substrate/Glints2/dict_0002_0191" 8352
"/Engine/EngineMaterials/Substrate/Glints2/dict_0002_0190" 8353
"/Engine/EngineMaterials/Substrate/Glints2/dict_0002_0221" 8354
"../../../Engine/Content/EngineMaterials/Substrate/Glints2/dict_0002_0222.uasset" 8355
"/Engine/EngineMaterials/Substrate/Glints2/dict_0002_0220" 8356
"../../../Engine/Content/EngineMaterials/Substrate/Glints2/dict_0002_0224.uasset" 8357
"../../../Engine/Content/EngineMaterials/Substrate/Glints2/dict_0002_0223.uasset" 8358
"../../../Engine/Content/EngineMaterials/Substrate/Glints2/dict_0002_0226.uasset" 8359
"../../../Engine/Content/EngineMaterials/Substrate/Glints2/dict_0002_0227.uasset" 8360
"../../../Engine/Content/EngineMaterials/Substrate/Glints2/dict_0002_0229.uasset" 8361
"/Engine/EngineMaterials/Substrate/Glints2/dict_0002_0219" 8362
"../../../Engine/Content/EngineMaterials/Substrate/Glints2/dict_0002_0228.uasset" 8363
"../../../Engine/Content/EngineMaterials/Substrate/Glints2/dict_0002_0225.uasset" 8364
"/Engine/EngineMaterials/Substrate/Glints2/dict_0002_0218" 8365
"/Engine/EngineMaterials/Substrate/Glints2/dict_0002_0217" 8366
"/Engine/EngineMaterials/Substrate/Glints2/dict_0002_0216" 8367
"/Engine/EngineMaterials/Substrate/Glints2/dict_0002_0215" 8368
"/Engine/EngineMaterials/Substrate/Glints2/dict_0002_0214" 8369
"/Engine/EngineMaterials/Substrate/Glints2/dict_0002_0213" 8370
"/Engine/EngineMaterials/Substrate/Glints2/dict_0002_0212" 8371
"/Engine/EngineMaterials/Substrate/Glints2/dict_0002_0211" 8372
"/Engine/EngineMaterials/Substrate/Glints2/dict_0002_0210" 8373
"/Engine/EngineMaterials/Substrate/Glints2/dict_0002_0209" 8374
"/Engine/EngineMaterials/Substrate/Glints2/dict_0002_0208" 8375
"/Engine/EngineMaterials/Substrate/Glints2/dict_0002_0207" 8376
"/Engine/EngineMaterials/Substrate/Glints2/dict_0002_0206" 8377
"/Engine/EngineMaterials/Substrate/Glints2/dict_0002_0205" 8378
"/Engine/EngineMaterials/Substrate/Glints2/dict_0002_0204" 8379
"/Engine/EngineMaterials/Substrate/Glints2/dict_0002_0203" 8380
"/Engine/EngineMaterials/Substrate/Glints2/dict_0002_0202" 8381
"/Engine/EngineMaterials/Substrate/Glints2/dict_0002_0201" 8382
"/Engine/EngineMaterials/Substrate/Glints2/dict_0002_0200" 8383
"/Engine/EngineMaterials/Substrate/Glints2/dict_0002_0199" 8384
"/Engine/EngineMaterials/Substrate/Glints2/dict_0002_0198" 8385
"/Engine/EngineMaterials/Substrate/Glints2/dict_0002_0229" 8386
"/Engine/EngineMaterials/Substrate/Glints2/dict_0002_0228" 8387
"../../../Engine/Content/EngineMaterials/Substrate/Glints2/dict_0002_0231.uasset" 8388
"../../../Engine/Content/EngineMaterials/Substrate/Glints2/dict_0002_0230.uasset" 8389
"/Engine/EngineMaterials/Substrate/Glints2/dict_0002_0227" 8390
"../../../Engine/Content/EngineMaterials/Substrate/Glints2/dict_0002_0233.uasset" 8391
"../../../Engine/Content/EngineMaterials/Substrate/Glints2/dict_0002_0236.uasset" 8392
"../../../Engine/Content/EngineMaterials/Substrate/Glints2/dict_0002_0238.uasset" 8393
"../../../Engine/Content/EngineMaterials/Substrate/Glints2/dict_0002_0242.uasset" 8394
"../../../Engine/Content/EngineMaterials/Substrate/Glints2/dict_0002_0234.uasset" 8395
"../../../Engine/Content/EngineMaterials/Substrate/Glints2/dict_0002_0241.uasset" 8396
"/Engine/EngineMaterials/Substrate/Glints2/dict_0002_0226" 8397
"../../../Engine/Content/EngineMaterials/Substrate/Glints2/dict_0002_0239.uasset" 8398
"../../../Engine/Content/EngineMaterials/Substrate/Glints2/dict_0002_0247.uasset" 8399
"../../../Engine/Content/EngineMaterials/Substrate/Glints2/dict_0002_0232.uasset" 8400
"../../../Engine/Content/EngineMaterials/Substrate/Glints2/dict_0002_0235.uasset" 8401
"/Engine/EngineMaterials/Substrate/Glints2/dict_0002_0225" 8402
"../../../Engine/Content/EngineMaterials/Substrate/Glints2/dict_0002_0245.uasset" 8403
"../../../Engine/Content/EngineMaterials/Substrate/Glints2/dict_0002_0252.uasset" 8404
"../../../Engine/Content/EngineMaterials/Substrate/Glints2/dict_0002_0248.uasset" 8405
"../../../Engine/Content/EngineMaterials/Substrate/Glints2/dict_0002_0246.uasset" 8406
"../../../Engine/Content/EngineMaterials/Substrate/Glints2/dict_0002_0250.uasset" 8407
"../../../Engine/Content/EngineMaterials/Substrate/Glints2/dict_0002_0251.uasset" 8408
"../../../Engine/Content/EngineMaterials/Substrate/Glints2/dict_0002_0244.uasset" 8409
"../../../Engine/Content/EngineMaterials/Substrate/Glints2/dict_0002_0243.uasset" 8410
"../../../Engine/Content/EngineMaterials/Substrate/Glints2/dict_0002_0249.uasset" 8411
"../../../Engine/Content/EngineMaterials/Substrate/Glints2/dict_0002_0253.uasset" 8412
"../../../Engine/Content/EngineMaterials/Substrate/Glints2/dict_0002_0237.uasset" 8413
"../../../Engine/Content/EngineMaterials/Substrate/Glints2/dict_0002_0240.uasset" 8414
"/Engine/EngineMaterials/Substrate/Glints2/dict_0002_0224" 8415
"/Engine/EngineMaterials/Substrate/Glints2/dict_0002_0223" 8416
"/Engine/EngineMaterials/Substrate/Glints2/dict_0002_0222" 8417
"/Engine/EngineMaterials/Substrate/Glints2/dict_0002_0253" 8418
"../../../Engine/Content/EngineMaterials/Substrate/Glints2/dict_0003_0000.uasset" 8419
"../../../Engine/Content/EngineMaterials/Substrate/Glints2/dict_0002_0254.uasset" 8420
"../../../Engine/Content/EngineMaterials/Substrate/Glints2/dict_0003_0001.uasset" 8421
"../../../Engine/Content/EngineMaterials/Substrate/Glints2/dict_0002_0255.uasset" 8422
"../../../Engine/Content/EngineMaterials/Substrate/Glints2/dict_0003_0002.uasset" 8423
"../../../Engine/Content/EngineMaterials/Substrate/Glints2/dict_0003_0003.uasset" 8424
"../../../Engine/Content/EngineMaterials/Substrate/Glints2/dict_0003_0004.uasset" 8425
"../../../Engine/Content/EngineMaterials/Substrate/Glints2/dict_0003_0005.uasset" 8426
"/Engine/EngineMaterials/Substrate/Glints2/dict_0002_0252" 8427
"/Engine/EngineMaterials/Substrate/Glints2/dict_0002_0251" 8428
"/Engine/EngineMaterials/Substrate/Glints2/dict_0002_0250" 8429
"/Engine/EngineMaterials/Substrate/Glints2/dict_0002_0249" 8430
"/Engine/EngineMaterials/Substrate/Glints2/dict_0002_0248" 8431
"/Engine/EngineMaterials/Substrate/Glints2/dict_0002_0247" 8432
"/Engine/EngineMaterials/Substrate/Glints2/dict_0002_0246" 8433
"/Engine/EngineMaterials/Substrate/Glints2/dict_0002_0245" 8434
"/Engine/EngineMaterials/Substrate/Glints2/dict_0002_0244" 8435
"/Engine/EngineMaterials/Substrate/Glints2/dict_0002_0243" 8436
"/Engine/EngineMaterials/Substrate/Glints2/dict_0002_0242" 8437
"/Engine/EngineMaterials/Substrate/Glints2/dict_0002_0241" 8438
"/Engine/EngineMaterials/Substrate/Glints2/dict_0002_0240" 8439
"/Engine/EngineMaterials/Substrate/Glints2/dict_0002_0239" 8440
"/Engine/EngineMaterials/Substrate/Glints2/dict_0002_0238" 8441
"/Engine/EngineMaterials/Substrate/Glints2/dict_0002_0237" 8442
"/Engine/EngineMaterials/Substrate/Glints2/dict_0002_0236" 8443
"/Engine/EngineMaterials/Substrate/Glints2/dict_0002_0235" 8444
"/Engine/EngineMaterials/Substrate/Glints2/dict_0002_0234" 8445
"/Engine/EngineMaterials/Substrate/Glints2/dict_0002_0233" 8446
"/Engine/EngineMaterials/Substrate/Glints2/dict_0002_0232" 8447
"/Engine/EngineMaterials/Substrate/Glints2/dict_0002_0231" 8448
"/Engine/EngineMaterials/Substrate/Glints2/dict_0002_0230" 8449
"/Engine/EngineMaterials/Substrate/Glints2/dict_0003_0005" 8450
"../../../Engine/Content/EngineMaterials/Substrate/Glints2/dict_0003_0010.uasset" 8451
"../../../Engine/Content/EngineMaterials/Substrate/Glints2/dict_0003_0008.uasset" 8452
"../../../Engine/Content/EngineMaterials/Substrate/Glints2/dict_0003_0006.uasset" 8453
"../../../Engine/Content/EngineMaterials/Substrate/Glints2/dict_0003_0007.uasset" 8454
"../../../Engine/Content/EngineMaterials/Substrate/Glints2/dict_0003_0013.uasset" 8455
"/Engine/EngineMaterials/Substrate/Glints2/dict_0003_0004" 8456
"../../../Engine/Content/EngineMaterials/Substrate/Glints2/dict_0003_0009.uasset" 8457
"../../../Engine/Content/EngineMaterials/Substrate/Glints2/dict_0003_0011.uasset" 8458
"../../../Engine/Content/EngineMaterials/Substrate/Glints2/dict_0003_0012.uasset" 8459
"../../../Engine/Content/EngineMaterials/Substrate/Glints2/dict_0003_0016.uasset" 8460
"/Engine/EngineMaterials/Substrate/Glints2/dict_0003_0003" 8461
"../../../Engine/Content/EngineMaterials/Substrate/Glints2/dict_0003_0014.uasset" 8462
"../../../Engine/Content/EngineMaterials/Substrate/Glints2/dict_0003_0023.uasset" 8463
"../../../Engine/Content/EngineMaterials/Substrate/Glints2/dict_0003_0017.uasset" 8464
"../../../Engine/Content/EngineMaterials/Substrate/Glints2/dict_0003_0027.uasset" 8465
"../../../Engine/Content/EngineMaterials/Substrate/Glints2/dict_0003_0025.uasset" 8466
"../../../Engine/Content/EngineMaterials/Substrate/Glints2/dict_0003_0018.uasset" 8467
"../../../Engine/Content/EngineMaterials/Substrate/Glints2/dict_0003_0020.uasset" 8468
"../../../Engine/Content/EngineMaterials/Substrate/Glints2/dict_0003_0022.uasset" 8469
"../../../Engine/Content/EngineMaterials/Substrate/Glints2/dict_0003_0015.uasset" 8470
"../../../Engine/Content/EngineMaterials/Substrate/Glints2/dict_0003_0024.uasset" 8471
"../../../Engine/Content/EngineMaterials/Substrate/Glints2/dict_0003_0028.uasset" 8472
"../../../Engine/Content/EngineMaterials/Substrate/Glints2/dict_0003_0021.uasset" 8473
"../../../Engine/Content/EngineMaterials/Substrate/Glints2/dict_0003_0019.uasset" 8474
"../../../Engine/Content/EngineMaterials/Substrate/Glints2/dict_0003_0026.uasset" 8475
"../../../Engine/Content/EngineMaterials/Substrate/Glints2/dict_0003_0029.uasset" 8476
"/Engine/EngineMaterials/Substrate/Glints2/dict_0003_0002" 8477
"/Engine/EngineMaterials/Substrate/Glints2/dict_0003_0001" 8478
"/Engine/EngineMaterials/Substrate/Glints2/dict_0003_0000" 8479
"/Engine/EngineMaterials/Substrate/Glints2/dict_0002_0255" 8480
"/Engine/EngineMaterials/Substrate/Glints2/dict_0002_0254" 8481
"/Engine/EngineMaterials/Substrate/Glints2/dict_0003_0029" 8482
"../../../Engine/Content/EngineMaterials/Substrate/Glints2/dict_0003_0030.uasset" 8483
"../../../Engine/Content/EngineMaterials/Substrate/Glints2/dict_0003_0031.uasset" 8484
"../../../Engine/Content/EngineMaterials/Substrate/Glints2/dict_0003_0033.uasset" 8485
"../../../Engine/Content/EngineMaterials/Substrate/Glints2/dict_0003_0032.uasset" 8486
"../../../Engine/Content/EngineMaterials/Substrate/Glints2/dict_0003_0036.uasset" 8487
"../../../Engine/Content/EngineMaterials/Substrate/Glints2/dict_0003_0035.uasset" 8488
"/Engine/EngineMaterials/Substrate/Glints2/dict_0003_0028" 8489
"../../../Engine/Content/EngineMaterials/Substrate/Glints2/dict_0003_0037.uasset" 8490
"../../../Engine/Content/EngineMaterials/Substrate/Glints2/dict_0003_0034.uasset" 8491
"/Engine/EngineMaterials/Substrate/Glints2/dict_0003_0027" 8492
"/Engine/EngineMaterials/Substrate/Glints2/dict_0003_0026" 8493
"/Engine/EngineMaterials/Substrate/Glints2/dict_0003_0025" 8494
"/Engine/EngineMaterials/Substrate/Glints2/dict_0003_0024" 8495
"/Engine/EngineMaterials/Substrate/Glints2/dict_0003_0023" 8496
"/Engine/EngineMaterials/Substrate/Glints2/dict_0003_0022" 8497
"/Engine/EngineMaterials/Substrate/Glints2/dict_0003_0021" 8498
"/Engine/EngineMaterials/Substrate/Glints2/dict_0003_0020" 8499
"/Engine/EngineMaterials/Substrate/Glints2/dict_0003_0019" 8500
"/Engine/EngineMaterials/Substrate/Glints2/dict_0003_0018" 8501
"/Engine/EngineMaterials/Substrate/Glints2/dict_0003_0017" 8502
"/Engine/EngineMaterials/Substrate/Glints2/dict_0003_0016" 8503
"/Engine/EngineMaterials/Substrate/Glints2/dict_0003_0015" 8504
"/Engine/EngineMaterials/Substrate/Glints2/dict_0003_0014" 8505
"/Engine/EngineMaterials/Substrate/Glints2/dict_0003_0013" 8506
"/Engine/EngineMaterials/Substrate/Glints2/dict_0003_0012" 8507
"/Engine/EngineMaterials/Substrate/Glints2/dict_0003_0011" 8508
"/Engine/EngineMaterials/Substrate/Glints2/dict_0003_0010" 8509
"/Engine/EngineMaterials/Substrate/Glints2/dict_0003_0009" 8510
"/Engine/EngineMaterials/Substrate/Glints2/dict_0003_0008" 8511
"/Engine/EngineMaterials/Substrate/Glints2/dict_0003_0007" 8512
"/Engine/EngineMaterials/Substrate/Glints2/dict_0003_0006" 8513
"/Engine/EngineMaterials/Substrate/Glints2/dict_0003_0037" 8514
"../../../Engine/Content/EngineMaterials/Substrate/Glints2/dict_0003_0045.uasset" 8515
"../../../Engine/Content/EngineMaterials/Substrate/Glints2/dict_0003_0038.uasset" 8516
"../../../Engine/Content/EngineMaterials/Substrate/Glints2/dict_0003_0039.uasset" 8517
"../../../Engine/Content/EngineMaterials/Substrate/Glints2/dict_0003_0041.uasset" 8518
"../../../Engine/Content/EngineMaterials/Substrate/Glints2/dict_0003_0040.uasset" 8519
"/Engine/EngineMaterials/Substrate/Glints2/dict_0003_0036" 8520
"../../../Engine/Content/EngineMaterials/Substrate/Glints2/dict_0003_0043.uasset" 8521
"../../../Engine/Content/EngineMaterials/Substrate/Glints2/dict_0003_0047.uasset" 8522
"../../../Engine/Content/EngineMaterials/Substrate/Glints2/dict_0003_0042.uasset" 8523
"../../../Engine/Content/EngineMaterials/Substrate/Glints2/dict_0003_0049.uasset" 8524
"../../../Engine/Content/EngineMaterials/Substrate/Glints2/dict_0003_0044.uasset" 8525
"../../../Engine/Content/EngineMaterials/Substrate/Glints2/dict_0003_0050.uasset" 8526
"/Engine/EngineMaterials/Substrate/Glints2/dict_0003_0035" 8527
"../../../Engine/Content/EngineMaterials/Substrate/Glints2/dict_0003_0046.uasset" 8528
"../../../Engine/Content/EngineMaterials/Substrate/Glints2/dict_0003_0053.uasset" 8529
"../../../Engine/Content/EngineMaterials/Substrate/Glints2/dict_0003_0052.uasset" 8530
"../../../Engine/Content/EngineMaterials/Substrate/Glints2/dict_0003_0048.uasset" 8531
"../../../Engine/Content/EngineMaterials/Substrate/Glints2/dict_0003_0051.uasset" 8532
"../../../Engine/Content/EngineMaterials/Substrate/Glints2/dict_0003_0054.uasset" 8533
"../../../Engine/Content/EngineMaterials/Substrate/Glints2/dict_0003_0055.uasset" 8534
"/Engine/EngineMaterials/Substrate/Glints2/dict_0003_0034" 8535
"../../../Engine/Content/EngineMaterials/Substrate/Glints2/dict_0003_0060.uasset" 8536
"../../../Engine/Content/EngineMaterials/Substrate/Glints2/dict_0003_0058.uasset" 8537
"../../../Engine/Content/EngineMaterials/Substrate/Glints2/dict_0003_0059.uasset" 8538
"../../../Engine/Content/EngineMaterials/Substrate/Glints2/dict_0003_0057.uasset" 8539
"../../../Engine/Content/EngineMaterials/Substrate/Glints2/dict_0003_0061.uasset" 8540
"../../../Engine/Content/EngineMaterials/Substrate/Glints2/dict_0003_0056.uasset" 8541
"/Engine/EngineMaterials/Substrate/Glints2/dict_0003_0033" 8542
"/Engine/EngineMaterials/Substrate/Glints2/dict_0003_0032" 8543
"/Engine/EngineMaterials/Substrate/Glints2/dict_0003_0031" 8544
"/Engine/EngineMaterials/Substrate/Glints2/dict_0003_0030" 8545
"/Engine/EngineMaterials/Substrate/Glints2/dict_0003_0061" 8546
"../../../Engine/Content/EngineMaterials/Substrate/Glints2/dict_0003_0066.uasset" 8547
"/Engine/EngineMaterials/Substrate/Glints2/dict_0003_0060" 8548
"../../../Engine/Content/EngineMaterials/Substrate/Glints2/dict_0003_0068.uasset" 8549
"../../../Engine/Content/EngineMaterials/Substrate/Glints2/dict_0003_0065.uasset" 8550
"../../../Engine/Content/EngineMaterials/Substrate/Glints2/dict_0003_0067.uasset" 8551
"../../../Engine/Content/EngineMaterials/Substrate/Glints2/dict_0003_0069.uasset" 8552
"../../../Engine/Content/EngineMaterials/Substrate/Glints2/dict_0003_0064.uasset" 8553
"../../../Engine/Content/EngineMaterials/Substrate/Glints2/dict_0003_0063.uasset" 8554
"../../../Engine/Content/EngineMaterials/Substrate/Glints2/dict_0003_0062.uasset" 8555
"/Engine/EngineMaterials/Substrate/Glints2/dict_0003_0059" 8556
"/Engine/EngineMaterials/Substrate/Glints2/dict_0003_0058" 8557
"/Engine/EngineMaterials/Substrate/Glints2/dict_0003_0057" 8558
"/Engine/EngineMaterials/Substrate/Glints2/dict_0003_0056" 8559
"/Engine/EngineMaterials/Substrate/Glints2/dict_0003_0055" 8560
"/Engine/EngineMaterials/Substrate/Glints2/dict_0003_0054" 8561
"/Engine/EngineMaterials/Substrate/Glints2/dict_0003_0053" 8562
"/Engine/EngineMaterials/Substrate/Glints2/dict_0003_0052" 8563
"/Engine/EngineMaterials/Substrate/Glints2/dict_0003_0051" 8564
"/Engine/EngineMaterials/Substrate/Glints2/dict_0003_0050" 8565
"/Engine/EngineMaterials/Substrate/Glints2/dict_0003_0049" 8566
"/Engine/EngineMaterials/Substrate/Glints2/dict_0003_0048" 8567
"/Engine/EngineMaterials/Substrate/Glints2/dict_0003_0047" 8568
"/Engine/EngineMaterials/Substrate/Glints2/dict_0003_0046" 8569
"/Engine/EngineMaterials/Substrate/Glints2/dict_0003_0045" 8570
"/Engine/EngineMaterials/Substrate/Glints2/dict_0003_0044" 8571
"/Engine/EngineMaterials/Substrate/Glints2/dict_0003_0043" 8572
"/Engine/EngineMaterials/Substrate/Glints2/dict_0003_0042" 8573
"/Engine/EngineMaterials/Substrate/Glints2/dict_0003_0041" 8574
"/Engine/EngineMaterials/Substrate/Glints2/dict_0003_0040" 8575
"/Engine/EngineMaterials/Substrate/Glints2/dict_0003_0039" 8576
"/Engine/EngineMaterials/Substrate/Glints2/dict_0003_0038" 8577
"/Engine/EngineMaterials/Substrate/Glints2/dict_0003_0069" 8578
"../../../Engine/Content/EngineMaterials/Substrate/Glints2/dict_0003_0071.uasset" 8579
"../../../Engine/Content/EngineMaterials/Substrate/Glints2/dict_0003_0070.uasset" 8580
"../../../Engine/Content/EngineMaterials/Substrate/Glints2/dict_0003_0072.uasset" 8581
"../../../Engine/Content/EngineMaterials/Substrate/Glints2/dict_0003_0074.uasset" 8582
"/Engine/EngineMaterials/Substrate/Glints2/dict_0003_0068" 8583
"../../../Engine/Content/EngineMaterials/Substrate/Glints2/dict_0003_0073.uasset" 8584
"../../../Engine/Content/EngineMaterials/Substrate/Glints2/dict_0003_0080.uasset" 8585
"../../../Engine/Content/EngineMaterials/Substrate/Glints2/dict_0003_0077.uasset" 8586
"/Engine/EngineMaterials/Substrate/Glints2/dict_0003_0067" 8587
"../../../Engine/Content/EngineMaterials/Substrate/Glints2/dict_0003_0076.uasset" 8588
"../../../Engine/Content/EngineMaterials/Substrate/Glints2/dict_0003_0075.uasset" 8589
"../../../Engine/Content/EngineMaterials/Substrate/Glints2/dict_0003_0079.uasset" 8590
"../../../Engine/Content/EngineMaterials/Substrate/Glints2/dict_0003_0082.uasset" 8591
"/Engine/EngineMaterials/Substrate/Glints2/dict_0003_0066" 8592
"../../../Engine/Content/EngineMaterials/Substrate/Glints2/dict_0003_0081.uasset" 8593
"../../../Engine/Content/EngineMaterials/Substrate/Glints2/dict_0003_0088.uasset" 8594
"../../../Engine/Content/EngineMaterials/Substrate/Glints2/dict_0003_0089.uasset" 8595
"../../../Engine/Content/EngineMaterials/Substrate/Glints2/dict_0003_0085.uasset" 8596
"../../../Engine/Content/EngineMaterials/Substrate/Glints2/dict_0003_0084.uasset" 8597
"../../../Engine/Content/EngineMaterials/Substrate/Glints2/dict_0003_0086.uasset" 8598
"../../../Engine/Content/EngineMaterials/Substrate/Glints2/dict_0003_0091.uasset" 8599
"../../../Engine/Content/EngineMaterials/Substrate/Glints2/dict_0003_0078.uasset" 8600
"../../../Engine/Content/EngineMaterials/Substrate/Glints2/dict_0003_0092.uasset" 8601
"../../../Engine/Content/EngineMaterials/Substrate/Glints2/dict_0003_0090.uasset" 8602
"../../../Engine/Content/EngineMaterials/Substrate/Glints2/dict_0003_0093.uasset" 8603
"../../../Engine/Content/EngineMaterials/Substrate/Glints2/dict_0003_0087.uasset" 8604
"../../../Engine/Content/EngineMaterials/Substrate/Glints2/dict_0003_0083.uasset" 8605
"/Engine/EngineMaterials/Substrate/Glints2/dict_0003_0065" 8606
"/Engine/EngineMaterials/Substrate/Glints2/dict_0003_0064" 8607
"/Engine/EngineMaterials/Substrate/Glints2/dict_0003_0063" 8608
"/Engine/EngineMaterials/Substrate/Glints2/dict_0003_0062" 8609
"/Engine/EngineMaterials/Substrate/Glints2/dict_0003_0093" 8610
"../../../Engine/Content/EngineMaterials/Substrate/Glints2/dict_0003_0099.uasset" 8611
"../../../Engine/Content/EngineMaterials/Substrate/Glints2/dict_0003_0095.uasset" 8612
"/Engine/EngineMaterials/Substrate/Glints2/dict_0003_0092" 8613
"../../../Engine/Content/EngineMaterials/Substrate/Glints2/dict_0003_0097.uasset" 8614
"../../../Engine/Content/EngineMaterials/Substrate/Glints2/dict_0003_0098.uasset" 8615
"../../../Engine/Content/EngineMaterials/Substrate/Glints2/dict_0003_0094.uasset" 8616
"../../../Engine/Content/EngineMaterials/Substrate/Glints2/dict_0003_0100.uasset" 8617
"../../../Engine/Content/EngineMaterials/Substrate/Glints2/dict_0003_0101.uasset" 8618
"../../../Engine/Content/EngineMaterials/Substrate/Glints2/dict_0003_0096.uasset" 8619
"/Engine/EngineMaterials/Substrate/Glints2/dict_0003_0091" 8620
"/Engine/EngineMaterials/Substrate/Glints2/dict_0003_0090" 8621
"/Engine/EngineMaterials/Substrate/Glints2/dict_0003_0089" 8622
"/Engine/EngineMaterials/Substrate/Glints2/dict_0003_0088" 8623
"/Engine/EngineMaterials/Substrate/Glints2/dict_0003_0087" 8624
"/Engine/EngineMaterials/Substrate/Glints2/dict_0003_0086" 8625
"/Engine/EngineMaterials/Substrate/Glints2/dict_0003_0085" 8626
"/Engine/EngineMaterials/Substrate/Glints2/dict_0003_0084" 8627
"/Engine/EngineMaterials/Substrate/Glints2/dict_0003_0083" 8628
"/Engine/EngineMaterials/Substrate/Glints2/dict_0003_0082" 8629
"/Engine/EngineMaterials/Substrate/Glints2/dict_0003_0081" 8630
"/Engine/EngineMaterials/Substrate/Glints2/dict_0003_0080" 8631
"/Engine/EngineMaterials/Substrate/Glints2/dict_0003_0079" 8632
"/Engine/EngineMaterials/Substrate/Glints2/dict_0003_0078" 8633
"/Engine/EngineMaterials/Substrate/Glints2/dict_0003_0077" 8634
"/Engine/EngineMaterials/Substrate/Glints2/dict_0003_0076" 8635
"/Engine/EngineMaterials/Substrate/Glints2/dict_0003_0075" 8636
"/Engine/EngineMaterials/Substrate/Glints2/dict_0003_0074" 8637
"/Engine/EngineMaterials/Substrate/Glints2/dict_0003_0073" 8638
"/Engine/EngineMaterials/Substrate/Glints2/dict_0003_0072" 8639
"/Engine/EngineMaterials/Substrate/Glints2/dict_0003_0071" 8640
"/Engine/EngineMaterials/Substrate/Glints2/dict_0003_0070" 8641
"/Engine/EngineMaterials/Substrate/Glints2/dict_0003_0101" 8642
"../../../Engine/Content/EngineMaterials/Substrate/Glints2/dict_0003_0103.uasset" 8643
"../../../Engine/Content/EngineMaterials/Substrate/Glints2/dict_0003_0102.uasset" 8644
"../../../Engine/Content/EngineMaterials/Substrate/Glints2/dict_0003_0104.uasset" 8645
"../../../Engine/Content/EngineMaterials/Substrate/Glints2/dict_0003_0107.uasset" 8646
"../../../Engine/Content/EngineMaterials/Substrate/Glints2/dict_0003_0110.uasset" 8647
"../../../Engine/Content/EngineMaterials/Substrate/Glints2/dict_0003_0108.uasset" 8648
"/Engine/EngineMaterials/Substrate/Glints2/dict_0003_0100" 8649
"../../../Engine/Content/EngineMaterials/Substrate/Glints2/dict_0003_0105.uasset" 8650
"../../../Engine/Content/EngineMaterials/Substrate/Glints2/dict_0003_0106.uasset" 8651
"../../../Engine/Content/EngineMaterials/Substrate/Glints2/dict_0003_0111.uasset" 8652
"../../../Engine/Content/EngineMaterials/Substrate/Glints2/dict_0003_0113.uasset" 8653
"../../../Engine/Content/EngineMaterials/Substrate/Glints2/dict_0003_0112.uasset" 8654
"/Engine/EngineMaterials/Substrate/Glints2/dict_0003_0099" 8655
"../../../Engine/Content/EngineMaterials/Substrate/Glints2/dict_0003_0120.uasset" 8656
"../../../Engine/Content/EngineMaterials/Substrate/Glints2/dict_0003_0117.uasset" 8657
"../../../Engine/Content/EngineMaterials/Substrate/Glints2/dict_0003_0123.uasset" 8658
"../../../Engine/Content/EngineMaterials/Substrate/Glints2/dict_0003_0121.uasset" 8659
"../../../Engine/Content/EngineMaterials/Substrate/Glints2/dict_0003_0115.uasset" 8660
"../../../Engine/Content/EngineMaterials/Substrate/Glints2/dict_0003_0122.uasset" 8661
"../../../Engine/Content/EngineMaterials/Substrate/Glints2/dict_0003_0125.uasset" 8662
"../../../Engine/Content/EngineMaterials/Substrate/Glints2/dict_0003_0118.uasset" 8663
"/Engine/EngineMaterials/Substrate/Glints2/dict_0003_0098" 8664
"../../../Engine/Content/EngineMaterials/Substrate/Glints2/dict_0003_0124.uasset" 8665
"../../../Engine/Content/EngineMaterials/Substrate/Glints2/dict_0003_0119.uasset" 8666
"../../../Engine/Content/EngineMaterials/Substrate/Glints2/dict_0003_0114.uasset" 8667
"../../../Engine/Content/EngineMaterials/Substrate/Glints2/dict_0003_0116.uasset" 8668
"../../../Engine/Content/EngineMaterials/Substrate/Glints2/dict_0003_0109.uasset" 8669
"/Engine/EngineMaterials/Substrate/Glints2/dict_0003_0097" 8670
"/Engine/EngineMaterials/Substrate/Glints2/dict_0003_0096" 8671
"/Engine/EngineMaterials/Substrate/Glints2/dict_0003_0095" 8672
"/Engine/EngineMaterials/Substrate/Glints2/dict_0003_0094" 8673
"/Engine/EngineMaterials/Substrate/Glints2/dict_0003_0125" 8674
"../../../Engine/Content/EngineMaterials/Substrate/Glints2/dict_0003_0126.uasset" 8675
"../../../Engine/Content/EngineMaterials/Substrate/Glints2/dict_0003_0127.uasset" 8676
"../../../Engine/Content/EngineMaterials/Substrate/Glints2/dict_0003_0128.uasset" 8677
"../../../Engine/Content/EngineMaterials/Substrate/Glints2/dict_0003_0130.uasset" 8678
"../../../Engine/Content/EngineMaterials/Substrate/Glints2/dict_0003_0132.uasset" 8679
"../../../Engine/Content/EngineMaterials/Substrate/Glints2/dict_0003_0133.uasset" 8680
"/Engine/EngineMaterials/Substrate/Glints2/dict_0003_0124" 8681
"../../../Engine/Content/EngineMaterials/Substrate/Glints2/dict_0003_0129.uasset" 8682
"../../../Engine/Content/EngineMaterials/Substrate/Glints2/dict_0003_0131.uasset" 8683
"/Engine/EngineMaterials/Substrate/Glints2/dict_0003_0123" 8684
"/Engine/EngineMaterials/Substrate/Glints2/dict_0003_0122" 8685
"/Engine/EngineMaterials/Substrate/Glints2/dict_0003_0121" 8686
"/Engine/EngineMaterials/Substrate/Glints2/dict_0003_0120" 8687
"/Engine/EngineMaterials/Substrate/Glints2/dict_0003_0119" 8688
"/Engine/EngineMaterials/Substrate/Glints2/dict_0003_0118" 8689
"/Engine/EngineMaterials/Substrate/Glints2/dict_0003_0117" 8690
"/Engine/EngineMaterials/Substrate/Glints2/dict_0003_0116" 8691
"/Engine/EngineMaterials/Substrate/Glints2/dict_0003_0115" 8692
"/Engine/EngineMaterials/Substrate/Glints2/dict_0003_0114" 8693
"/Engine/EngineMaterials/Substrate/Glints2/dict_0003_0113" 8694
"/Engine/EngineMaterials/Substrate/Glints2/dict_0003_0112" 8695
"/Engine/EngineMaterials/Substrate/Glints2/dict_0003_0111" 8696
"/Engine/EngineMaterials/Substrate/Glints2/dict_0003_0110" 8697
"/Engine/EngineMaterials/Substrate/Glints2/dict_0003_0109" 8698
"/Engine/EngineMaterials/Substrate/Glints2/dict_0003_0108" 8699
"/Engine/EngineMaterials/Substrate/Glints2/dict_0003_0107" 8700
"/Engine/EngineMaterials/Substrate/Glints2/dict_0003_0106" 8701
"/Engine/EngineMaterials/Substrate/Glints2/dict_0003_0105" 8702
"/Engine/EngineMaterials/Substrate/Glints2/dict_0003_0104" 8703
"/Engine/EngineMaterials/Substrate/Glints2/dict_0003_0103" 8704
"/Engine/EngineMaterials/Substrate/Glints2/dict_0003_0102" 8705
"/Engine/EngineMaterials/Substrate/Glints2/dict_0003_0133" 8706
"../../../Engine/Content/EngineMaterials/Substrate/Glints2/dict_0003_0136.uasset" 8707
"../../../Engine/Content/EngineMaterials/Substrate/Glints2/dict_0003_0135.uasset" 8708
"../../../Engine/Content/EngineMaterials/Substrate/Glints2/dict_0003_0139.uasset" 8709
"/Engine/EngineMaterials/Substrate/Glints2/dict_0003_0132" 8710
"../../../Engine/Content/EngineMaterials/Substrate/Glints2/dict_0003_0138.uasset" 8711
"../../../Engine/Content/EngineMaterials/Substrate/Glints2/dict_0003_0134.uasset" 8712
"../../../Engine/Content/EngineMaterials/Substrate/Glints2/dict_0003_0140.uasset" 8713
"../../../Engine/Content/EngineMaterials/Substrate/Glints2/dict_0003_0137.uasset" 8714
"../../../Engine/Content/EngineMaterials/Substrate/Glints2/dict_0003_0142.uasset" 8715
"/Engine/EngineMaterials/Substrate/Glints2/dict_0003_0131" 8716
"../../../Engine/Content/EngineMaterials/Substrate/Glints2/dict_0003_0151.uasset" 8717
"../../../Engine/Content/EngineMaterials/Substrate/Glints2/dict_0003_0155.uasset" 8718
"../../../Engine/Content/EngineMaterials/Substrate/Glints2/dict_0003_0143.uasset" 8719
"/Engine/EngineMaterials/Substrate/Glints2/dict_0003_0130" 8720
"../../../Engine/Content/EngineMaterials/Substrate/Glints2/dict_0003_0152.uasset" 8721
"../../../Engine/Content/EngineMaterials/Substrate/Glints2/dict_0003_0148.uasset" 8722
"../../../Engine/Content/EngineMaterials/Substrate/Glints2/dict_0003_0146.uasset" 8723
"../../../Engine/Content/EngineMaterials/Substrate/Glints2/dict_0003_0149.uasset" 8724
"../../../Engine/Content/EngineMaterials/Substrate/Glints2/dict_0003_0154.uasset" 8725
"../../../Engine/Content/EngineMaterials/Substrate/Glints2/dict_0003_0141.uasset" 8726
"../../../Engine/Content/EngineMaterials/Substrate/Glints2/dict_0003_0150.uasset" 8727
"../../../Engine/Content/EngineMaterials/Substrate/Glints2/dict_0003_0144.uasset" 8728
"../../../Engine/Content/EngineMaterials/Substrate/Glints2/dict_0003_0153.uasset" 8729
"../../../Engine/Content/EngineMaterials/Substrate/Glints2/dict_0003_0147.uasset" 8730
"../../../Engine/Content/EngineMaterials/Substrate/Glints2/dict_0003_0156.uasset" 8731
"../../../Engine/Content/EngineMaterials/Substrate/Glints2/dict_0003_0145.uasset" 8732
"../../../Engine/Content/EngineMaterials/Substrate/Glints2/dict_0003_0157.uasset" 8733
"/Engine/EngineMaterials/Substrate/Glints2/dict_0003_0129" 8734
"/Engine/EngineMaterials/Substrate/Glints2/dict_0003_0128" 8735
"/Engine/EngineMaterials/Substrate/Glints2/dict_0003_0127" 8736
"/Engine/EngineMaterials/Substrate/Glints2/dict_0003_0126" 8737
"/Engine/EngineMaterials/Substrate/Glints2/dict_0003_0157" 8738
"/Engine/EngineMaterials/Substrate/Glints2/dict_0003_0156" 8739
"../../../Engine/Content/EngineMaterials/Substrate/Glints2/dict_0003_0161.uasset" 8740
"../../../Engine/Content/EngineMaterials/Substrate/Glints2/dict_0003_0159.uasset" 8741
"../../../Engine/Content/EngineMaterials/Substrate/Glints2/dict_0003_0164.uasset" 8742
"../../../Engine/Content/EngineMaterials/Substrate/Glints2/dict_0003_0160.uasset" 8743
"../../../Engine/Content/EngineMaterials/Substrate/Glints2/dict_0003_0158.uasset" 8744
"../../../Engine/Content/EngineMaterials/Substrate/Glints2/dict_0003_0162.uasset" 8745
"../../../Engine/Content/EngineMaterials/Substrate/Glints2/dict_0003_0163.uasset" 8746
"/Engine/EngineMaterials/Substrate/Glints2/dict_0003_0155" 8747
"../../../Engine/Content/EngineMaterials/Substrate/Glints2/dict_0003_0165.uasset" 8748
"/Engine/EngineMaterials/Substrate/Glints2/dict_0003_0154" 8749
"/Engine/EngineMaterials/Substrate/Glints2/dict_0003_0153" 8750
"/Engine/EngineMaterials/Substrate/Glints2/dict_0003_0152" 8751
"/Engine/EngineMaterials/Substrate/Glints2/dict_0003_0151" 8752
"/Engine/EngineMaterials/Substrate/Glints2/dict_0003_0150" 8753
"/Engine/EngineMaterials/Substrate/Glints2/dict_0003_0149" 8754
"/Engine/EngineMaterials/Substrate/Glints2/dict_0003_0148" 8755
"/Engine/EngineMaterials/Substrate/Glints2/dict_0003_0147" 8756
"/Engine/EngineMaterials/Substrate/Glints2/dict_0003_0146" 8757
"/Engine/EngineMaterials/Substrate/Glints2/dict_0003_0145" 8758
"/Engine/EngineMaterials/Substrate/Glints2/dict_0003_0144" 8759
"/Engine/EngineMaterials/Substrate/Glints2/dict_0003_0143" 8760
"/Engine/EngineMaterials/Substrate/Glints2/dict_0003_0142" 8761
"/Engine/EngineMaterials/Substrate/Glints2/dict_0003_0141" 8762
"/Engine/EngineMaterials/Substrate/Glints2/dict_0003_0140" 8763
"/Engine/EngineMaterials/Substrate/Glints2/dict_0003_0139" 8764
"/Engine/EngineMaterials/Substrate/Glints2/dict_0003_0138" 8765
"/Engine/EngineMaterials/Substrate/Glints2/dict_0003_0137" 8766
"/Engine/EngineMaterials/Substrate/Glints2/dict_0003_0136" 8767
"/Engine/EngineMaterials/Substrate/Glints2/dict_0003_0135" 8768
"/Engine/EngineMaterials/Substrate/Glints2/dict_0003_0134" 8769
"/Engine/EngineMaterials/Substrate/Glints2/dict_0003_0165" 8770
"../../../Engine/Content/EngineMaterials/Substrate/Glints2/dict_0003_0171.uasset" 8771
"../../../Engine/Content/EngineMaterials/Substrate/Glints2/dict_0003_0170.uasset" 8772
"../../../Engine/Content/EngineMaterials/Substrate/Glints2/dict_0003_0169.uasset" 8773
"../../../Engine/Content/EngineMaterials/Substrate/Glints2/dict_0003_0173.uasset" 8774
"../../../Engine/Content/EngineMaterials/Substrate/Glints2/dict_0003_0166.uasset" 8775
"/Engine/EngineMaterials/Substrate/Glints2/dict_0003_0164" 8776
"../../../Engine/Content/EngineMaterials/Substrate/Glints2/dict_0003_0167.uasset" 8777
"../../../Engine/Content/EngineMaterials/Substrate/Glints2/dict_0003_0172.uasset" 8778
"../../../Engine/Content/EngineMaterials/Substrate/Glints2/dict_0003_0177.uasset" 8779
"../../../Engine/Content/EngineMaterials/Substrate/Glints2/dict_0003_0168.uasset" 8780
"../../../Engine/Content/EngineMaterials/Substrate/Glints2/dict_0003_0176.uasset" 8781
"../../../Engine/Content/EngineMaterials/Substrate/Glints2/dict_0003_0174.uasset" 8782
"../../../Engine/Content/EngineMaterials/Substrate/Glints2/dict_0003_0175.uasset" 8783
"../../../Engine/Content/EngineMaterials/Substrate/Glints2/dict_0003_0186.uasset" 8784
"../../../Engine/Content/EngineMaterials/Substrate/Glints2/dict_0003_0187.uasset" 8785
"../../../Engine/Content/EngineMaterials/Substrate/Glints2/dict_0003_0181.uasset" 8786
"/Engine/EngineMaterials/Substrate/Glints2/dict_0003_0163" 8787
"../../../Engine/Content/EngineMaterials/Substrate/Glints2/dict_0003_0180.uasset" 8788
"../../../Engine/Content/EngineMaterials/Substrate/Glints2/dict_0003_0178.uasset" 8789
"../../../Engine/Content/EngineMaterials/Substrate/Glints2/dict_0003_0188.uasset" 8790
"../../../Engine/Content/EngineMaterials/Substrate/Glints2/dict_0003_0184.uasset" 8791
"../../../Engine/Content/EngineMaterials/Substrate/Glints2/dict_0003_0179.uasset" 8792
"../../../Engine/Content/EngineMaterials/Substrate/Glints2/dict_0003_0189.uasset" 8793
"../../../Engine/Content/EngineMaterials/Substrate/Glints2/dict_0003_0183.uasset" 8794
"../../../Engine/Content/EngineMaterials/Substrate/Glints2/dict_0003_0182.uasset" 8795
"../../../Engine/Content/EngineMaterials/Substrate/Glints2/dict_0003_0185.uasset" 8796
"/Engine/EngineMaterials/Substrate/Glints2/dict_0003_0162" 8797
"/Engine/EngineMaterials/Substrate/Glints2/dict_0003_0161" 8798
"/Engine/EngineMaterials/Substrate/Glints2/dict_0003_0160" 8799
"/Engine/EngineMaterials/Substrate/Glints2/dict_0003_0159" 8800
"/Engine/EngineMaterials/Substrate/Glints2/dict_0003_0158" 8801
"/Engine/EngineMaterials/Substrate/Glints2/dict_0003_0189" 8802
"../../../Engine/Content/EngineMaterials/Substrate/Glints2/dict_0003_0190.uasset" 8803
"/Engine/EngineMaterials/Substrate/Glints2/dict_0003_0188" 8804
"../../../Engine/Content/EngineMaterials/Substrate/Glints2/dict_0003_0192.uasset" 8805
"../../../Engine/Content/EngineMaterials/Substrate/Glints2/dict_0003_0191.uasset" 8806
"../../../Engine/Content/EngineMaterials/Substrate/Glints2/dict_0003_0193.uasset" 8807
"/Engine/EngineMaterials/Substrate/Glints2/dict_0003_0187" 8808
"../../../Engine/Content/EngineMaterials/Substrate/Glints2/dict_0003_0197.uasset" 8809
"../../../Engine/Content/EngineMaterials/Substrate/Glints2/dict_0003_0194.uasset" 8810
"../../../Engine/Content/EngineMaterials/Substrate/Glints2/dict_0003_0195.uasset" 8811
"../../../Engine/Content/EngineMaterials/Substrate/Glints2/dict_0003_0196.uasset" 8812
"/Engine/EngineMaterials/Substrate/Glints2/dict_0003_0186" 8813
"/Engine/EngineMaterials/Substrate/Glints2/dict_0003_0185" 8814
"/Engine/EngineMaterials/Substrate/Glints2/dict_0003_0184" 8815
"/Engine/EngineMaterials/Substrate/Glints2/dict_0003_0183" 8816
"/Engine/EngineMaterials/Substrate/Glints2/dict_0003_0182" 8817
"/Engine/EngineMaterials/Substrate/Glints2/dict_0003_0181" 8818
"/Engine/EngineMaterials/Substrate/Glints2/dict_0003_0180" 8819
"/Engine/EngineMaterials/Substrate/Glints2/dict_0003_0179" 8820
"/Engine/EngineMaterials/Substrate/Glints2/dict_0003_0178" 8821
"/Engine/EngineMaterials/Substrate/Glints2/dict_0003_0177" 8822
"/Engine/EngineMaterials/Substrate/Glints2/dict_0003_0176" 8823
"/Engine/EngineMaterials/Substrate/Glints2/dict_0003_0175" 8824
"/Engine/EngineMaterials/Substrate/Glints2/dict_0003_0174" 8825
"/Engine/EngineMaterials/Substrate/Glints2/dict_0003_0173" 8826
"/Engine/EngineMaterials/Substrate/Glints2/dict_0003_0172" 8827
"/Engine/EngineMaterials/Substrate/Glints2/dict_0003_0171" 8828
"/Engine/EngineMaterials/Substrate/Glints2/dict_0003_0170" 8829
"/Engine/EngineMaterials/Substrate/Glints2/dict_0003_0169" 8830
"/Engine/EngineMaterials/Substrate/Glints2/dict_0003_0168" 8831
"/Engine/EngineMaterials/Substrate/Glints2/dict_0003_0167" 8832
"/Engine/EngineMaterials/Substrate/Glints2/dict_0003_0166" 8833
"/Engine/EngineMaterials/Substrate/Glints2/dict_0003_0197" 8834
"../../../Engine/Content/EngineMaterials/Substrate/Glints2/dict_0003_0200.uasset" 8835
"../../../Engine/Content/EngineMaterials/Substrate/Glints2/dict_0003_0199.uasset" 8836
"../../../Engine/Content/EngineMaterials/Substrate/Glints2/dict_0003_0198.uasset" 8837
"../../../Engine/Content/EngineMaterials/Substrate/Glints2/dict_0003_0203.uasset" 8838
"../../../Engine/Content/EngineMaterials/Substrate/Glints2/dict_0003_0201.uasset" 8839
"../../../Engine/Content/EngineMaterials/Substrate/Glints2/dict_0003_0206.uasset" 8840
"/Engine/EngineMaterials/Substrate/Glints2/dict_0003_0196" 8841
"../../../Engine/Content/EngineMaterials/Substrate/Glints2/dict_0003_0205.uasset" 8842
"../../../Engine/Content/EngineMaterials/Substrate/Glints2/dict_0003_0214.uasset" 8843
"../../../Engine/Content/EngineMaterials/Substrate/Glints2/dict_0003_0209.uasset" 8844
"../../../Engine/Content/EngineMaterials/Substrate/Glints2/dict_0003_0202.uasset" 8845
"../../../Engine/Content/EngineMaterials/Substrate/Glints2/dict_0003_0213.uasset" 8846
"../../../Engine/Content/EngineMaterials/Substrate/Glints2/dict_0003_0204.uasset" 8847
"../../../Engine/Content/EngineMaterials/Substrate/Glints2/dict_0003_0210.uasset" 8848
"../../../Engine/Content/EngineMaterials/Substrate/Glints2/dict_0003_0207.uasset" 8849
"../../../Engine/Content/EngineMaterials/Substrate/Glints2/dict_0003_0211.uasset" 8850
"../../../Engine/Content/EngineMaterials/Substrate/Glints2/dict_0003_0212.uasset" 8851
"../../../Engine/Content/EngineMaterials/Substrate/Glints2/dict_0003_0221.uasset" 8852
"../../../Engine/Content/EngineMaterials/Substrate/Glints2/dict_0003_0217.uasset" 8853
"/Engine/EngineMaterials/Substrate/Glints2/dict_0003_0195" 8854
"../../../Engine/Content/EngineMaterials/Substrate/Glints2/dict_0003_0220.uasset" 8855
"../../../Engine/Content/EngineMaterials/Substrate/Glints2/dict_0003_0219.uasset" 8856
"../../../Engine/Content/EngineMaterials/Substrate/Glints2/dict_0003_0208.uasset" 8857
"../../../Engine/Content/EngineMaterials/Substrate/Glints2/dict_0003_0215.uasset" 8858
"../../../Engine/Content/EngineMaterials/Substrate/Glints2/dict_0003_0216.uasset" 8859
"../../../Engine/Content/EngineMaterials/Substrate/Glints2/dict_0003_0218.uasset" 8860
"/Engine/EngineMaterials/Substrate/Glints2/dict_0003_0194" 8861
"/Engine/EngineMaterials/Substrate/Glints2/dict_0003_0193" 8862
"/Engine/EngineMaterials/Substrate/Glints2/dict_0003_0192" 8863
"/Engine/EngineMaterials/Substrate/Glints2/dict_0003_0191" 8864
"/Engine/EngineMaterials/Substrate/Glints2/dict_0003_0190" 8865
"/Engine/EngineMaterials/Substrate/Glints2/dict_0003_0221" 8866
"../../../Engine/Content/EngineMaterials/Substrate/Glints2/dict_0003_0226.uasset" 8867
"../../../Engine/Content/EngineMaterials/Substrate/Glints2/dict_0003_0224.uasset" 8868
"/Engine/EngineMaterials/Substrate/Glints2/dict_0003_0220" 8869
"../../../Engine/Content/EngineMaterials/Substrate/Glints2/dict_0003_0225.uasset" 8870
"../../../Engine/Content/EngineMaterials/Substrate/Glints2/dict_0003_0223.uasset" 8871
"../../../Engine/Content/EngineMaterials/Substrate/Glints2/dict_0003_0227.uasset" 8872
"../../../Engine/Content/EngineMaterials/Substrate/Glints2/dict_0003_0222.uasset" 8873
"/Engine/EngineMaterials/Substrate/Glints2/dict_0003_0219" 8874
"../../../Engine/Content/EngineMaterials/Substrate/Glints2/dict_0003_0228.uasset" 8875
"../../../Engine/Content/EngineMaterials/Substrate/Glints2/dict_0003_0229.uasset" 8876
"/Engine/EngineMaterials/Substrate/Glints2/dict_0003_0218" 8877
"/Engine/EngineMaterials/Substrate/Glints2/dict_0003_0217" 8878
"/Engine/EngineMaterials/Substrate/Glints2/dict_0003_0216" 8879
"/Engine/EngineMaterials/Substrate/Glints2/dict_0003_0215" 8880
"/Engine/EngineMaterials/Substrate/Glints2/dict_0003_0214" 8881
"/Engine/EngineMaterials/Substrate/Glints2/dict_0003_0213" 8882
"/Engine/EngineMaterials/Substrate/Glints2/dict_0003_0212" 8883
"/Engine/EngineMaterials/Substrate/Glints2/dict_0003_0211" 8884
"/Engine/EngineMaterials/Substrate/Glints2/dict_0003_0210" 8885
"/Engine/EngineMaterials/Substrate/Glints2/dict_0003_0209" 8886
"/Engine/EngineMaterials/Substrate/Glints2/dict_0003_0208" 8887
"/Engine/EngineMaterials/Substrate/Glints2/dict_0003_0207" 8888
"/Engine/EngineMaterials/Substrate/Glints2/dict_0003_0206" 8889
"/Engine/EngineMaterials/Substrate/Glints2/dict_0003_0205" 8890
"/Engine/EngineMaterials/Substrate/Glints2/dict_0003_0204" 8891
"/Engine/EngineMaterials/Substrate/Glints2/dict_0003_0203" 8892
"/Engine/EngineMaterials/Substrate/Glints2/dict_0003_0202" 8893
"/Engine/EngineMaterials/Substrate/Glints2/dict_0003_0201" 8894
"/Engine/EngineMaterials/Substrate/Glints2/dict_0003_0200" 8895
"/Engine/EngineMaterials/Substrate/Glints2/dict_0003_0199" 8896
"/Engine/EngineMaterials/Substrate/Glints2/dict_0003_0198" 8897
"/Engine/EngineMaterials/Substrate/Glints2/dict_0003_0229" 8898
"../../../Engine/Content/EngineMaterials/Substrate/Glints2/dict_0003_0231.uasset" 8899
"../../../Engine/Content/EngineMaterials/Substrate/Glints2/dict_0003_0230.uasset" 8900
"../../../Engine/Content/EngineMaterials/Substrate/Glints2/dict_0003_0235.uasset" 8901
"../../../Engine/Content/EngineMaterials/Substrate/Glints2/dict_0003_0232.uasset" 8902
"../../../Engine/Content/EngineMaterials/Substrate/Glints2/dict_0003_0246.uasset" 8903
"/Engine/EngineMaterials/Substrate/Glints2/dict_0003_0228" 8904
"../../../Engine/Content/EngineMaterials/Substrate/Glints2/dict_0003_0236.uasset" 8905
"../../../Engine/Content/EngineMaterials/Substrate/Glints2/dict_0003_0233.uasset" 8906
"../../../Engine/Content/EngineMaterials/Substrate/Glints2/dict_0003_0242.uasset" 8907
"../../../Engine/Content/EngineMaterials/Substrate/Glints2/dict_0003_0239.uasset" 8908
"/Engine/EngineMaterials/Substrate/Glints2/dict_0003_0227" 8909
"../../../Engine/Content/EngineMaterials/Substrate/Glints2/dict_0003_0251.uasset" 8910
"../../../Engine/Content/EngineMaterials/Substrate/Glints2/dict_0003_0241.uasset" 8911
"../../../Engine/Content/EngineMaterials/Substrate/Glints2/dict_0003_0252.uasset" 8912
"../../../Engine/Content/EngineMaterials/Substrate/Glints2/dict_0003_0248.uasset" 8913
"../../../Engine/Content/EngineMaterials/Substrate/Glints2/dict_0003_0240.uasset" 8914
"/Engine/EngineMaterials/Substrate/Glints2/dict_0003_0226" 8915
"../../../Engine/Content/EngineMaterials/Substrate/Glints2/dict_0003_0245.uasset" 8916
"../../../Engine/Content/EngineMaterials/Substrate/Glints2/dict_0003_0250.uasset" 8917
"../../../Engine/Content/EngineMaterials/Substrate/Glints2/dict_0003_0253.uasset" 8918
"../../../Engine/Content/EngineMaterials/Substrate/Glints2/dict_0003_0244.uasset" 8919
"../../../Engine/Content/EngineMaterials/Substrate/Glints2/dict_0003_0247.uasset" 8920
"/Engine/EngineMaterials/Substrate/Glints2/dict_0003_0225" 8921
"../../../Engine/Content/EngineMaterials/Substrate/Glints2/dict_0003_0249.uasset" 8922
"../../../Engine/Content/EngineMaterials/Substrate/Glints2/dict_0003_0243.uasset" 8923
"../../../Engine/Content/EngineMaterials/Substrate/Glints2/dict_0003_0237.uasset" 8924
"../../../Engine/Content/EngineMaterials/Substrate/Glints2/dict_0003_0234.uasset" 8925
"../../../Engine/Content/EngineMaterials/Substrate/Glints2/dict_0003_0238.uasset" 8926
"/Engine/EngineMaterials/Substrate/Glints2/dict_0003_0224" 8927
"/Engine/EngineMaterials/Substrate/Glints2/dict_0003_0223" 8928
"/Engine/EngineMaterials/Substrate/Glints2/dict_0003_0222" 8929
"/Engine/EngineMaterials/Substrate/Glints2/dict_0003_0253" 8930
"../../../Engine/Content/EngineMaterials/Substrate/Glints2/dict_0003_0254.uasset" 8931
"/Engine/EngineMaterials/Substrate/Glints2/dict_0003_0252" 8932
"../../../Engine/Content/EngineMaterials/Substrate/Glints2/dict_0004_0000.uasset" 8933
"../../../Engine/Content/EngineMaterials/Substrate/Glints2/dict_0004_0001.uasset" 8934
"../../../Engine/Content/EngineMaterials/Substrate/Glints2/dict_0004_0004.uasset" 8935
"../../../Engine/Content/EngineMaterials/Substrate/Glints2/dict_0004_0005.uasset" 8936
"/Engine/EngineMaterials/Substrate/Glints2/dict_0003_0251" 8937
"../../../Engine/Content/EngineMaterials/Substrate/Glints2/dict_0004_0003.uasset" 8938
"../../../Engine/Content/EngineMaterials/Substrate/Glints2/dict_0003_0255.uasset" 8939
"../../../Engine/Content/EngineMaterials/Substrate/Glints2/dict_0004_0002.uasset" 8940
"/Engine/EngineMaterials/Substrate/Glints2/dict_0003_0250" 8941
"/Engine/EngineMaterials/Substrate/Glints2/dict_0003_0249" 8942
"/Engine/EngineMaterials/Substrate/Glints2/dict_0003_0248" 8943
"/Engine/EngineMaterials/Substrate/Glints2/dict_0003_0247" 8944
"/Engine/EngineMaterials/Substrate/Glints2/dict_0003_0246" 8945
"/Engine/EngineMaterials/Substrate/Glints2/dict_0003_0245" 8946
"/Engine/EngineMaterials/Substrate/Glints2/dict_0003_0244" 8947
"/Engine/EngineMaterials/Substrate/Glints2/dict_0003_0243" 8948
"/Engine/EngineMaterials/Substrate/Glints2/dict_0003_0242" 8949
"/Engine/EngineMaterials/Substrate/Glints2/dict_0003_0241" 8950
"/Engine/EngineMaterials/Substrate/Glints2/dict_0003_0240" 8951
"/Engine/EngineMaterials/Substrate/Glints2/dict_0003_0239" 8952
"/Engine/EngineMaterials/Substrate/Glints2/dict_0003_0238" 8953
"/Engine/EngineMaterials/Substrate/Glints2/dict_0003_0237" 8954
"/Engine/EngineMaterials/Substrate/Glints2/dict_0003_0236" 8955
"/Engine/EngineMaterials/Substrate/Glints2/dict_0003_0235" 8956
"/Engine/EngineMaterials/Substrate/Glints2/dict_0003_0234" 8957
"/Engine/EngineMaterials/Substrate/Glints2/dict_0003_0233" 8958
"/Engine/EngineMaterials/Substrate/Glints2/dict_0003_0232" 8959
"/Engine/EngineMaterials/Substrate/Glints2/dict_0003_0231" 8960
"/Engine/EngineMaterials/Substrate/Glints2/dict_0003_0230" 8961
"/Engine/EngineMaterials/Substrate/Glints2/dict_0004_0005" 8962
"../../../Engine/Content/EngineMaterials/Substrate/Glints2/dict_0004_0008.uasset" 8963
"../../../Engine/Content/EngineMaterials/Substrate/Glints2/dict_0004_0007.uasset" 8964
"../../../Engine/Content/EngineMaterials/Substrate/Glints2/dict_0004_0009.uasset" 8965
"/Engine/EngineMaterials/Substrate/Glints2/dict_0004_0004" 8966
"../../../Engine/Content/EngineMaterials/Substrate/Glints2/dict_0004_0006.uasset" 8967
"../../../Engine/Content/EngineMaterials/Substrate/Glints2/dict_0004_0010.uasset" 8968
"/Engine/EngineMaterials/Substrate/Glints2/dict_0004_0003" 8969
"../../../Engine/Content/EngineMaterials/Substrate/Glints2/dict_0004_0013.uasset" 8970
"../../../Engine/Content/EngineMaterials/Substrate/Glints2/dict_0004_0012.uasset" 8971
"../../../Engine/Content/EngineMaterials/Substrate/Glints2/dict_0004_0014.uasset" 8972
"/Engine/EngineMaterials/Substrate/Glints2/dict_0004_0002" 8973
"../../../Engine/Content/EngineMaterials/Substrate/Glints2/dict_0004_0020.uasset" 8974
"../../../Engine/Content/EngineMaterials/Substrate/Glints2/dict_0004_0015.uasset" 8975
"../../../Engine/Content/EngineMaterials/Substrate/Glints2/dict_0004_0019.uasset" 8976
"../../../Engine/Content/EngineMaterials/Substrate/Glints2/dict_0004_0016.uasset" 8977
"../../../Engine/Content/EngineMaterials/Substrate/Glints2/dict_0004_0011.uasset" 8978
"../../../Engine/Content/EngineMaterials/Substrate/Glints2/dict_0004_0021.uasset" 8979
"../../../Engine/Content/EngineMaterials/Substrate/Glints2/dict_0004_0026.uasset" 8980
"../../../Engine/Content/EngineMaterials/Substrate/Glints2/dict_0004_0027.uasset" 8981
"../../../Engine/Content/EngineMaterials/Substrate/Glints2/dict_0004_0017.uasset" 8982
"../../../Engine/Content/EngineMaterials/Substrate/Glints2/dict_0004_0023.uasset" 8983
"../../../Engine/Content/EngineMaterials/Substrate/Glints2/dict_0004_0022.uasset" 8984
"../../../Engine/Content/EngineMaterials/Substrate/Glints2/dict_0004_0025.uasset" 8985
"../../../Engine/Content/EngineMaterials/Substrate/Glints2/dict_0004_0018.uasset" 8986
"../../../Engine/Content/EngineMaterials/Substrate/Glints2/dict_0004_0029.uasset" 8987
"/Engine/EngineMaterials/Substrate/Glints2/dict_0004_0001" 8988
"../../../Engine/Content/EngineMaterials/Substrate/Glints2/dict_0004_0028.uasset" 8989
"../../../Engine/Content/EngineMaterials/Substrate/Glints2/dict_0004_0024.uasset" 8990
"/Engine/EngineMaterials/Substrate/Glints2/dict_0004_0000" 8991
"/Engine/EngineMaterials/Substrate/Glints2/dict_0003_0255" 8992
"/Engine/EngineMaterials/Substrate/Glints2/dict_0003_0254" 8993
"/Engine/EngineMaterials/Substrate/Glints2/dict_0004_0029" 8994
"../../../Engine/Content/EngineMaterials/Substrate/Glints2/dict_0004_0033.uasset" 8995
"/Engine/EngineMaterials/Substrate/Glints2/dict_0004_0028" 8996
"../../../Engine/Content/EngineMaterials/Substrate/Glints2/dict_0004_0036.uasset" 8997
"../../../Engine/Content/EngineMaterials/Substrate/Glints2/dict_0004_0032.uasset" 8998
"../../../Engine/Content/EngineMaterials/Substrate/Glints2/dict_0004_0037.uasset" 8999
"../../../Engine/Content/EngineMaterials/Substrate/Glints2/dict_0004_0035.uasset" 9000
"/Engine/EngineMaterials/Substrate/Glints2/dict_0004_0027" 9001
"../../../Engine/Content/EngineMaterials/Substrate/Glints2/dict_0004_0034.uasset" 9002
"../../../Engine/Content/EngineMaterials/Substrate/Glints2/dict_0004_0030.uasset" 9003
"../../../Engine/Content/EngineMaterials/Substrate/Glints2/dict_0004_0031.uasset" 9004
"/Engine/EngineMaterials/Substrate/Glints2/dict_0004_0026" 9005
"/Engine/EngineMaterials/Substrate/Glints2/dict_0004_0025" 9006
"/Engine/EngineMaterials/Substrate/Glints2/dict_0004_0024" 9007
"/Engine/EngineMaterials/Substrate/Glints2/dict_0004_0023" 9008
"/Engine/EngineMaterials/Substrate/Glints2/dict_0004_0022" 9009
"/Engine/EngineMaterials/Substrate/Glints2/dict_0004_0021" 9010
"/Engine/EngineMaterials/Substrate/Glints2/dict_0004_0020" 9011
"/Engine/EngineMaterials/Substrate/Glints2/dict_0004_0019" 9012
"/Engine/EngineMaterials/Substrate/Glints2/dict_0004_0018" 9013
"/Engine/EngineMaterials/Substrate/Glints2/dict_0004_0017" 9014
"/Engine/EngineMaterials/Substrate/Glints2/dict_0004_0016" 9015
"/Engine/EngineMaterials/Substrate/Glints2/dict_0004_0015" 9016
"/Engine/EngineMaterials/Substrate/Glints2/dict_0004_0014" 9017
"/Engine/EngineMaterials/Substrate/Glints2/dict_0004_0013" 9018
"/Engine/EngineMaterials/Substrate/Glints2/dict_0004_0012" 9019
"/Engine/EngineMaterials/Substrate/Glints2/dict_0004_0011" 9020
"/Engine/EngineMaterials/Substrate/Glints2/dict_0004_0010" 9021
"/Engine/EngineMaterials/Substrate/Glints2/dict_0004_0009" 9022
"/Engine/EngineMaterials/Substrate/Glints2/dict_0004_0008" 9023
"/Engine/EngineMaterials/Substrate/Glints2/dict_0004_0007" 9024
"/Engine/EngineMaterials/Substrate/Glints2/dict_0004_0006" 9025
"/Engine/EngineMaterials/Substrate/Glints2/dict_0004_0037" 9026
"../../../Engine/Content/EngineMaterials/Substrate/Glints2/dict_0004_0041.uasset" 9027
"/Engine/EngineMaterials/Substrate/Glints2/dict_0004_0036" 9028
"../../../Engine/Content/EngineMaterials/Substrate/Glints2/dict_0004_0042.uasset" 9029
"../../../Engine/Content/EngineMaterials/Substrate/Glints2/dict_0004_0039.uasset" 9030
"../../../Engine/Content/EngineMaterials/Substrate/Glints2/dict_0004_0038.uasset" 9031
"../../../Engine/Content/EngineMaterials/Substrate/Glints2/dict_0004_0047.uasset" 9032
"/Engine/EngineMaterials/Substrate/Glints2/dict_0004_0035" 9033
"../../../Engine/Content/EngineMaterials/Substrate/Glints2/dict_0004_0040.uasset" 9034
"../../../Engine/Content/EngineMaterials/Substrate/Glints2/dict_0004_0046.uasset" 9035
"../../../Engine/Content/EngineMaterials/Substrate/Glints2/dict_0004_0051.uasset" 9036
"../../../Engine/Content/EngineMaterials/Substrate/Glints2/dict_0004_0044.uasset" 9037
"../../../Engine/Content/EngineMaterials/Substrate/Glints2/dict_0004_0045.uasset" 9038
"../../../Engine/Content/EngineMaterials/Substrate/Glints2/dict_0004_0049.uasset" 9039
"/Engine/EngineMaterials/Substrate/Glints2/dict_0004_0034" 9040
"../../../Engine/Content/EngineMaterials/Substrate/Glints2/dict_0004_0056.uasset" 9041
"../../../Engine/Content/EngineMaterials/Substrate/Glints2/dict_0004_0055.uasset" 9042
"../../../Engine/Content/EngineMaterials/Substrate/Glints2/dict_0004_0057.uasset" 9043
"../../../Engine/Content/EngineMaterials/Substrate/Glints2/dict_0004_0043.uasset" 9044
"../../../Engine/Content/EngineMaterials/Substrate/Glints2/dict_0004_0060.uasset" 9045
"../../../Engine/Content/EngineMaterials/Substrate/Glints2/dict_0004_0058.uasset" 9046
"../../../Engine/Content/EngineMaterials/Substrate/Glints2/dict_0004_0048.uasset" 9047
"../../../Engine/Content/EngineMaterials/Substrate/Glints2/dict_0004_0050.uasset" 9048
"../../../Engine/Content/EngineMaterials/Substrate/Glints2/dict_0004_0052.uasset" 9049
"../../../Engine/Content/EngineMaterials/Substrate/Glints2/dict_0004_0061.uasset" 9050
"../../../Engine/Content/EngineMaterials/Substrate/Glints2/dict_0004_0054.uasset" 9051
"../../../Engine/Content/EngineMaterials/Substrate/Glints2/dict_0004_0053.uasset" 9052
"../../../Engine/Content/EngineMaterials/Substrate/Glints2/dict_0004_0059.uasset" 9053
"/Engine/EngineMaterials/Substrate/Glints2/dict_0004_0033" 9054
"/Engine/EngineMaterials/Substrate/Glints2/dict_0004_0032" 9055
"/Engine/EngineMaterials/Substrate/Glints2/dict_0004_0031" 9056
"/Engine/EngineMaterials/Substrate/Glints2/dict_0004_0030" 9057
"/Engine/EngineMaterials/Substrate/Glints2/dict_0004_0061" 9058
"../../../Engine/Content/EngineMaterials/Substrate/Glints2/dict_0004_0066.uasset" 9059
"../../../Engine/Content/EngineMaterials/Substrate/Glints2/dict_0004_0062.uasset" 9060
"../../../Engine/Content/EngineMaterials/Substrate/Glints2/dict_0004_0064.uasset" 9061
"../../../Engine/Content/EngineMaterials/Substrate/Glints2/dict_0004_0069.uasset" 9062
"../../../Engine/Content/EngineMaterials/Substrate/Glints2/dict_0004_0068.uasset" 9063
"../../../Engine/Content/EngineMaterials/Substrate/Glints2/dict_0004_0065.uasset" 9064
"../../../Engine/Content/EngineMaterials/Substrate/Glints2/dict_0004_0063.uasset" 9065
"../../../Engine/Content/EngineMaterials/Substrate/Glints2/dict_0004_0067.uasset" 9066
"/Engine/EngineMaterials/Substrate/Glints2/dict_0004_0060" 9067
"/Engine/EngineMaterials/Substrate/Glints2/dict_0004_0059" 9068
"/Engine/EngineMaterials/Substrate/Glints2/dict_0004_0058" 9069
"/Engine/EngineMaterials/Substrate/Glints2/dict_0004_0057" 9070
"/Engine/EngineMaterials/Substrate/Glints2/dict_0004_0056" 9071
"/Engine/EngineMaterials/Substrate/Glints2/dict_0004_0055" 9072
"/Engine/EngineMaterials/Substrate/Glints2/dict_0004_0054" 9073
"/Engine/EngineMaterials/Substrate/Glints2/dict_0004_0053" 9074
"/Engine/EngineMaterials/Substrate/Glints2/dict_0004_0052" 9075
"/Engine/EngineMaterials/Substrate/Glints2/dict_0004_0051" 9076
"/Engine/EngineMaterials/Substrate/Glints2/dict_0004_0050" 9077
"/Engine/EngineMaterials/Substrate/Glints2/dict_0004_0049" 9078
"/Engine/EngineMaterials/Substrate/Glints2/dict_0004_0048" 9079
"/Engine/EngineMaterials/Substrate/Glints2/dict_0004_0047" 9080
"/Engine/EngineMaterials/Substrate/Glints2/dict_0004_0046" 9081
"/Engine/EngineMaterials/Substrate/Glints2/dict_0004_0045" 9082
"/Engine/EngineMaterials/Substrate/Glints2/dict_0004_0044" 9083
"/Engine/EngineMaterials/Substrate/Glints2/dict_0004_0043" 9084
"/Engine/EngineMaterials/Substrate/Glints2/dict_0004_0042" 9085
"/Engine/EngineMaterials/Substrate/Glints2/dict_0004_0041" 9086
"/Engine/EngineMaterials/Substrate/Glints2/dict_0004_0040" 9087
"/Engine/EngineMaterials/Substrate/Glints2/dict_0004_0039" 9088
"/Engine/EngineMaterials/Substrate/Glints2/dict_0004_0038" 9089
"/Engine/EngineMaterials/Substrate/Glints2/dict_0004_0069" 9090
"../../../Engine/Content/EngineMaterials/Substrate/Glints2/dict_0004_0070.uasset" 9091
"../../../Engine/Content/EngineMaterials/Substrate/Glints2/dict_0004_0073.uasset" 9092
"../../../Engine/Content/EngineMaterials/Substrate/Glints2/dict_0004_0072.uasset" 9093
"../../../Engine/Content/EngineMaterials/Substrate/Glints2/dict_0004_0071.uasset" 9094
"/Engine/EngineMaterials/Substrate/Glints2/dict_0004_0068" 9095
"../../../Engine/Content/EngineMaterials/Substrate/Glints2/dict_0004_0075.uasset" 9096
"../../../Engine/Content/EngineMaterials/Substrate/Glints2/dict_0004_0077.uasset" 9097
"../../../Engine/Content/EngineMaterials/Substrate/Glints2/dict_0004_0082.uasset" 9098
"../../../Engine/Content/EngineMaterials/Substrate/Glints2/dict_0004_0080.uasset" 9099
"../../../Engine/Content/EngineMaterials/Substrate/Glints2/dict_0004_0087.uasset" 9100
"../../../Engine/Content/EngineMaterials/Substrate/Glints2/dict_0004_0078.uasset" 9101
"/Engine/EngineMaterials/Substrate/Glints2/dict_0004_0067" 9102
"../../../Engine/Content/EngineMaterials/Substrate/Glints2/dict_0004_0074.uasset" 9103
"../../../Engine/Content/EngineMaterials/Substrate/Glints2/dict_0004_0083.uasset" 9104
"../../../Engine/Content/EngineMaterials/Substrate/Glints2/dict_0004_0086.uasset" 9105
"../../../Engine/Content/EngineMaterials/Substrate/Glints2/dict_0004_0081.uasset" 9106
"../../../Engine/Content/EngineMaterials/Substrate/Glints2/dict_0004_0088.uasset" 9107
"../../../Engine/Content/EngineMaterials/Substrate/Glints2/dict_0004_0076.uasset" 9108
"../../../Engine/Content/EngineMaterials/Substrate/Glints2/dict_0004_0093.uasset" 9109
"/Engine/EngineMaterials/Substrate/Glints2/dict_0004_0066" 9110
"../../../Engine/Content/EngineMaterials/Substrate/Glints2/dict_0004_0092.uasset" 9111
"../../../Engine/Content/EngineMaterials/Substrate/Glints2/dict_0004_0079.uasset" 9112
"../../../Engine/Content/EngineMaterials/Substrate/Glints2/dict_0004_0090.uasset" 9113
"../../../Engine/Content/EngineMaterials/Substrate/Glints2/dict_0004_0084.uasset" 9114
"../../../Engine/Content/EngineMaterials/Substrate/Glints2/dict_0004_0089.uasset" 9115
"../../../Engine/Content/EngineMaterials/Substrate/Glints2/dict_0004_0091.uasset" 9116
"/Engine/EngineMaterials/Substrate/Glints2/dict_0004_0065" 9117
"../../../Engine/Content/EngineMaterials/Substrate/Glints2/dict_0004_0085.uasset" 9118
"/Engine/EngineMaterials/Substrate/Glints2/dict_0004_0064" 9119
"/Engine/EngineMaterials/Substrate/Glints2/dict_0004_0063" 9120
"/Engine/EngineMaterials/Substrate/Glints2/dict_0004_0062" 9121
"/Engine/EngineMaterials/Substrate/Glints2/dict_0004_0093" 9122
"../../../Engine/Content/EngineMaterials/Substrate/Glints2/dict_0004_0096.uasset" 9123
"../../../Engine/Content/EngineMaterials/Substrate/Glints2/dict_0004_0094.uasset" 9124
"/Engine/EngineMaterials/Substrate/Glints2/dict_0004_0092" 9125
"../../../Engine/Content/EngineMaterials/Substrate/Glints2/dict_0004_0098.uasset" 9126
"../../../Engine/Content/EngineMaterials/Substrate/Glints2/dict_0004_0095.uasset" 9127
"../../../Engine/Content/EngineMaterials/Substrate/Glints2/dict_0004_0097.uasset" 9128
"../../../Engine/Content/EngineMaterials/Substrate/Glints2/dict_0004_0101.uasset" 9129
"../../../Engine/Content/EngineMaterials/Substrate/Glints2/dict_0004_0100.uasset" 9130
"/Engine/EngineMaterials/Substrate/Glints2/dict_0004_0091" 9131
"../../../Engine/Content/EngineMaterials/Substrate/Glints2/dict_0004_0099.uasset" 9132
"/Engine/EngineMaterials/Substrate/Glints2/dict_0004_0090" 9133
"/Engine/EngineMaterials/Substrate/Glints2/dict_0004_0089" 9134
"/Engine/EngineMaterials/Substrate/Glints2/dict_0004_0088" 9135
"/Engine/EngineMaterials/Substrate/Glints2/dict_0004_0087" 9136
"/Engine/EngineMaterials/Substrate/Glints2/dict_0004_0086" 9137
"/Engine/EngineMaterials/Substrate/Glints2/dict_0004_0085" 9138
"/Engine/EngineMaterials/Substrate/Glints2/dict_0004_0084" 9139
"/Engine/EngineMaterials/Substrate/Glints2/dict_0004_0083" 9140
"/Engine/EngineMaterials/Substrate/Glints2/dict_0004_0082" 9141
"/Engine/EngineMaterials/Substrate/Glints2/dict_0004_0081" 9142
"/Engine/EngineMaterials/Substrate/Glints2/dict_0004_0080" 9143
"/Engine/EngineMaterials/Substrate/Glints2/dict_0004_0079" 9144
"/Engine/EngineMaterials/Substrate/Glints2/dict_0004_0078" 9145
"/Engine/EngineMaterials/Substrate/Glints2/dict_0004_0077" 9146
"/Engine/EngineMaterials/Substrate/Glints2/dict_0004_0076" 9147
"/Engine/EngineMaterials/Substrate/Glints2/dict_0004_0075" 9148
"/Engine/EngineMaterials/Substrate/Glints2/dict_0004_0074" 9149
"/Engine/EngineMaterials/Substrate/Glints2/dict_0004_0073" 9150
"/Engine/EngineMaterials/Substrate/Glints2/dict_0004_0072" 9151
"/Engine/EngineMaterials/Substrate/Glints2/dict_0004_0071" 9152
"/Engine/EngineMaterials/Substrate/Glints2/dict_0004_0070" 9153
"/Engine/EngineMaterials/Substrate/Glints2/dict_0004_0101" 9154
"../../../Engine/Content/EngineMaterials/Substrate/Glints2/dict_0004_0102.uasset" 9155
"../../../Engine/Content/EngineMaterials/Substrate/Glints2/dict_0004_0103.uasset" 9156
"../../../Engine/Content/EngineMaterials/Substrate/Glints2/dict_0004_0105.uasset" 9157
"../../../Engine/Content/EngineMaterials/Substrate/Glints2/dict_0004_0111.uasset" 9158
"../../../Engine/Content/EngineMaterials/Substrate/Glints2/dict_0004_0104.uasset" 9159
"../../../Engine/Content/EngineMaterials/Substrate/Glints2/dict_0004_0106.uasset" 9160
"../../../Engine/Content/EngineMaterials/Substrate/Glints2/dict_0004_0114.uasset" 9161
"../../../Engine/Content/EngineMaterials/Substrate/Glints2/dict_0004_0107.uasset" 9162
"../../../Engine/Content/EngineMaterials/Substrate/Glints2/dict_0004_0109.uasset" 9163
"/Engine/EngineMaterials/Substrate/Glints2/dict_0004_0100" 9164
"../../../Engine/Content/EngineMaterials/Substrate/Glints2/dict_0004_0117.uasset" 9165
"../../../Engine/Content/EngineMaterials/Substrate/Glints2/dict_0004_0120.uasset" 9166
"../../../Engine/Content/EngineMaterials/Substrate/Glints2/dict_0004_0116.uasset" 9167
"../../../Engine/Content/EngineMaterials/Substrate/Glints2/dict_0004_0122.uasset" 9168
"../../../Engine/Content/EngineMaterials/Substrate/Glints2/dict_0004_0123.uasset" 9169
"../../../Engine/Content/EngineMaterials/Substrate/Glints2/dict_0004_0112.uasset" 9170
"../../../Engine/Content/EngineMaterials/Substrate/Glints2/dict_0004_0113.uasset" 9171
"../../../Engine/Content/EngineMaterials/Substrate/Glints2/dict_0004_0119.uasset" 9172
"../../../Engine/Content/EngineMaterials/Substrate/Glints2/dict_0004_0108.uasset" 9173
"../../../Engine/Content/EngineMaterials/Substrate/Glints2/dict_0004_0115.uasset" 9174
"../../../Engine/Content/EngineMaterials/Substrate/Glints2/dict_0004_0121.uasset" 9175
"../../../Engine/Content/EngineMaterials/Substrate/Glints2/dict_0004_0125.uasset" 9176
"../../../Engine/Content/EngineMaterials/Substrate/Glints2/dict_0004_0110.uasset" 9177
"../../../Engine/Content/EngineMaterials/Substrate/Glints2/dict_0004_0124.uasset" 9178
"/Engine/EngineMaterials/Substrate/Glints2/dict_0004_0099" 9179
"../../../Engine/Content/EngineMaterials/Substrate/Glints2/dict_0004_0118.uasset" 9180
"/Engine/EngineMaterials/Substrate/Glints2/dict_0004_0098" 9181
"/Engine/EngineMaterials/Substrate/Glints2/dict_0004_0097" 9182
"/Engine/EngineMaterials/Substrate/Glints2/dict_0004_0096" 9183
"/Engine/EngineMaterials/Substrate/Glints2/dict_0004_0095" 9184
"/Engine/EngineMaterials/Substrate/Glints2/dict_0004_0094" 9185
"/Engine/EngineMaterials/Substrate/Glints2/dict_0004_0125" 9186
"../../../Engine/Content/EngineMaterials/Substrate/Glints2/dict_0004_0127.uasset" 9187
"/Engine/EngineMaterials/Substrate/Glints2/dict_0004_0124" 9188
"../../../Engine/Content/EngineMaterials/Substrate/Glints2/dict_0004_0126.uasset" 9189
"../../../Engine/Content/EngineMaterials/Substrate/Glints2/dict_0004_0133.uasset" 9190
"../../../Engine/Content/EngineMaterials/Substrate/Glints2/dict_0004_0130.uasset" 9191
"../../../Engine/Content/EngineMaterials/Substrate/Glints2/dict_0004_0128.uasset" 9192
"../../../Engine/Content/EngineMaterials/Substrate/Glints2/dict_0004_0131.uasset" 9193
"../../../Engine/Content/EngineMaterials/Substrate/Glints2/dict_0004_0132.uasset" 9194
"../../../Engine/Content/EngineMaterials/Substrate/Glints2/dict_0004_0129.uasset" 9195
"/Engine/EngineMaterials/Substrate/Glints2/dict_0004_0123" 9196
"/Engine/EngineMaterials/Substrate/Glints2/dict_0004_0122" 9197
"/Engine/EngineMaterials/Substrate/Glints2/dict_0004_0121" 9198
"/Engine/EngineMaterials/Substrate/Glints2/dict_0004_0120" 9199
"/Engine/EngineMaterials/Substrate/Glints2/dict_0004_0119" 9200
"/Engine/EngineMaterials/Substrate/Glints2/dict_0004_0118" 9201
"/Engine/EngineMaterials/Substrate/Glints2/dict_0004_0117" 9202
"/Engine/EngineMaterials/Substrate/Glints2/dict_0004_0116" 9203
"/Engine/EngineMaterials/Substrate/Glints2/dict_0004_0115" 9204
"/Engine/EngineMaterials/Substrate/Glints2/dict_0004_0114" 9205
"/Engine/EngineMaterials/Substrate/Glints2/dict_0004_0113" 9206
"/Engine/EngineMaterials/Substrate/Glints2/dict_0004_0112" 9207
"/Engine/EngineMaterials/Substrate/Glints2/dict_0004_0111" 9208
"/Engine/EngineMaterials/Substrate/Glints2/dict_0004_0110" 9209
"/Engine/EngineMaterials/Substrate/Glints2/dict_0004_0109" 9210
"/Engine/EngineMaterials/Substrate/Glints2/dict_0004_0108" 9211
"/Engine/EngineMaterials/Substrate/Glints2/dict_0004_0107" 9212
"/Engine/EngineMaterials/Substrate/Glints2/dict_0004_0106" 9213
"/Engine/EngineMaterials/Substrate/Glints2/dict_0004_0105" 9214
"/Engine/EngineMaterials/Substrate/Glints2/dict_0004_0104" 9215
"/Engine/EngineMaterials/Substrate/Glints2/dict_0004_0103" 9216
"/Engine/EngineMaterials/Substrate/Glints2/dict_0004_0102" 9217
"/Engine/EngineMaterials/Substrate/Glints2/dict_0004_0133" 9218
"../../../Engine/Content/EngineMaterials/Substrate/Glints2/dict_0004_0135.uasset" 9219
"../../../Engine/Content/EngineMaterials/Substrate/Glints2/dict_0004_0134.uasset" 9220
"../../../Engine/Content/EngineMaterials/Substrate/Glints2/dict_0004_0136.uasset" 9221
"../../../Engine/Content/EngineMaterials/Substrate/Glints2/dict_0004_0138.uasset" 9222
"../../../Engine/Content/EngineMaterials/Substrate/Glints2/dict_0004_0141.uasset" 9223
"/Engine/EngineMaterials/Substrate/Glints2/dict_0004_0132" 9224
"../../../Engine/Content/EngineMaterials/Substrate/Glints2/dict_0004_0142.uasset" 9225
"../../../Engine/Content/EngineMaterials/Substrate/Glints2/dict_0004_0137.uasset" 9226
"/Engine/EngineMaterials/Substrate/Glints2/dict_0004_0131" 9227
"../../../Engine/Content/EngineMaterials/Substrate/Glints2/dict_0004_0146.uasset" 9228
"../../../Engine/Content/EngineMaterials/Substrate/Glints2/dict_0004_0151.uasset" 9229
"/Engine/EngineMaterials/Substrate/Glints2/dict_0004_0130" 9230
"../../../Engine/Content/EngineMaterials/Substrate/Glints2/dict_0004_0145.uasset" 9231
"../../../Engine/Content/EngineMaterials/Substrate/Glints2/dict_0004_0147.uasset" 9232
"../../../Engine/Content/EngineMaterials/Substrate/Glints2/dict_0004_0140.uasset" 9233
"../../../Engine/Content/EngineMaterials/Substrate/Glints2/dict_0004_0144.uasset" 9234
"../../../Engine/Content/EngineMaterials/Substrate/Glints2/dict_0004_0153.uasset" 9235
"../../../Engine/Content/EngineMaterials/Substrate/Glints2/dict_0004_0149.uasset" 9236
"../../../Engine/Content/EngineMaterials/Substrate/Glints2/dict_0004_0154.uasset" 9237
"../../../Engine/Content/EngineMaterials/Substrate/Glints2/dict_0004_0143.uasset" 9238
"../../../Engine/Content/EngineMaterials/Substrate/Glints2/dict_0004_0157.uasset" 9239
"../../../Engine/Content/EngineMaterials/Substrate/Glints2/dict_0004_0139.uasset" 9240
"../../../Engine/Content/EngineMaterials/Substrate/Glints2/dict_0004_0150.uasset" 9241
"../../../Engine/Content/EngineMaterials/Substrate/Glints2/dict_0004_0152.uasset" 9242
"../../../Engine/Content/EngineMaterials/Substrate/Glints2/dict_0004_0156.uasset" 9243
"/Engine/EngineMaterials/Substrate/Glints2/dict_0004_0129" 9244
"../../../Engine/Content/EngineMaterials/Substrate/Glints2/dict_0004_0148.uasset" 9245
"../../../Engine/Content/EngineMaterials/Substrate/Glints2/dict_0004_0155.uasset" 9246
"/Engine/EngineMaterials/Substrate/Glints2/dict_0004_0128" 9247
"/Engine/EngineMaterials/Substrate/Glints2/dict_0004_0127" 9248
"/Engine/EngineMaterials/Substrate/Glints2/dict_0004_0126" 9249
"/Engine/EngineMaterials/Substrate/Glints2/dict_0004_0157" 9250
"../../../Engine/Content/EngineMaterials/Substrate/Glints2/dict_0004_0159.uasset" 9251
"../../../Engine/Content/EngineMaterials/Substrate/Glints2/dict_0004_0160.uasset" 9252
"/Engine/EngineMaterials/Substrate/Glints2/dict_0004_0156" 9253
"../../../Engine/Content/EngineMaterials/Substrate/Glints2/dict_0004_0158.uasset" 9254
"../../../Engine/Content/EngineMaterials/Substrate/Glints2/dict_0004_0162.uasset" 9255
"../../../Engine/Content/EngineMaterials/Substrate/Glints2/dict_0004_0161.uasset" 9256
"../../../Engine/Content/EngineMaterials/Substrate/Glints2/dict_0004_0165.uasset" 9257
"../../../Engine/Content/EngineMaterials/Substrate/Glints2/dict_0004_0164.uasset" 9258
"../../../Engine/Content/EngineMaterials/Substrate/Glints2/dict_0004_0163.uasset" 9259
"/Engine/EngineMaterials/Substrate/Glints2/dict_0004_0155" 9260
"/Engine/EngineMaterials/Substrate/Glints2/dict_0004_0154" 9261
"/Engine/EngineMaterials/Substrate/Glints2/dict_0004_0153" 9262
"/Engine/EngineMaterials/Substrate/Glints2/dict_0004_0152" 9263
"/Engine/EngineMaterials/Substrate/Glints2/dict_0004_0151" 9264
"/Engine/EngineMaterials/Substrate/Glints2/dict_0004_0150" 9265
"/Engine/EngineMaterials/Substrate/Glints2/dict_0004_0149" 9266
"/Engine/EngineMaterials/Substrate/Glints2/dict_0004_0148" 9267
"/Engine/EngineMaterials/Substrate/Glints2/dict_0004_0147" 9268
"/Engine/EngineMaterials/Substrate/Glints2/dict_0004_0146" 9269
"/Engine/EngineMaterials/Substrate/Glints2/dict_0004_0145" 9270
"/Engine/EngineMaterials/Substrate/Glints2/dict_0004_0144" 9271
"/Engine/EngineMaterials/Substrate/Glints2/dict_0004_0143" 9272
"/Engine/EngineMaterials/Substrate/Glints2/dict_0004_0142" 9273
"/Engine/EngineMaterials/Substrate/Glints2/dict_0004_0141" 9274
"/Engine/EngineMaterials/Substrate/Glints2/dict_0004_0140" 9275
"/Engine/EngineMaterials/Substrate/Glints2/dict_0004_0139" 9276
"/Engine/EngineMaterials/Substrate/Glints2/dict_0004_0138" 9277
"/Engine/EngineMaterials/Substrate/Glints2/dict_0004_0137" 9278
"/Engine/EngineMaterials/Substrate/Glints2/dict_0004_0136" 9279
"/Engine/EngineMaterials/Substrate/Glints2/dict_0004_0135" 9280
"/Engine/EngineMaterials/Substrate/Glints2/dict_0004_0134" 9281
"/Engine/EngineMaterials/Substrate/Glints2/dict_0004_0165" 9282
"../../../Engine/Content/EngineMaterials/Substrate/Glints2/dict_0004_0168.uasset" 9283
"/Engine/EngineMaterials/Substrate/Glints2/dict_0004_0164" 9284
"../../../Engine/Content/EngineMaterials/Substrate/Glints2/dict_0004_0166.uasset" 9285
"../../../Engine/Content/EngineMaterials/Substrate/Glints2/dict_0004_0173.uasset" 9286
"../../../Engine/Content/EngineMaterials/Substrate/Glints2/dict_0004_0167.uasset" 9287
"../../../Engine/Content/EngineMaterials/Substrate/Glints2/dict_0004_0169.uasset" 9288
"../../../Engine/Content/EngineMaterials/Substrate/Glints2/dict_0004_0170.uasset" 9289
"../../../Engine/Content/EngineMaterials/Substrate/Glints2/dict_0004_0171.uasset" 9290
"../../../Engine/Content/EngineMaterials/Substrate/Glints2/dict_0004_0177.uasset" 9291
"/Engine/EngineMaterials/Substrate/Glints2/dict_0004_0163" 9292
"../../../Engine/Content/EngineMaterials/Substrate/Glints2/dict_0004_0172.uasset" 9293
"../../../Engine/Content/EngineMaterials/Substrate/Glints2/dict_0004_0175.uasset" 9294
"../../../Engine/Content/EngineMaterials/Substrate/Glints2/dict_0004_0180.uasset" 9295
"../../../Engine/Content/EngineMaterials/Substrate/Glints2/dict_0004_0185.uasset" 9296
"../../../Engine/Content/EngineMaterials/Substrate/Glints2/dict_0004_0174.uasset" 9297
"../../../Engine/Content/EngineMaterials/Substrate/Glints2/dict_0004_0189.uasset" 9298
"../../../Engine/Content/EngineMaterials/Substrate/Glints2/dict_0004_0178.uasset" 9299
"../../../Engine/Content/EngineMaterials/Substrate/Glints2/dict_0004_0182.uasset" 9300
"../../../Engine/Content/EngineMaterials/Substrate/Glints2/dict_0004_0188.uasset" 9301
"../../../Engine/Content/EngineMaterials/Substrate/Glints2/dict_0004_0187.uasset" 9302
"../../../Engine/Content/EngineMaterials/Substrate/Glints2/dict_0004_0186.uasset" 9303
"../../../Engine/Content/EngineMaterials/Substrate/Glints2/dict_0004_0176.uasset" 9304
"../../../Engine/Content/EngineMaterials/Substrate/Glints2/dict_0004_0184.uasset" 9305
"../../../Engine/Content/EngineMaterials/Substrate/Glints2/dict_0004_0181.uasset" 9306
"/Engine/EngineMaterials/Substrate/Glints2/dict_0004_0162" 9307
"../../../Engine/Content/EngineMaterials/Substrate/Glints2/dict_0004_0179.uasset" 9308
"../../../Engine/Content/EngineMaterials/Substrate/Glints2/dict_0004_0183.uasset" 9309
"/Engine/EngineMaterials/Substrate/Glints2/dict_0004_0161" 9310
"/Engine/EngineMaterials/Substrate/Glints2/dict_0004_0160" 9311
"/Engine/EngineMaterials/Substrate/Glints2/dict_0004_0159" 9312
"/Engine/EngineMaterials/Substrate/Glints2/dict_0004_0158" 9313
"/Engine/EngineMaterials/Substrate/Glints2/dict_0004_0189" 9314
"../../../Engine/Content/EngineMaterials/Substrate/Glints2/dict_0004_0190.uasset" 9315
"/Engine/EngineMaterials/Substrate/Glints2/dict_0004_0188" 9316
"../../../Engine/Content/EngineMaterials/Substrate/Glints2/dict_0004_0193.uasset" 9317
"../../../Engine/Content/EngineMaterials/Substrate/Glints2/dict_0004_0195.uasset" 9318
"../../../Engine/Content/EngineMaterials/Substrate/Glints2/dict_0004_0194.uasset" 9319
"../../../Engine/Content/EngineMaterials/Substrate/Glints2/dict_0004_0191.uasset" 9320
"../../../Engine/Content/EngineMaterials/Substrate/Glints2/dict_0004_0196.uasset" 9321
"/Engine/EngineMaterials/Substrate/Glints2/dict_0004_0187" 9322
"../../../Engine/Content/EngineMaterials/Substrate/Glints2/dict_0004_0197.uasset" 9323
"../../../Engine/Content/EngineMaterials/Substrate/Glints2/dict_0004_0192.uasset" 9324
"/Engine/EngineMaterials/Substrate/Glints2/dict_0004_0186" 9325
"/Engine/EngineMaterials/Substrate/Glints2/dict_0004_0185" 9326
"/Engine/EngineMaterials/Substrate/Glints2/dict_0004_0184" 9327
"/Engine/EngineMaterials/Substrate/Glints2/dict_0004_0183" 9328
"/Engine/EngineMaterials/Substrate/Glints2/dict_0004_0182" 9329
"/Engine/EngineMaterials/Substrate/Glints2/dict_0004_0181" 9330
"/Engine/EngineMaterials/Substrate/Glints2/dict_0004_0180" 9331
"/Engine/EngineMaterials/Substrate/Glints2/dict_0004_0179" 9332
"/Engine/EngineMaterials/Substrate/Glints2/dict_0004_0178" 9333
"/Engine/EngineMaterials/Substrate/Glints2/dict_0004_0177" 9334
"/Engine/EngineMaterials/Substrate/Glints2/dict_0004_0176" 9335
"/Engine/EngineMaterials/Substrate/Glints2/dict_0004_0175" 9336
"/Engine/EngineMaterials/Substrate/Glints2/dict_0004_0174" 9337
"/Engine/EngineMaterials/Substrate/Glints2/dict_0004_0173" 9338
"/Engine/EngineMaterials/Substrate/Glints2/dict_0004_0172" 9339
"/Engine/EngineMaterials/Substrate/Glints2/dict_0004_0171" 9340
"/Engine/EngineMaterials/Substrate/Glints2/dict_0004_0170" 9341
"/Engine/EngineMaterials/Substrate/Glints2/dict_0004_0169" 9342
"/Engine/EngineMaterials/Substrate/Glints2/dict_0004_0168" 9343
"/Engine/EngineMaterials/Substrate/Glints2/dict_0004_0167" 9344
"/Engine/EngineMaterials/Substrate/Glints2/dict_0004_0166" 9345
"/Engine/EngineMaterials/Substrate/Glints2/dict_0004_0197" 9346
"/Engine/EngineMaterials/Substrate/Glints2/dict_0004_0196" 9347
"../../../Engine/Content/EngineMaterials/Substrate/Glints2/dict_0004_0202.uasset" 9348
"../../../Engine/Content/EngineMaterials/Substrate/Glints2/dict_0004_0201.uasset" 9349
"../../../Engine/Content/EngineMaterials/Substrate/Glints2/dict_0004_0198.uasset" 9350
"../../../Engine/Content/EngineMaterials/Substrate/Glints2/dict_0004_0205.uasset" 9351
"/Engine/EngineMaterials/Substrate/Glints2/dict_0004_0195" 9352
"../../../Engine/Content/EngineMaterials/Substrate/Glints2/dict_0004_0199.uasset" 9353
"../../../Engine/Content/EngineMaterials/Substrate/Glints2/dict_0004_0200.uasset" 9354
"../../../Engine/Content/EngineMaterials/Substrate/Glints2/dict_0004_0207.uasset" 9355
"../../../Engine/Content/EngineMaterials/Substrate/Glints2/dict_0004_0211.uasset" 9356
"../../../Engine/Content/EngineMaterials/Substrate/Glints2/dict_0004_0208.uasset" 9357
"../../../Engine/Content/EngineMaterials/Substrate/Glints2/dict_0004_0210.uasset" 9358
"/Engine/EngineMaterials/Substrate/Glints2/dict_0004_0194" 9359
"../../../Engine/Content/EngineMaterials/Substrate/Glints2/dict_0004_0218.uasset" 9360
"../../../Engine/Content/EngineMaterials/Substrate/Glints2/dict_0004_0209.uasset" 9361
"../../../Engine/Content/EngineMaterials/Substrate/Glints2/dict_0004_0204.uasset" 9362
"../../../Engine/Content/EngineMaterials/Substrate/Glints2/dict_0004_0203.uasset" 9363
"../../../Engine/Content/EngineMaterials/Substrate/Glints2/dict_0004_0206.uasset" 9364
"../../../Engine/Content/EngineMaterials/Substrate/Glints2/dict_0004_0220.uasset" 9365
"../../../Engine/Content/EngineMaterials/Substrate/Glints2/dict_0004_0212.uasset" 9366
"/Engine/EngineMaterials/Substrate/Glints2/dict_0004_0193" 9367
"../../../Engine/Content/EngineMaterials/Substrate/Glints2/dict_0004_0213.uasset" 9368
"../../../Engine/Content/EngineMaterials/Substrate/Glints2/dict_0004_0215.uasset" 9369
"../../../Engine/Content/EngineMaterials/Substrate/Glints2/dict_0004_0219.uasset" 9370
"../../../Engine/Content/EngineMaterials/Substrate/Glints2/dict_0004_0221.uasset" 9371
"../../../Engine/Content/EngineMaterials/Substrate/Glints2/dict_0004_0214.uasset" 9372
"../../../Engine/Content/EngineMaterials/Substrate/Glints2/dict_0004_0216.uasset" 9373
"../../../Engine/Content/EngineMaterials/Substrate/Glints2/dict_0004_0217.uasset" 9374
"/Engine/EngineMaterials/Substrate/Glints2/dict_0004_0192" 9375
"/Engine/EngineMaterials/Substrate/Glints2/dict_0004_0191" 9376
"/Engine/EngineMaterials/Substrate/Glints2/dict_0004_0190" 9377
"/Engine/EngineMaterials/Substrate/Glints2/dict_0004_0221" 9378
"../../../Engine/Content/EngineMaterials/Substrate/Glints2/dict_0004_0224.uasset" 9379
"../../../Engine/Content/EngineMaterials/Substrate/Glints2/dict_0004_0222.uasset" 9380
"../../../Engine/Content/EngineMaterials/Substrate/Glints2/dict_0004_0227.uasset" 9381
"../../../Engine/Content/EngineMaterials/Substrate/Glints2/dict_0004_0225.uasset" 9382
"../../../Engine/Content/EngineMaterials/Substrate/Glints2/dict_0004_0226.uasset" 9383
"../../../Engine/Content/EngineMaterials/Substrate/Glints2/dict_0004_0228.uasset" 9384
"../../../Engine/Content/EngineMaterials/Substrate/Glints2/dict_0004_0229.uasset" 9385
"../../../Engine/Content/EngineMaterials/Substrate/Glints2/dict_0004_0223.uasset" 9386
"/Engine/EngineMaterials/Substrate/Glints2/dict_0004_0220" 9387
"/Engine/EngineMaterials/Substrate/Glints2/dict_0004_0219" 9388
"/Engine/EngineMaterials/Substrate/Glints2/dict_0004_0218" 9389
"/Engine/EngineMaterials/Substrate/Glints2/dict_0004_0217" 9390
"/Engine/EngineMaterials/Substrate/Glints2/dict_0004_0216" 9391
"/Engine/EngineMaterials/Substrate/Glints2/dict_0004_0215" 9392
"/Engine/EngineMaterials/Substrate/Glints2/dict_0004_0214" 9393
"/Engine/EngineMaterials/Substrate/Glints2/dict_0004_0213" 9394
"/Engine/EngineMaterials/Substrate/Glints2/dict_0004_0212" 9395
"/Engine/EngineMaterials/Substrate/Glints2/dict_0004_0211" 9396
"/Engine/EngineMaterials/Substrate/Glints2/dict_0004_0210" 9397
"/Engine/EngineMaterials/Substrate/Glints2/dict_0004_0209" 9398
"/Engine/EngineMaterials/Substrate/Glints2/dict_0004_0208" 9399
"/Engine/EngineMaterials/Substrate/Glints2/dict_0004_0207" 9400
"/Engine/EngineMaterials/Substrate/Glints2/dict_0004_0206" 9401
"/Engine/EngineMaterials/Substrate/Glints2/dict_0004_0205" 9402
"/Engine/EngineMaterials/Substrate/Glints2/dict_0004_0204" 9403
"/Engine/EngineMaterials/Substrate/Glints2/dict_0004_0203" 9404
"/Engine/EngineMaterials/Substrate/Glints2/dict_0004_0202" 9405
"/Engine/EngineMaterials/Substrate/Glints2/dict_0004_0201" 9406
"/Engine/EngineMaterials/Substrate/Glints2/dict_0004_0200" 9407
"/Engine/EngineMaterials/Substrate/Glints2/dict_0004_0199" 9408
"/Engine/EngineMaterials/Substrate/Glints2/dict_0004_0198" 9409
"/Engine/EngineMaterials/Substrate/Glints2/dict_0004_0229" 9410
"/Engine/EngineMaterials/Substrate/Glints2/dict_0004_0228" 9411
"../../../Engine/Content/EngineMaterials/Substrate/Glints2/dict_0004_0231.uasset" 9412
"../../../Engine/Content/EngineMaterials/Substrate/Glints2/dict_0004_0235.uasset" 9413
"../../../Engine/Content/EngineMaterials/Substrate/Glints2/dict_0004_0239.uasset" 9414
"../../../Engine/Content/EngineMaterials/Substrate/Glints2/dict_0004_0233.uasset" 9415
"../../../Engine/Content/EngineMaterials/Substrate/Glints2/dict_0004_0237.uasset" 9416
"/Engine/EngineMaterials/Substrate/Glints2/dict_0004_0227" 9417
"../../../Engine/Content/EngineMaterials/Substrate/Glints2/dict_0004_0230.uasset" 9418
"../../../Engine/Content/EngineMaterials/Substrate/Glints2/dict_0004_0234.uasset" 9419
"../../../Engine/Content/EngineMaterials/Substrate/Glints2/dict_0004_0236.uasset" 9420
"../../../Engine/Content/EngineMaterials/Substrate/Glints2/dict_0004_0232.uasset" 9421
"../../../Engine/Content/EngineMaterials/Substrate/Glints2/dict_0004_0242.uasset" 9422
"/Engine/EngineMaterials/Substrate/Glints2/dict_0004_0226" 9423
"../../../Engine/Content/EngineMaterials/Substrate/Glints2/dict_0004_0243.uasset" 9424
"../../../Engine/Content/EngineMaterials/Substrate/Glints2/dict_0004_0247.uasset" 9425
"../../../Engine/Content/EngineMaterials/Substrate/Glints2/dict_0004_0245.uasset" 9426
"../../../Engine/Content/EngineMaterials/Substrate/Glints2/dict_0004_0241.uasset" 9427
"../../../Engine/Content/EngineMaterials/Substrate/Glints2/dict_0004_0251.uasset" 9428
"/Engine/EngineMaterials/Substrate/Glints2/dict_0004_0225" 9429
"../../../Engine/Content/EngineMaterials/Substrate/Glints2/dict_0004_0252.uasset" 9430
"../../../Engine/Content/EngineMaterials/Substrate/Glints2/dict_0004_0253.uasset" 9431
"../../../Engine/Content/EngineMaterials/Substrate/Glints2/dict_0004_0238.uasset" 9432
"../../../Engine/Content/EngineMaterials/Substrate/Glints2/dict_0004_0246.uasset" 9433
"../../../Engine/Content/EngineMaterials/Substrate/Glints2/dict_0004_0248.uasset" 9434
"../../../Engine/Content/EngineMaterials/Substrate/Glints2/dict_0004_0244.uasset" 9435
"../../../Engine/Content/EngineMaterials/Substrate/Glints2/dict_0004_0249.uasset" 9436
"../../../Engine/Content/EngineMaterials/Substrate/Glints2/dict_0004_0240.uasset" 9437
"../../../Engine/Content/EngineMaterials/Substrate/Glints2/dict_0004_0250.uasset" 9438
"/Engine/EngineMaterials/Substrate/Glints2/dict_0004_0224" 9439
"/Engine/EngineMaterials/Substrate/Glints2/dict_0004_0223" 9440
"/Engine/EngineMaterials/Substrate/Glints2/dict_0004_0222" 9441
"/Engine/EngineMaterials/Substrate/Glints2/dict_0004_0253" 9442
"../../../Engine/Content/EngineMaterials/Substrate/Glints2/dict_0004_0254.uasset" 9443
"../../../Engine/Content/EngineMaterials/Substrate/Glints2/dict_0004_0255.uasset" 9444
"../../../Engine/Content/EngineMaterials/Substrate/Glints2/dict_0005_0000.uasset" 9445
"../../../Engine/Content/EngineMaterials/Substrate/Glints2/dict_0005_0003.uasset" 9446
"../../../Engine/Content/EngineMaterials/Substrate/Glints2/dict_0005_0002.uasset" 9447
"../../../Engine/Content/EngineMaterials/Substrate/Glints2/dict_0005_0004.uasset" 9448
"../../../Engine/Content/EngineMaterials/Substrate/Glints2/dict_0005_0001.uasset" 9449
"../../../Engine/Content/EngineMaterials/Substrate/Glints2/dict_0005_0005.uasset" 9450
"/Engine/EngineMaterials/Substrate/Glints2/dict_0004_0252" 9451
"/Engine/EngineMaterials/Substrate/Glints2/dict_0004_0251" 9452
"/Engine/EngineMaterials/Substrate/Glints2/dict_0004_0250" 9453
"/Engine/EngineMaterials/Substrate/Glints2/dict_0004_0249" 9454
"/Engine/EngineMaterials/Substrate/Glints2/dict_0004_0248" 9455
"/Engine/EngineMaterials/Substrate/Glints2/dict_0004_0247" 9456
"/Engine/EngineMaterials/Substrate/Glints2/dict_0004_0246" 9457
"/Engine/EngineMaterials/Substrate/Glints2/dict_0004_0245" 9458
"/Engine/EngineMaterials/Substrate/Glints2/dict_0004_0244" 9459
"/Engine/EngineMaterials/Substrate/Glints2/dict_0004_0243" 9460
"/Engine/EngineMaterials/Substrate/Glints2/dict_0004_0242" 9461
"/Engine/EngineMaterials/Substrate/Glints2/dict_0004_0241" 9462
"/Engine/EngineMaterials/Substrate/Glints2/dict_0004_0240" 9463
"/Engine/EngineMaterials/Substrate/Glints2/dict_0004_0239" 9464
"/Engine/EngineMaterials/Substrate/Glints2/dict_0004_0238" 9465
"/Engine/EngineMaterials/Substrate/Glints2/dict_0004_0237" 9466
"/Engine/EngineMaterials/Substrate/Glints2/dict_0004_0236" 9467
"/Engine/EngineMaterials/Substrate/Glints2/dict_0004_0235" 9468
"/Engine/EngineMaterials/Substrate/Glints2/dict_0004_0234" 9469
"/Engine/EngineMaterials/Substrate/Glints2/dict_0004_0233" 9470
"/Engine/EngineMaterials/Substrate/Glints2/dict_0004_0232" 9471
"/Engine/EngineMaterials/Substrate/Glints2/dict_0004_0231" 9472
"/Engine/EngineMaterials/Substrate/Glints2/dict_0004_0230" 9473
"/Engine/EngineMaterials/Substrate/Glints2/dict_0005_0005" 9474
"../../../Engine/Content/EngineMaterials/Substrate/Glints2/dict_0005_0007.uasset" 9475
"../../../Engine/Content/EngineMaterials/Substrate/Glints2/dict_0005_0008.uasset" 9476
"../../../Engine/Content/EngineMaterials/Substrate/Glints2/dict_0005_0009.uasset" 9477
"../../../Engine/Content/EngineMaterials/Substrate/Glints2/dict_0005_0011.uasset" 9478
"../../../Engine/Content/EngineMaterials/Substrate/Glints2/dict_0005_0013.uasset" 9479
"../../../Engine/Content/EngineMaterials/Substrate/Glints2/dict_0005_0010.uasset" 9480
"../../../Engine/Content/EngineMaterials/Substrate/Glints2/dict_0005_0014.uasset" 9481
"../../../Engine/Content/EngineMaterials/Substrate/Glints2/dict_0005_0015.uasset" 9482
"/Engine/EngineMaterials/Substrate/Glints2/dict_0005_0004" 9483
"../../../Engine/Content/EngineMaterials/Substrate/Glints2/dict_0005_0021.uasset" 9484
"../../../Engine/Content/EngineMaterials/Substrate/Glints2/dict_0005_0016.uasset" 9485
"../../../Engine/Content/EngineMaterials/Substrate/Glints2/dict_0005_0006.uasset" 9486
"../../../Engine/Content/EngineMaterials/Substrate/Glints2/dict_0005_0017.uasset" 9487
"../../../Engine/Content/EngineMaterials/Substrate/Glints2/dict_0005_0012.uasset" 9488
"../../../Engine/Content/EngineMaterials/Substrate/Glints2/dict_0005_0018.uasset" 9489
"../../../Engine/Content/EngineMaterials/Substrate/Glints2/dict_0005_0022.uasset" 9490
"../../../Engine/Content/EngineMaterials/Substrate/Glints2/dict_0005_0029.uasset" 9491
"../../../Engine/Content/EngineMaterials/Substrate/Glints2/dict_0005_0025.uasset" 9492
"../../../Engine/Content/EngineMaterials/Substrate/Glints2/dict_0005_0024.uasset" 9493
"../../../Engine/Content/EngineMaterials/Substrate/Glints2/dict_0005_0026.uasset" 9494
"../../../Engine/Content/EngineMaterials/Substrate/Glints2/dict_0005_0020.uasset" 9495
"../../../Engine/Content/EngineMaterials/Substrate/Glints2/dict_0005_0019.uasset" 9496
"../../../Engine/Content/EngineMaterials/Substrate/Glints2/dict_0005_0023.uasset" 9497
"/Engine/EngineMaterials/Substrate/Glints2/dict_0005_0003" 9498
"../../../Engine/Content/EngineMaterials/Substrate/Glints2/dict_0005_0027.uasset" 9499
"../../../Engine/Content/EngineMaterials/Substrate/Glints2/dict_0005_0028.uasset" 9500
"/Engine/EngineMaterials/Substrate/Glints2/dict_0005_0002" 9501
"/Engine/EngineMaterials/Substrate/Glints2/dict_0005_0001" 9502
"/Engine/EngineMaterials/Substrate/Glints2/dict_0005_0000" 9503
"/Engine/EngineMaterials/Substrate/Glints2/dict_0004_0255" 9504
"/Engine/EngineMaterials/Substrate/Glints2/dict_0004_0254" 9505
"/Engine/EngineMaterials/Substrate/Glints2/dict_0005_0029" 9506
"../../../Engine/Content/EngineMaterials/Substrate/Glints2/dict_0005_0031.uasset" 9507
"../../../Engine/Content/EngineMaterials/Substrate/Glints2/dict_0005_0030.uasset" 9508
"../../../Engine/Content/EngineMaterials/Substrate/Glints2/dict_0005_0034.uasset" 9509
"../../../Engine/Content/EngineMaterials/Substrate/Glints2/dict_0005_0035.uasset" 9510
"../../../Engine/Content/EngineMaterials/Substrate/Glints2/dict_0005_0037.uasset" 9511
"../../../Engine/Content/EngineMaterials/Substrate/Glints2/dict_0005_0036.uasset" 9512
"../../../Engine/Content/EngineMaterials/Substrate/Glints2/dict_0005_0032.uasset" 9513
"../../../Engine/Content/EngineMaterials/Substrate/Glints2/dict_0005_0033.uasset" 9514
"/Engine/EngineMaterials/Substrate/Glints2/dict_0005_0028" 9515
"/Engine/EngineMaterials/Substrate/Glints2/dict_0005_0027" 9516
"/Engine/EngineMaterials/Substrate/Glints2/dict_0005_0026" 9517
"/Engine/EngineMaterials/Substrate/Glints2/dict_0005_0025" 9518
"/Engine/EngineMaterials/Substrate/Glints2/dict_0005_0024" 9519
"/Engine/EngineMaterials/Substrate/Glints2/dict_0005_0023" 9520
"/Engine/EngineMaterials/Substrate/Glints2/dict_0005_0022" 9521
"/Engine/EngineMaterials/Substrate/Glints2/dict_0005_0021" 9522
"/Engine/EngineMaterials/Substrate/Glints2/dict_0005_0020" 9523
"/Engine/EngineMaterials/Substrate/Glints2/dict_0005_0019" 9524
"/Engine/EngineMaterials/Substrate/Glints2/dict_0005_0018" 9525
"/Engine/EngineMaterials/Substrate/Glints2/dict_0005_0017" 9526
"/Engine/EngineMaterials/Substrate/Glints2/dict_0005_0016" 9527
"/Engine/EngineMaterials/Substrate/Glints2/dict_0005_0015" 9528
"/Engine/EngineMaterials/Substrate/Glints2/dict_0005_0014" 9529
"/Engine/EngineMaterials/Substrate/Glints2/dict_0005_0013" 9530
"/Engine/EngineMaterials/Substrate/Glints2/dict_0005_0012" 9531
"/Engine/EngineMaterials/Substrate/Glints2/dict_0005_0011" 9532
"/Engine/EngineMaterials/Substrate/Glints2/dict_0005_0010" 9533
"/Engine/EngineMaterials/Substrate/Glints2/dict_0005_0009" 9534
"/Engine/EngineMaterials/Substrate/Glints2/dict_0005_0008" 9535
"/Engine/EngineMaterials/Substrate/Glints2/dict_0005_0007" 9536
"/Engine/EngineMaterials/Substrate/Glints2/dict_0005_0006" 9537
"/Engine/EngineMaterials/Substrate/Glints2/dict_0005_0037" 9538
"/Engine/EngineMaterials/Substrate/Glints2/dict_0005_0036" 9539
"../../../Engine/Content/EngineMaterials/Substrate/Glints2/dict_0005_0039.uasset" 9540
"../../../Engine/Content/EngineMaterials/Substrate/Glints2/dict_0005_0044.uasset" 9541
"../../../Engine/Content/EngineMaterials/Substrate/Glints2/dict_0005_0041.uasset" 9542
"../../../Engine/Content/EngineMaterials/Substrate/Glints2/dict_0005_0038.uasset" 9543
"/Engine/EngineMaterials/Substrate/Glints2/dict_0005_0035" 9544
"../../../Engine/Content/EngineMaterials/Substrate/Glints2/dict_0005_0046.uasset" 9545
"../../../Engine/Content/EngineMaterials/Substrate/Glints2/dict_0005_0049.uasset" 9546
"../../../Engine/Content/EngineMaterials/Substrate/Glints2/dict_0005_0045.uasset" 9547
"../../../Engine/Content/EngineMaterials/Substrate/Glints2/dict_0005_0042.uasset" 9548
"/Engine/EngineMaterials/Substrate/Glints2/dict_0005_0034" 9549
"../../../Engine/Content/EngineMaterials/Substrate/Glints2/dict_0005_0048.uasset" 9550
"../../../Engine/Content/EngineMaterials/Substrate/Glints2/dict_0005_0051.uasset" 9551
"../../../Engine/Content/EngineMaterials/Substrate/Glints2/dict_0005_0043.uasset" 9552
"../../../Engine/Content/EngineMaterials/Substrate/Glints2/dict_0005_0040.uasset" 9553
"../../../Engine/Content/EngineMaterials/Substrate/Glints2/dict_0005_0053.uasset" 9554
"../../../Engine/Content/EngineMaterials/Substrate/Glints2/dict_0005_0059.uasset" 9555
"../../../Engine/Content/EngineMaterials/Substrate/Glints2/dict_0005_0054.uasset" 9556
"../../../Engine/Content/EngineMaterials/Substrate/Glints2/dict_0005_0052.uasset" 9557
"../../../Engine/Content/EngineMaterials/Substrate/Glints2/dict_0005_0056.uasset" 9558
"../../../Engine/Content/EngineMaterials/Substrate/Glints2/dict_0005_0060.uasset" 9559
"../../../Engine/Content/EngineMaterials/Substrate/Glints2/dict_0005_0057.uasset" 9560
"../../../Engine/Content/EngineMaterials/Substrate/Glints2/dict_0005_0047.uasset" 9561
"../../../Engine/Content/EngineMaterials/Substrate/Glints2/dict_0005_0055.uasset" 9562
"/Engine/EngineMaterials/Substrate/Glints2/dict_0005_0033" 9563
"../../../Engine/Content/EngineMaterials/Substrate/Glints2/dict_0005_0061.uasset" 9564
"../../../Engine/Content/EngineMaterials/Substrate/Glints2/dict_0005_0050.uasset" 9565
"../../../Engine/Content/EngineMaterials/Substrate/Glints2/dict_0005_0058.uasset" 9566
"/Engine/EngineMaterials/Substrate/Glints2/dict_0005_0032" 9567
"/Engine/EngineMaterials/Substrate/Glints2/dict_0005_0031" 9568
"/Engine/EngineMaterials/Substrate/Glints2/dict_0005_0030" 9569
"/Engine/EngineMaterials/Substrate/Glints2/dict_0005_0061" 9570
"../../../Engine/Content/EngineMaterials/Substrate/Glints2/dict_0005_0063.uasset" 9571
"../../../Engine/Content/EngineMaterials/Substrate/Glints2/dict_0005_0062.uasset" 9572
"/Engine/EngineMaterials/Substrate/Glints2/dict_0005_0060" 9573
"../../../Engine/Content/EngineMaterials/Substrate/Glints2/dict_0005_0068.uasset" 9574
"../../../Engine/Content/EngineMaterials/Substrate/Glints2/dict_0005_0064.uasset" 9575
"../../../Engine/Content/EngineMaterials/Substrate/Glints2/dict_0005_0065.uasset" 9576
"../../../Engine/Content/EngineMaterials/Substrate/Glints2/dict_0005_0067.uasset" 9577
"../../../Engine/Content/EngineMaterials/Substrate/Glints2/dict_0005_0066.uasset" 9578
"/Engine/EngineMaterials/Substrate/Glints2/dict_0005_0059" 9579
"../../../Engine/Content/EngineMaterials/Substrate/Glints2/dict_0005_0069.uasset" 9580
"/Engine/EngineMaterials/Substrate/Glints2/dict_0005_0058" 9581
"/Engine/EngineMaterials/Substrate/Glints2/dict_0005_0057" 9582
"/Engine/EngineMaterials/Substrate/Glints2/dict_0005_0056" 9583
"/Engine/EngineMaterials/Substrate/Glints2/dict_0005_0055" 9584
"/Engine/EngineMaterials/Substrate/Glints2/dict_0005_0054" 9585
"/Engine/EngineMaterials/Substrate/Glints2/dict_0005_0053" 9586
"/Engine/EngineMaterials/Substrate/Glints2/dict_0005_0052" 9587
"/Engine/EngineMaterials/Substrate/Glints2/dict_0005_0051" 9588
"/Engine/EngineMaterials/Substrate/Glints2/dict_0005_0050" 9589
"/Engine/EngineMaterials/Substrate/Glints2/dict_0005_0049" 9590
"/Engine/EngineMaterials/Substrate/Glints2/dict_0005_0048" 9591
"/Engine/EngineMaterials/Substrate/Glints2/dict_0005_0047" 9592
"/Engine/EngineMaterials/Substrate/Glints2/dict_0005_0046" 9593
"/Engine/EngineMaterials/Substrate/Glints2/dict_0005_0045" 9594
"/Engine/EngineMaterials/Substrate/Glints2/dict_0005_0044" 9595
"/Engine/EngineMaterials/Substrate/Glints2/dict_0005_0043" 9596
"/Engine/EngineMaterials/Substrate/Glints2/dict_0005_0042" 9597
"/Engine/EngineMaterials/Substrate/Glints2/dict_0005_0041" 9598
"/Engine/EngineMaterials/Substrate/Glints2/dict_0005_0040" 9599
"/Engine/EngineMaterials/Substrate/Glints2/dict_0005_0039" 9600
"/Engine/EngineMaterials/Substrate/Glints2/dict_0005_0038" 9601
"/Engine/EngineMaterials/Substrate/Glints2/dict_0005_0069" 9602
"../../../Engine/Content/EngineMaterials/Substrate/Glints2/dict_0005_0070.uasset" 9603
"../../../Engine/Content/EngineMaterials/Substrate/Glints2/dict_0005_0073.uasset" 9604
"../../../Engine/Content/EngineMaterials/Substrate/Glints2/dict_0005_0071.uasset" 9605
"../../../Engine/Content/EngineMaterials/Substrate/Glints2/dict_0005_0072.uasset" 9606
"../../../Engine/Content/EngineMaterials/Substrate/Glints2/dict_0005_0078.uasset" 9607
"../../../Engine/Content/EngineMaterials/Substrate/Glints2/dict_0005_0079.uasset" 9608
"/Engine/EngineMaterials/Substrate/Glints2/dict_0005_0068" 9609
"../../../Engine/Content/EngineMaterials/Substrate/Glints2/dict_0005_0074.uasset" 9610
"../../../Engine/Content/EngineMaterials/Substrate/Glints2/dict_0005_0076.uasset" 9611
"/Engine/EngineMaterials/Substrate/Glints2/dict_0005_0067" 9612
"../../../Engine/Content/EngineMaterials/Substrate/Glints2/dict_0005_0082.uasset" 9613
"../../../Engine/Content/EngineMaterials/Substrate/Glints2/dict_0005_0075.uasset" 9614
"../../../Engine/Content/EngineMaterials/Substrate/Glints2/dict_0005_0091.uasset" 9615
"../../../Engine/Content/EngineMaterials/Substrate/Glints2/dict_0005_0081.uasset" 9616
"../../../Engine/Content/EngineMaterials/Substrate/Glints2/dict_0005_0088.uasset" 9617
"../../../Engine/Content/EngineMaterials/Substrate/Glints2/dict_0005_0077.uasset" 9618
"../../../Engine/Content/EngineMaterials/Substrate/Glints2/dict_0005_0085.uasset" 9619
"../../../Engine/Content/EngineMaterials/Substrate/Glints2/dict_0005_0093.uasset" 9620
"/Engine/EngineMaterials/Substrate/Glints2/dict_0005_0066" 9621
"../../../Engine/Content/EngineMaterials/Substrate/Glints2/dict_0005_0090.uasset" 9622
"../../../Engine/Content/EngineMaterials/Substrate/Glints2/dict_0005_0092.uasset" 9623
"../../../Engine/Content/EngineMaterials/Substrate/Glints2/dict_0005_0089.uasset" 9624
"../../../Engine/Content/EngineMaterials/Substrate/Glints2/dict_0005_0084.uasset" 9625
"../../../Engine/Content/EngineMaterials/Substrate/Glints2/dict_0005_0087.uasset" 9626
"../../../Engine/Content/EngineMaterials/Substrate/Glints2/dict_0005_0083.uasset" 9627
"../../../Engine/Content/EngineMaterials/Substrate/Glints2/dict_0005_0080.uasset" 9628
"../../../Engine/Content/EngineMaterials/Substrate/Glints2/dict_0005_0086.uasset" 9629
"/Engine/EngineMaterials/Substrate/Glints2/dict_0005_0065" 9630
"/Engine/EngineMaterials/Substrate/Glints2/dict_0005_0064" 9631
"/Engine/EngineMaterials/Substrate/Glints2/dict_0005_0063" 9632
"/Engine/EngineMaterials/Substrate/Glints2/dict_0005_0062" 9633
"/Engine/EngineMaterials/Substrate/Glints2/dict_0005_0093" 9634
"../../../Engine/Content/EngineMaterials/Substrate/Glints2/dict_0005_0095.uasset" 9635
"../../../Engine/Content/EngineMaterials/Substrate/Glints2/dict_0005_0094.uasset" 9636
"../../../Engine/Content/EngineMaterials/Substrate/Glints2/dict_0005_0097.uasset" 9637
"../../../Engine/Content/EngineMaterials/Substrate/Glints2/dict_0005_0101.uasset" 9638
"/Engine/EngineMaterials/Substrate/Glints2/dict_0005_0092" 9639
"../../../Engine/Content/EngineMaterials/Substrate/Glints2/dict_0005_0098.uasset" 9640
"../../../Engine/Content/EngineMaterials/Substrate/Glints2/dict_0005_0096.uasset" 9641
"../../../Engine/Content/EngineMaterials/Substrate/Glints2/dict_0005_0100.uasset" 9642
"../../../Engine/Content/EngineMaterials/Substrate/Glints2/dict_0005_0099.uasset" 9643
"/Engine/EngineMaterials/Substrate/Glints2/dict_0005_0091" 9644
"/Engine/EngineMaterials/Substrate/Glints2/dict_0005_0090" 9645
"/Engine/EngineMaterials/Substrate/Glints2/dict_0005_0089" 9646
"/Engine/EngineMaterials/Substrate/Glints2/dict_0005_0088" 9647
"/Engine/EngineMaterials/Substrate/Glints2/dict_0005_0087" 9648
"/Engine/EngineMaterials/Substrate/Glints2/dict_0005_0086" 9649
"/Engine/EngineMaterials/Substrate/Glints2/dict_0005_0085" 9650
"/Engine/EngineMaterials/Substrate/Glints2/dict_0005_0084" 9651
"/Engine/EngineMaterials/Substrate/Glints2/dict_0005_0083" 9652
"/Engine/EngineMaterials/Substrate/Glints2/dict_0005_0082" 9653
"/Engine/EngineMaterials/Substrate/Glints2/dict_0005_0081" 9654
"/Engine/EngineMaterials/Substrate/Glints2/dict_0005_0080" 9655
"/Engine/EngineMaterials/Substrate/Glints2/dict_0005_0079" 9656
"/Engine/EngineMaterials/Substrate/Glints2/dict_0005_0078" 9657
"/Engine/EngineMaterials/Substrate/Glints2/dict_0005_0077" 9658
"/Engine/EngineMaterials/Substrate/Glints2/dict_0005_0076" 9659
"/Engine/EngineMaterials/Substrate/Glints2/dict_0005_0075" 9660
"/Engine/EngineMaterials/Substrate/Glints2/dict_0005_0074" 9661
"/Engine/EngineMaterials/Substrate/Glints2/dict_0005_0073" 9662
"/Engine/EngineMaterials/Substrate/Glints2/dict_0005_0072" 9663
"/Engine/EngineMaterials/Substrate/Glints2/dict_0005_0071" 9664
"/Engine/EngineMaterials/Substrate/Glints2/dict_0005_0070" 9665
"/Engine/EngineMaterials/Substrate/Glints2/dict_0005_0101" 9666
"../../../Engine/Content/EngineMaterials/Substrate/Glints2/dict_0005_0103.uasset" 9667
"../../../Engine/Content/EngineMaterials/Substrate/Glints2/dict_0005_0102.uasset" 9668
"../../../Engine/Content/EngineMaterials/Substrate/Glints2/dict_0005_0111.uasset" 9669
"../../../Engine/Content/EngineMaterials/Substrate/Glints2/dict_0005_0107.uasset" 9670
"../../../Engine/Content/EngineMaterials/Substrate/Glints2/dict_0005_0108.uasset" 9671
"../../../Engine/Content/EngineMaterials/Substrate/Glints2/dict_0005_0104.uasset" 9672
"/Engine/EngineMaterials/Substrate/Glints2/dict_0005_0100" 9673
"../../../Engine/Content/EngineMaterials/Substrate/Glints2/dict_0005_0110.uasset" 9674
"../../../Engine/Content/EngineMaterials/Substrate/Glints2/dict_0005_0106.uasset" 9675
"../../../Engine/Content/EngineMaterials/Substrate/Glints2/dict_0005_0113.uasset" 9676
"../../../Engine/Content/EngineMaterials/Substrate/Glints2/dict_0005_0115.uasset" 9677
"../../../Engine/Content/EngineMaterials/Substrate/Glints2/dict_0005_0105.uasset" 9678
"../../../Engine/Content/EngineMaterials/Substrate/Glints2/dict_0005_0120.uasset" 9679
"../../../Engine/Content/EngineMaterials/Substrate/Glints2/dict_0005_0114.uasset" 9680
"../../../Engine/Content/EngineMaterials/Substrate/Glints2/dict_0005_0122.uasset" 9681
"../../../Engine/Content/EngineMaterials/Substrate/Glints2/dict_0005_0119.uasset" 9682
"../../../Engine/Content/EngineMaterials/Substrate/Glints2/dict_0005_0123.uasset" 9683
"../../../Engine/Content/EngineMaterials/Substrate/Glints2/dict_0005_0121.uasset" 9684
"/Engine/EngineMaterials/Substrate/Glints2/dict_0005_0099" 9685
"../../../Engine/Content/EngineMaterials/Substrate/Glints2/dict_0005_0116.uasset" 9686
"../../../Engine/Content/EngineMaterials/Substrate/Glints2/dict_0005_0118.uasset" 9687
"../../../Engine/Content/EngineMaterials/Substrate/Glints2/dict_0005_0117.uasset" 9688
"../../../Engine/Content/EngineMaterials/Substrate/Glints2/dict_0005_0109.uasset" 9689
"../../../Engine/Content/EngineMaterials/Substrate/Glints2/dict_0005_0112.uasset" 9690
"../../../Engine/Content/EngineMaterials/Substrate/Glints2/dict_0005_0124.uasset" 9691
"../../../Engine/Content/EngineMaterials/Substrate/Glints2/dict_0005_0125.uasset" 9692
"/Engine/EngineMaterials/Substrate/Glints2/dict_0005_0098" 9693
"/Engine/EngineMaterials/Substrate/Glints2/dict_0005_0097" 9694
"/Engine/EngineMaterials/Substrate/Glints2/dict_0005_0096" 9695
"/Engine/EngineMaterials/Substrate/Glints2/dict_0005_0095" 9696
"/Engine/EngineMaterials/Substrate/Glints2/dict_0005_0094" 9697
"/Engine/EngineMaterials/Substrate/Glints2/dict_0005_0125" 9698
"../../../Engine/Content/EngineMaterials/Substrate/Glints2/dict_0005_0126.uasset" 9699
"../../../Engine/Content/EngineMaterials/Substrate/Glints2/dict_0005_0127.uasset" 9700
"../../../Engine/Content/EngineMaterials/Substrate/Glints2/dict_0005_0133.uasset" 9701
"../../../Engine/Content/EngineMaterials/Substrate/Glints2/dict_0005_0128.uasset" 9702
"../../../Engine/Content/EngineMaterials/Substrate/Glints2/dict_0005_0131.uasset" 9703
"../../../Engine/Content/EngineMaterials/Substrate/Glints2/dict_0005_0132.uasset" 9704
"../../../Engine/Content/EngineMaterials/Substrate/Glints2/dict_0005_0129.uasset" 9705
"../../../Engine/Content/EngineMaterials/Substrate/Glints2/dict_0005_0130.uasset" 9706
"/Engine/EngineMaterials/Substrate/Glints2/dict_0005_0124" 9707
"/Engine/EngineMaterials/Substrate/Glints2/dict_0005_0123" 9708
"/Engine/EngineMaterials/Substrate/Glints2/dict_0005_0122" 9709
"/Engine/EngineMaterials/Substrate/Glints2/dict_0005_0121" 9710
"/Engine/EngineMaterials/Substrate/Glints2/dict_0005_0120" 9711
"/Engine/EngineMaterials/Substrate/Glints2/dict_0005_0119" 9712
"/Engine/EngineMaterials/Substrate/Glints2/dict_0005_0118" 9713
"/Engine/EngineMaterials/Substrate/Glints2/dict_0005_0117" 9714
"/Engine/EngineMaterials/Substrate/Glints2/dict_0005_0116" 9715
"/Engine/EngineMaterials/Substrate/Glints2/dict_0005_0115" 9716
"/Engine/EngineMaterials/Substrate/Glints2/dict_0005_0114" 9717
"/Engine/EngineMaterials/Substrate/Glints2/dict_0005_0113" 9718
"/Engine/EngineMaterials/Substrate/Glints2/dict_0005_0112" 9719
"/Engine/EngineMaterials/Substrate/Glints2/dict_0005_0111" 9720
"/Engine/EngineMaterials/Substrate/Glints2/dict_0005_0110" 9721
"/Engine/EngineMaterials/Substrate/Glints2/dict_0005_0109" 9722
"/Engine/EngineMaterials/Substrate/Glints2/dict_0005_0108" 9723
"/Engine/EngineMaterials/Substrate/Glints2/dict_0005_0107" 9724
"/Engine/EngineMaterials/Substrate/Glints2/dict_0005_0106" 9725
"/Engine/EngineMaterials/Substrate/Glints2/dict_0005_0105" 9726
"/Engine/EngineMaterials/Substrate/Glints2/dict_0005_0104" 9727
"/Engine/EngineMaterials/Substrate/Glints2/dict_0005_0103" 9728
"/Engine/EngineMaterials/Substrate/Glints2/dict_0005_0102" 9729
"/Engine/EngineMaterials/Substrate/Glints2/dict_0005_0133" 9730
"../../../Engine/Content/EngineMaterials/Substrate/Glints2/dict_0005_0135.uasset" 9731
"../../../Engine/Content/EngineMaterials/Substrate/Glints2/dict_0005_0148.uasset" 9732
"/Engine/EngineMaterials/Substrate/Glints2/dict_0005_0132" 9733
"../../../Engine/Content/EngineMaterials/Substrate/Glints2/dict_0005_0139.uasset" 9734
"../../../Engine/Content/EngineMaterials/Substrate/Glints2/dict_0005_0140.uasset" 9735
"../../../Engine/Content/EngineMaterials/Substrate/Glints2/dict_0005_0134.uasset" 9736
"../../../Engine/Content/EngineMaterials/Substrate/Glints2/dict_0005_0145.uasset" 9737
"../../../Engine/Content/EngineMaterials/Substrate/Glints2/dict_0005_0136.uasset" 9738
"../../../Engine/Content/EngineMaterials/Substrate/Glints2/dict_0005_0141.uasset" 9739
"../../../Engine/Content/EngineMaterials/Substrate/Glints2/dict_0005_0144.uasset" 9740
"../../../Engine/Content/EngineMaterials/Substrate/Glints2/dict_0005_0138.uasset" 9741
"../../../Engine/Content/EngineMaterials/Substrate/Glints2/dict_0005_0142.uasset" 9742
"../../../Engine/Content/EngineMaterials/Substrate/Glints2/dict_0005_0137.uasset" 9743
"../../../Engine/Content/EngineMaterials/Substrate/Glints2/dict_0005_0143.uasset" 9744
"../../../Engine/Content/EngineMaterials/Substrate/Glints2/dict_0005_0152.uasset" 9745
"../../../Engine/Content/EngineMaterials/Substrate/Glints2/dict_0005_0146.uasset" 9746
"../../../Engine/Content/EngineMaterials/Substrate/Glints2/dict_0005_0154.uasset" 9747
"../../../Engine/Content/EngineMaterials/Substrate/Glints2/dict_0005_0155.uasset" 9748
"../../../Engine/Content/EngineMaterials/Substrate/Glints2/dict_0005_0150.uasset" 9749
"../../../Engine/Content/EngineMaterials/Substrate/Glints2/dict_0005_0147.uasset" 9750
"../../../Engine/Content/EngineMaterials/Substrate/Glints2/dict_0005_0153.uasset" 9751
"../../../Engine/Content/EngineMaterials/Substrate/Glints2/dict_0005_0157.uasset" 9752
"../../../Engine/Content/EngineMaterials/Substrate/Glints2/dict_0005_0151.uasset" 9753
"../../../Engine/Content/EngineMaterials/Substrate/Glints2/dict_0005_0149.uasset" 9754
"/Engine/EngineMaterials/Substrate/Glints2/dict_0005_0131" 9755
"../../../Engine/Content/EngineMaterials/Substrate/Glints2/dict_0005_0156.uasset" 9756
"/Engine/EngineMaterials/Substrate/Glints2/dict_0005_0130" 9757
"/Engine/EngineMaterials/Substrate/Glints2/dict_0005_0129" 9758
"/Engine/EngineMaterials/Substrate/Glints2/dict_0005_0128" 9759
"/Engine/EngineMaterials/Substrate/Glints2/dict_0005_0127" 9760
"/Engine/EngineMaterials/Substrate/Glints2/dict_0005_0126" 9761
"/Engine/EngineMaterials/Substrate/Glints2/dict_0005_0157" 9762
"../../../Engine/Content/EngineMaterials/Substrate/Glints2/dict_0005_0159.uasset" 9763
"../../../Engine/Content/EngineMaterials/Substrate/Glints2/dict_0005_0160.uasset" 9764
"../../../Engine/Content/EngineMaterials/Substrate/Glints2/dict_0005_0158.uasset" 9765
"/Engine/EngineMaterials/Substrate/Glints2/dict_0005_0156" 9766
"../../../Engine/Content/EngineMaterials/Substrate/Glints2/dict_0005_0163.uasset" 9767
"../../../Engine/Content/EngineMaterials/Substrate/Glints2/dict_0005_0162.uasset" 9768
"../../../Engine/Content/EngineMaterials/Substrate/Glints2/dict_0005_0161.uasset" 9769
"../../../Engine/Content/EngineMaterials/Substrate/Glints2/dict_0005_0165.uasset" 9770
"../../../Engine/Content/EngineMaterials/Substrate/Glints2/dict_0005_0164.uasset" 9771
"/Engine/EngineMaterials/Substrate/Glints2/dict_0005_0155" 9772
"/Engine/EngineMaterials/Substrate/Glints2/dict_0005_0154" 9773
"/Engine/EngineMaterials/Substrate/Glints2/dict_0005_0153" 9774
"/Engine/EngineMaterials/Substrate/Glints2/dict_0005_0152" 9775
"/Engine/EngineMaterials/Substrate/Glints2/dict_0005_0151" 9776
"/Engine/EngineMaterials/Substrate/Glints2/dict_0005_0150" 9777
"/Engine/EngineMaterials/Substrate/Glints2/dict_0005_0149" 9778
"/Engine/EngineMaterials/Substrate/Glints2/dict_0005_0148" 9779
"/Engine/EngineMaterials/Substrate/Glints2/dict_0005_0147" 9780
"/Engine/EngineMaterials/Substrate/Glints2/dict_0005_0146" 9781
"/Engine/EngineMaterials/Substrate/Glints2/dict_0005_0145" 9782
"/Engine/EngineMaterials/Substrate/Glints2/dict_0005_0144" 9783
"/Engine/EngineMaterials/Substrate/Glints2/dict_0005_0143" 9784
"/Engine/EngineMaterials/Substrate/Glints2/dict_0005_0142" 9785
"/Engine/EngineMaterials/Substrate/Glints2/dict_0005_0141" 9786
"/Engine/EngineMaterials/Substrate/Glints2/dict_0005_0140" 9787
"/Engine/EngineMaterials/Substrate/Glints2/dict_0005_0139" 9788
"/Engine/EngineMaterials/Substrate/Glints2/dict_0005_0138" 9789
"/Engine/EngineMaterials/Substrate/Glints2/dict_0005_0137" 9790
"/Engine/EngineMaterials/Substrate/Glints2/dict_0005_0136" 9791
"/Engine/EngineMaterials/Substrate/Glints2/dict_0005_0135" 9792
"/Engine/EngineMaterials/Substrate/Glints2/dict_0005_0134" 9793
"/Engine/EngineMaterials/Substrate/Glints2/dict_0005_0165" 9794
"../../../Engine/Content/EngineMaterials/Substrate/Glints2/dict_0005_0171.uasset" 9795
"../../../Engine/Content/EngineMaterials/Substrate/Glints2/dict_0005_0167.uasset" 9796
"/Engine/EngineMaterials/Substrate/Glints2/dict_0005_0164" 9797
"../../../Engine/Content/EngineMaterials/Substrate/Glints2/dict_0005_0168.uasset" 9798
"../../../Engine/Content/EngineMaterials/Substrate/Glints2/dict_0005_0166.uasset" 9799
"../../../Engine/Content/EngineMaterials/Substrate/Glints2/dict_0005_0172.uasset" 9800
"../../../Engine/Content/EngineMaterials/Substrate/Glints2/dict_0005_0169.uasset" 9801
"../../../Engine/Content/EngineMaterials/Substrate/Glints2/dict_0005_0170.uasset" 9802
"/Engine/EngineMaterials/Substrate/Glints2/dict_0005_0163" 9803
"../../../Engine/Content/EngineMaterials/Substrate/Glints2/dict_0005_0173.uasset" 9804
"../../../Engine/Content/EngineMaterials/Substrate/Glints2/dict_0005_0177.uasset" 9805
"/Engine/EngineMaterials/Substrate/Glints2/dict_0005_0162" 9806
"../../../Engine/Content/EngineMaterials/Substrate/Glints2/dict_0005_0183.uasset" 9807
"../../../Engine/Content/EngineMaterials/Substrate/Glints2/dict_0005_0181.uasset" 9808
"../../../Engine/Content/EngineMaterials/Substrate/Glints2/dict_0005_0174.uasset" 9809
"../../../Engine/Content/EngineMaterials/Substrate/Glints2/dict_0005_0176.uasset" 9810
"../../../Engine/Content/EngineMaterials/Substrate/Glints2/dict_0005_0179.uasset" 9811
"../../../Engine/Content/EngineMaterials/Substrate/Glints2/dict_0005_0186.uasset" 9812
"../../../Engine/Content/EngineMaterials/Substrate/Glints2/dict_0005_0185.uasset" 9813
"../../../Engine/Content/EngineMaterials/Substrate/Glints2/dict_0005_0189.uasset" 9814
"../../../Engine/Content/EngineMaterials/Substrate/Glints2/dict_0005_0187.uasset" 9815
"/Engine/EngineMaterials/Substrate/Glints2/dict_0005_0161" 9816
"../../../Engine/Content/EngineMaterials/Substrate/Glints2/dict_0005_0180.uasset" 9817
"../../../Engine/Content/EngineMaterials/Substrate/Glints2/dict_0005_0178.uasset" 9818
"../../../Engine/Content/EngineMaterials/Substrate/Glints2/dict_0005_0188.uasset" 9819
"../../../Engine/Content/EngineMaterials/Substrate/Glints2/dict_0005_0184.uasset" 9820
"../../../Engine/Content/EngineMaterials/Substrate/Glints2/dict_0005_0175.uasset" 9821
"../../../Engine/Content/EngineMaterials/Substrate/Glints2/dict_0005_0182.uasset" 9822
"/Engine/EngineMaterials/Substrate/Glints2/dict_0005_0160" 9823
"/Engine/EngineMaterials/Substrate/Glints2/dict_0005_0159" 9824
"/Engine/EngineMaterials/Substrate/Glints2/dict_0005_0158" 9825
"/Engine/EngineMaterials/Substrate/Glints2/dict_0005_0189" 9826
"../../../Engine/Content/EngineMaterials/Substrate/Glints2/dict_0005_0191.uasset" 9827
"/Engine/EngineMaterials/Substrate/Glints2/dict_0005_0188" 9828
"../../../Engine/Content/EngineMaterials/Substrate/Glints2/dict_0005_0192.uasset" 9829
"../../../Engine/Content/EngineMaterials/Substrate/Glints2/dict_0005_0190.uasset" 9830
"../../../Engine/Content/EngineMaterials/Substrate/Glints2/dict_0005_0193.uasset" 9831
"../../../Engine/Content/EngineMaterials/Substrate/Glints2/dict_0005_0196.uasset" 9832
"/Engine/EngineMaterials/Substrate/Glints2/dict_0005_0187" 9833
"../../../Engine/Content/EngineMaterials/Substrate/Glints2/dict_0005_0195.uasset" 9834
"../../../Engine/Content/EngineMaterials/Substrate/Glints2/dict_0005_0194.uasset" 9835
"../../../Engine/Content/EngineMaterials/Substrate/Glints2/dict_0005_0197.uasset" 9836
"/Engine/EngineMaterials/Substrate/Glints2/dict_0005_0186" 9837
"/Engine/EngineMaterials/Substrate/Glints2/dict_0005_0185" 9838
"/Engine/EngineMaterials/Substrate/Glints2/dict_0005_0184" 9839
"/Engine/EngineMaterials/Substrate/Glints2/dict_0005_0183" 9840
"/Engine/EngineMaterials/Substrate/Glints2/dict_0005_0182" 9841
"/Engine/EngineMaterials/Substrate/Glints2/dict_0005_0181" 9842
"/Engine/EngineMaterials/Substrate/Glints2/dict_0005_0180" 9843
"/Engine/EngineMaterials/Substrate/Glints2/dict_0005_0179" 9844
"/Engine/EngineMaterials/Substrate/Glints2/dict_0005_0178" 9845
"/Engine/EngineMaterials/Substrate/Glints2/dict_0005_0177" 9846
"/Engine/EngineMaterials/Substrate/Glints2/dict_0005_0176" 9847
"/Engine/EngineMaterials/Substrate/Glints2/dict_0005_0175" 9848
"/Engine/EngineMaterials/Substrate/Glints2/dict_0005_0174" 9849
"/Engine/EngineMaterials/Substrate/Glints2/dict_0005_0173" 9850
"/Engine/EngineMaterials/Substrate/Glints2/dict_0005_0172" 9851
"/Engine/EngineMaterials/Substrate/Glints2/dict_0005_0171" 9852
"/Engine/EngineMaterials/Substrate/Glints2/dict_0005_0170" 9853
"/Engine/EngineMaterials/Substrate/Glints2/dict_0005_0169" 9854
"/Engine/EngineMaterials/Substrate/Glints2/dict_0005_0168" 9855
"/Engine/EngineMaterials/Substrate/Glints2/dict_0005_0167" 9856
"/Engine/EngineMaterials/Substrate/Glints2/dict_0005_0166" 9857
"/Engine/EngineMaterials/Substrate/Glints2/dict_0005_0197" 9858
"../../../Engine/Content/EngineMaterials/Substrate/Glints2/dict_0005_0202.uasset" 9859
"../../../Engine/Content/EngineMaterials/Substrate/Glints2/dict_0005_0208.uasset" 9860
"../../../Engine/Content/EngineMaterials/Substrate/Glints2/dict_0005_0200.uasset" 9861
"../../../Engine/Content/EngineMaterials/Substrate/Glints2/dict_0005_0204.uasset" 9862
"../../../Engine/Content/EngineMaterials/Substrate/Glints2/dict_0005_0201.uasset" 9863
"../../../Engine/Content/EngineMaterials/Substrate/Glints2/dict_0005_0199.uasset" 9864
"../../../Engine/Content/EngineMaterials/Substrate/Glints2/dict_0005_0217.uasset" 9865
"../../../Engine/Content/EngineMaterials/Substrate/Glints2/dict_0005_0210.uasset" 9866
"../../../Engine/Content/EngineMaterials/Substrate/Glints2/dict_0005_0212.uasset" 9867
"../../../Engine/Content/EngineMaterials/Substrate/Glints2/dict_0005_0205.uasset" 9868
"/Engine/EngineMaterials/Substrate/Glints2/dict_0005_0196" 9869
"../../../Engine/Content/EngineMaterials/Substrate/Glints2/dict_0005_0203.uasset" 9870
"../../../Engine/Content/EngineMaterials/Substrate/Glints2/dict_0005_0198.uasset" 9871
"../../../Engine/Content/EngineMaterials/Substrate/Glints2/dict_0005_0207.uasset" 9872
"../../../Engine/Content/EngineMaterials/Substrate/Glints2/dict_0005_0216.uasset" 9873
"../../../Engine/Content/EngineMaterials/Substrate/Glints2/dict_0005_0211.uasset" 9874
"../../../Engine/Content/EngineMaterials/Substrate/Glints2/dict_0005_0206.uasset" 9875
"../../../Engine/Content/EngineMaterials/Substrate/Glints2/dict_0005_0214.uasset" 9876
"../../../Engine/Content/EngineMaterials/Substrate/Glints2/dict_0005_0209.uasset" 9877
"../../../Engine/Content/EngineMaterials/Substrate/Glints2/dict_0005_0220.uasset" 9878
"../../../Engine/Content/EngineMaterials/Substrate/Glints2/dict_0005_0213.uasset" 9879
"../../../Engine/Content/EngineMaterials/Substrate/Glints2/dict_0005_0215.uasset" 9880
"../../../Engine/Content/EngineMaterials/Substrate/Glints2/dict_0005_0221.uasset" 9881
"../../../Engine/Content/EngineMaterials/Substrate/Glints2/dict_0005_0218.uasset" 9882
"../../../Engine/Content/EngineMaterials/Substrate/Glints2/dict_0005_0219.uasset" 9883
"/Engine/EngineMaterials/Substrate/Glints2/dict_0005_0195" 9884
"/Engine/EngineMaterials/Substrate/Glints2/dict_0005_0194" 9885
"/Engine/EngineMaterials/Substrate/Glints2/dict_0005_0193" 9886
"/Engine/EngineMaterials/Substrate/Glints2/dict_0005_0192" 9887
"/Engine/EngineMaterials/Substrate/Glints2/dict_0005_0191" 9888
"/Engine/EngineMaterials/Substrate/Glints2/dict_0005_0190" 9889
"/Engine/EngineMaterials/Substrate/Glints2/dict_0005_0221" 9890
"../../../Engine/Content/EngineMaterials/Substrate/Glints2/dict_0005_0222.uasset" 9891
"../../../Engine/Content/EngineMaterials/Substrate/Glints2/dict_0005_0223.uasset" 9892
"../../../Engine/Content/EngineMaterials/Substrate/Glints2/dict_0005_0224.uasset" 9893
"../../../Engine/Content/EngineMaterials/Substrate/Glints2/dict_0005_0229.uasset" 9894
"../../../Engine/Content/EngineMaterials/Substrate/Glints2/dict_0005_0227.uasset" 9895
"../../../Engine/Content/EngineMaterials/Substrate/Glints2/dict_0005_0225.uasset" 9896
"../../../Engine/Content/EngineMaterials/Substrate/Glints2/dict_0005_0226.uasset" 9897
"/Engine/EngineMaterials/Substrate/Glints2/dict_0005_0220" 9898
"../../../Engine/Content/EngineMaterials/Substrate/Glints2/dict_0005_0228.uasset" 9899
"/Engine/EngineMaterials/Substrate/Glints2/dict_0005_0219" 9900
"/Engine/EngineMaterials/Substrate/Glints2/dict_0005_0218" 9901
"/Engine/EngineMaterials/Substrate/Glints2/dict_0005_0217" 9902
"/Engine/EngineMaterials/Substrate/Glints2/dict_0005_0216" 9903
"/Engine/EngineMaterials/Substrate/Glints2/dict_0005_0215" 9904
"/Engine/EngineMaterials/Substrate/Glints2/dict_0005_0214" 9905
"/Engine/EngineMaterials/Substrate/Glints2/dict_0005_0213" 9906
"/Engine/EngineMaterials/Substrate/Glints2/dict_0005_0212" 9907
"/Engine/EngineMaterials/Substrate/Glints2/dict_0005_0211" 9908
"/Engine/EngineMaterials/Substrate/Glints2/dict_0005_0210" 9909
"/Engine/EngineMaterials/Substrate/Glints2/dict_0005_0209" 9910
"/Engine/EngineMaterials/Substrate/Glints2/dict_0005_0208" 9911
"/Engine/EngineMaterials/Substrate/Glints2/dict_0005_0207" 9912
"/Engine/EngineMaterials/Substrate/Glints2/dict_0005_0206" 9913
"/Engine/EngineMaterials/Substrate/Glints2/dict_0005_0205" 9914
"/Engine/EngineMaterials/Substrate/Glints2/dict_0005_0204" 9915
"/Engine/EngineMaterials/Substrate/Glints2/dict_0005_0203" 9916
"/Engine/EngineMaterials/Substrate/Glints2/dict_0005_0202" 9917
"/Engine/EngineMaterials/Substrate/Glints2/dict_0005_0201" 9918
"/Engine/EngineMaterials/Substrate/Glints2/dict_0005_0200" 9919
"/Engine/EngineMaterials/Substrate/Glints2/dict_0005_0199" 9920
"/Engine/EngineMaterials/Substrate/Glints2/dict_0005_0198" 9921
"/Engine/EngineMaterials/Substrate/Glints2/dict_0005_0229" 9922
"../../../Engine/Content/EngineMaterials/Substrate/Glints2/dict_0005_0231.uasset" 9923
"../../../Engine/Content/EngineMaterials/Substrate/Glints2/dict_0005_0233.uasset" 9924
"../../../Engine/Content/EngineMaterials/Substrate/Glints2/dict_0005_0232.uasset" 9925
"/Engine/EngineMaterials/Substrate/Glints2/dict_0005_0228" 9926
"../../../Engine/Content/EngineMaterials/Substrate/Glints2/dict_0005_0230.uasset" 9927
"../../../Engine/Content/EngineMaterials/Substrate/Glints2/dict_0005_0234.uasset" 9928
"/Engine/EngineMaterials/Substrate/Glints2/dict_0005_0227" 9929
"../../../Engine/Content/EngineMaterials/Substrate/Glints2/dict_0005_0243.uasset" 9930
"../../../Engine/Content/EngineMaterials/Substrate/Glints2/dict_0005_0238.uasset" 9931
"../../../Engine/Content/EngineMaterials/Substrate/Glints2/dict_0005_0244.uasset" 9932
"../../../Engine/Content/EngineMaterials/Substrate/Glints2/dict_0005_0236.uasset" 9933
"../../../Engine/Content/EngineMaterials/Substrate/Glints2/dict_0005_0240.uasset" 9934
"../../../Engine/Content/EngineMaterials/Substrate/Glints2/dict_0005_0242.uasset" 9935
"../../../Engine/Content/EngineMaterials/Substrate/Glints2/dict_0005_0237.uasset" 9936
"../../../Engine/Content/EngineMaterials/Substrate/Glints2/dict_0005_0253.uasset" 9937
"../../../Engine/Content/EngineMaterials/Substrate/Glints2/dict_0005_0247.uasset" 9938
"../../../Engine/Content/EngineMaterials/Substrate/Glints2/dict_0005_0245.uasset" 9939
"../../../Engine/Content/EngineMaterials/Substrate/Glints2/dict_0005_0239.uasset" 9940
"/Engine/EngineMaterials/Substrate/Glints2/dict_0005_0226" 9941
"../../../Engine/Content/EngineMaterials/Substrate/Glints2/dict_0005_0249.uasset" 9942
"../../../Engine/Content/EngineMaterials/Substrate/Glints2/dict_0005_0241.uasset" 9943
"../../../Engine/Content/EngineMaterials/Substrate/Glints2/dict_0005_0246.uasset" 9944
"../../../Engine/Content/EngineMaterials/Substrate/Glints2/dict_0005_0235.uasset" 9945
"../../../Engine/Content/EngineMaterials/Substrate/Glints2/dict_0005_0251.uasset" 9946
"../../../Engine/Content/EngineMaterials/Substrate/Glints2/dict_0005_0250.uasset" 9947
"../../../Engine/Content/EngineMaterials/Substrate/Glints2/dict_0005_0252.uasset" 9948
"../../../Engine/Content/EngineMaterials/Substrate/Glints2/dict_0005_0248.uasset" 9949
"/Engine/EngineMaterials/Substrate/Glints2/dict_0005_0225" 9950
"/Engine/EngineMaterials/Substrate/Glints2/dict_0005_0224" 9951
"/Engine/EngineMaterials/Substrate/Glints2/dict_0005_0223" 9952
"/Engine/EngineMaterials/Substrate/Glints2/dict_0005_0222" 9953
"/Engine/EngineMaterials/Substrate/Glints2/dict_0005_0253" 9954
"/Engine/EngineMaterials/Substrate/Glints2/dict_0005_0252" 9955
"../../../Engine/Content/EngineMaterials/Substrate/Glints2/dict_0005_0255.uasset" 9956
"../../../Engine/Content/EngineMaterials/Substrate/Glints2/dict_0005_0254.uasset" 9957
"../../../Engine/Content/EngineMaterials/Substrate/Glints2/dict_0006_0001.uasset" 9958
"../../../Engine/Content/EngineMaterials/Substrate/Glints2/dict_0006_0005.uasset" 9959
"../../../Engine/Content/EngineMaterials/Substrate/Glints2/dict_0006_0003.uasset" 9960
"../../../Engine/Content/EngineMaterials/Substrate/Glints2/dict_0006_0000.uasset" 9961
"../../../Engine/Content/EngineMaterials/Substrate/Glints2/dict_0006_0004.uasset" 9962
"../../../Engine/Content/EngineMaterials/Substrate/Glints2/dict_0006_0002.uasset" 9963
"/Engine/EngineMaterials/Substrate/Glints2/dict_0005_0251" 9964
"/Engine/EngineMaterials/Substrate/Glints2/dict_0005_0250" 9965
"/Engine/EngineMaterials/Substrate/Glints2/dict_0005_0249" 9966
"/Engine/EngineMaterials/Substrate/Glints2/dict_0005_0248" 9967
"/Engine/EngineMaterials/Substrate/Glints2/dict_0005_0247" 9968
"/Engine/EngineMaterials/Substrate/Glints2/dict_0005_0246" 9969
"/Engine/EngineMaterials/Substrate/Glints2/dict_0005_0245" 9970
"/Engine/EngineMaterials/Substrate/Glints2/dict_0005_0244" 9971
"/Engine/EngineMaterials/Substrate/Glints2/dict_0005_0243" 9972
"/Engine/EngineMaterials/Substrate/Glints2/dict_0005_0242" 9973
"/Engine/EngineMaterials/Substrate/Glints2/dict_0005_0241" 9974
"/Engine/EngineMaterials/Substrate/Glints2/dict_0005_0240" 9975
"/Engine/EngineMaterials/Substrate/Glints2/dict_0005_0239" 9976
"/Engine/EngineMaterials/Substrate/Glints2/dict_0005_0238" 9977
"/Engine/EngineMaterials/Substrate/Glints2/dict_0005_0237" 9978
"/Engine/EngineMaterials/Substrate/Glints2/dict_0005_0236" 9979
"/Engine/EngineMaterials/Substrate/Glints2/dict_0005_0235" 9980
"/Engine/EngineMaterials/Substrate/Glints2/dict_0005_0234" 9981
"/Engine/EngineMaterials/Substrate/Glints2/dict_0005_0233" 9982
"/Engine/EngineMaterials/Substrate/Glints2/dict_0005_0232" 9983
"/Engine/EngineMaterials/Substrate/Glints2/dict_0005_0231" 9984
"/Engine/EngineMaterials/Substrate/Glints2/dict_0005_0230" 9985
"/Engine/EngineMaterials/Substrate/Glints2/dict_0006_0005" 9986
"../../../Engine/Content/EngineMaterials/Substrate/Glints2/dict_0006_0008.uasset" 9987
"../../../Engine/Content/EngineMaterials/Substrate/Glints2/dict_0006_0006.uasset" 9988
"../../../Engine/Content/EngineMaterials/Substrate/Glints2/dict_0006_0007.uasset" 9989
"/Engine/EngineMaterials/Substrate/Glints2/dict_0006_0004" 9990
"../../../Engine/Content/EngineMaterials/Substrate/Glints2/dict_0006_0009.uasset" 9991
"../../../Engine/Content/EngineMaterials/Substrate/Glints2/dict_0006_0010.uasset" 9992
"../../../Engine/Content/EngineMaterials/Substrate/Glints2/dict_0006_0011.uasset" 9993
"../../../Engine/Content/EngineMaterials/Substrate/Glints2/dict_0006_0016.uasset" 9994
"/Engine/EngineMaterials/Substrate/Glints2/dict_0006_0003" 9995
"../../../Engine/Content/EngineMaterials/Substrate/Glints2/dict_0006_0021.uasset" 9996
"../../../Engine/Content/EngineMaterials/Substrate/Glints2/dict_0006_0012.uasset" 9997
"../../../Engine/Content/EngineMaterials/Substrate/Glints2/dict_0006_0020.uasset" 9998
"../../../Engine/Content/EngineMaterials/Substrate/Glints2/dict_0006_0014.uasset" 9999
"../../../Engine/Content/EngineMaterials/Substrate/Glints2/dict_0006_0019.uasset" 10000
"../../../Engine/Content/EngineMaterials/Substrate/Glints2/dict_0006_0022.uasset" 10001
"../../../Engine/Content/EngineMaterials/Substrate/Glints2/dict_0006_0027.uasset" 10002
"../../../Engine/Content/EngineMaterials/Substrate/Glints2/dict_0006_0013.uasset" 10003
"../../../Engine/Content/EngineMaterials/Substrate/Glints2/dict_0006_0024.uasset" 10004
"../../../Engine/Content/EngineMaterials/Substrate/Glints2/dict_0006_0028.uasset" 10005
"../../../Engine/Content/EngineMaterials/Substrate/Glints2/dict_0006_0018.uasset" 10006
"../../../Engine/Content/EngineMaterials/Substrate/Glints2/dict_0006_0023.uasset" 10007
"../../../Engine/Content/EngineMaterials/Substrate/Glints2/dict_0006_0029.uasset" 10008
"../../../Engine/Content/EngineMaterials/Substrate/Glints2/dict_0006_0017.uasset" 10009
"../../../Engine/Content/EngineMaterials/Substrate/Glints2/dict_0006_0026.uasset" 10010
"../../../Engine/Content/EngineMaterials/Substrate/Glints2/dict_0006_0015.uasset" 10011
"../../../Engine/Content/EngineMaterials/Substrate/Glints2/dict_0006_0025.uasset" 10012
"/Engine/EngineMaterials/Substrate/Glints2/dict_0006_0002" 10013
"/Engine/EngineMaterials/Substrate/Glints2/dict_0006_0001" 10014
"/Engine/EngineMaterials/Substrate/Glints2/dict_0006_0000" 10015
"/Engine/EngineMaterials/Substrate/Glints2/dict_0005_0255" 10016
"/Engine/EngineMaterials/Substrate/Glints2/dict_0005_0254" 10017
"/Engine/EngineMaterials/Substrate/Glints2/dict_0006_0029" 10018
"../../../Engine/Content/EngineMaterials/Substrate/Glints2/dict_0006_0030.uasset" 10019
"../../../Engine/Content/EngineMaterials/Substrate/Glints2/dict_0006_0032.uasset" 10020
"../../../Engine/Content/EngineMaterials/Substrate/Glints2/dict_0006_0033.uasset" 10021
"../../../Engine/Content/EngineMaterials/Substrate/Glints2/dict_0006_0031.uasset" 10022
"/Engine/EngineMaterials/Substrate/Glints2/dict_0006_0028" 10023
"../../../Engine/Content/EngineMaterials/Substrate/Glints2/dict_0006_0034.uasset" 10024
"../../../Engine/Content/EngineMaterials/Substrate/Glints2/dict_0006_0036.uasset" 10025
"../../../Engine/Content/EngineMaterials/Substrate/Glints2/dict_0006_0037.uasset" 10026
"/Engine/EngineMaterials/Substrate/Glints2/dict_0006_0027" 10027
"../../../Engine/Content/EngineMaterials/Substrate/Glints2/dict_0006_0035.uasset" 10028
"/Engine/EngineMaterials/Substrate/Glints2/dict_0006_0026" 10029
"/Engine/EngineMaterials/Substrate/Glints2/dict_0006_0025" 10030
"/Engine/EngineMaterials/Substrate/Glints2/dict_0006_0024" 10031
"/Engine/EngineMaterials/Substrate/Glints2/dict_0006_0023" 10032
"/Engine/EngineMaterials/Substrate/Glints2/dict_0006_0022" 10033
"/Engine/EngineMaterials/Substrate/Glints2/dict_0006_0021" 10034
"/Engine/EngineMaterials/Substrate/Glints2/dict_0006_0020" 10035
"/Engine/EngineMaterials/Substrate/Glints2/dict_0006_0019" 10036
"/Engine/EngineMaterials/Substrate/Glints2/dict_0006_0018" 10037
"/Engine/EngineMaterials/Substrate/Glints2/dict_0006_0017" 10038
"/Engine/EngineMaterials/Substrate/Glints2/dict_0006_0016" 10039
"/Engine/EngineMaterials/Substrate/Glints2/dict_0006_0015" 10040
"/Engine/EngineMaterials/Substrate/Glints2/dict_0006_0014" 10041
"/Engine/EngineMaterials/Substrate/Glints2/dict_0006_0013" 10042
"/Engine/EngineMaterials/Substrate/Glints2/dict_0006_0012" 10043
"/Engine/EngineMaterials/Substrate/Glints2/dict_0006_0011" 10044
"/Engine/EngineMaterials/Substrate/Glints2/dict_0006_0010" 10045
"/Engine/EngineMaterials/Substrate/Glints2/dict_0006_0009" 10046
"/Engine/EngineMaterials/Substrate/Glints2/dict_0006_0008" 10047
"/Engine/EngineMaterials/Substrate/Glints2/dict_0006_0007" 10048
"/Engine/EngineMaterials/Substrate/Glints2/dict_0006_0006" 10049
"/Engine/EngineMaterials/Substrate/Glints2/dict_0006_0037" 10050
"../../../Engine/Content/EngineMaterials/Substrate/Glints2/dict_0006_0038.uasset" 10051
"../../../Engine/Content/EngineMaterials/Substrate/Glints2/dict_0006_0039.uasset" 10052
"/Engine/EngineMaterials/Substrate/Glints2/dict_0006_0036" 10053
"../../../Engine/Content/EngineMaterials/Substrate/Glints2/dict_0006_0041.uasset" 10054
"../../../Engine/Content/EngineMaterials/Substrate/Glints2/dict_0006_0042.uasset" 10055
"../../../Engine/Content/EngineMaterials/Substrate/Glints2/dict_0006_0040.uasset" 10056
"../../../Engine/Content/EngineMaterials/Substrate/Glints2/dict_0006_0045.uasset" 10057
"../../../Engine/Content/EngineMaterials/Substrate/Glints2/dict_0006_0049.uasset" 10058
"/Engine/EngineMaterials/Substrate/Glints2/dict_0006_0035" 10059
"../../../Engine/Content/EngineMaterials/Substrate/Glints2/dict_0006_0046.uasset" 10060
"../../../Engine/Content/EngineMaterials/Substrate/Glints2/dict_0006_0050.uasset" 10061
"../../../Engine/Content/EngineMaterials/Substrate/Glints2/dict_0006_0048.uasset" 10062
"../../../Engine/Content/EngineMaterials/Substrate/Glints2/dict_0006_0052.uasset" 10063
"../../../Engine/Content/EngineMaterials/Substrate/Glints2/dict_0006_0051.uasset" 10064
"../../../Engine/Content/EngineMaterials/Substrate/Glints2/dict_0006_0043.uasset" 10065
"../../../Engine/Content/EngineMaterials/Substrate/Glints2/dict_0006_0044.uasset" 10066
"../../../Engine/Content/EngineMaterials/Substrate/Glints2/dict_0006_0056.uasset" 10067
"../../../Engine/Content/EngineMaterials/Substrate/Glints2/dict_0006_0053.uasset" 10068
"../../../Engine/Content/EngineMaterials/Substrate/Glints2/dict_0006_0061.uasset" 10069
"../../../Engine/Content/EngineMaterials/Substrate/Glints2/dict_0006_0054.uasset" 10070
"/Engine/EngineMaterials/Substrate/Glints2/dict_0006_0034" 10071
"../../../Engine/Content/EngineMaterials/Substrate/Glints2/dict_0006_0059.uasset" 10072
"../../../Engine/Content/EngineMaterials/Substrate/Glints2/dict_0006_0057.uasset" 10073
"../../../Engine/Content/EngineMaterials/Substrate/Glints2/dict_0006_0058.uasset" 10074
"../../../Engine/Content/EngineMaterials/Substrate/Glints2/dict_0006_0055.uasset" 10075
"../../../Engine/Content/EngineMaterials/Substrate/Glints2/dict_0006_0047.uasset" 10076
"../../../Engine/Content/EngineMaterials/Substrate/Glints2/dict_0006_0060.uasset" 10077
"/Engine/EngineMaterials/Substrate/Glints2/dict_0006_0033" 10078
"/Engine/EngineMaterials/Substrate/Glints2/dict_0006_0032" 10079
"/Engine/EngineMaterials/Substrate/Glints2/dict_0006_0031" 10080
"/Engine/EngineMaterials/Substrate/Glints2/dict_0006_0030" 10081
"/Engine/EngineMaterials/Substrate/Glints2/dict_0006_0061" 10082
"../../../Engine/Content/EngineMaterials/Substrate/Glints2/dict_0006_0062.uasset" 10083
"/Engine/EngineMaterials/Substrate/Glints2/dict_0006_0060" 10084
"../../../Engine/Content/EngineMaterials/Substrate/Glints2/dict_0006_0063.uasset" 10085
"../../../Engine/Content/EngineMaterials/Substrate/Glints2/dict_0006_0067.uasset" 10086
"../../../Engine/Content/EngineMaterials/Substrate/Glints2/dict_0006_0069.uasset" 10087
"../../../Engine/Content/EngineMaterials/Substrate/Glints2/dict_0006_0068.uasset" 10088
"../../../Engine/Content/EngineMaterials/Substrate/Glints2/dict_0006_0066.uasset" 10089
"../../../Engine/Content/EngineMaterials/Substrate/Glints2/dict_0006_0065.uasset" 10090
"../../../Engine/Content/EngineMaterials/Substrate/Glints2/dict_0006_0064.uasset" 10091
"/Engine/EngineMaterials/Substrate/Glints2/dict_0006_0059" 10092
"/Engine/EngineMaterials/Substrate/Glints2/dict_0006_0058" 10093
"/Engine/EngineMaterials/Substrate/Glints2/dict_0006_0057" 10094
"/Engine/EngineMaterials/Substrate/Glints2/dict_0006_0056" 10095
"/Engine/EngineMaterials/Substrate/Glints2/dict_0006_0055" 10096
"/Engine/EngineMaterials/Substrate/Glints2/dict_0006_0054" 10097
"/Engine/EngineMaterials/Substrate/Glints2/dict_0006_0053" 10098
"/Engine/EngineMaterials/Substrate/Glints2/dict_0006_0052" 10099
"/Engine/EngineMaterials/Substrate/Glints2/dict_0006_0051" 10100
"/Engine/EngineMaterials/Substrate/Glints2/dict_0006_0050" 10101
"/Engine/EngineMaterials/Substrate/Glints2/dict_0006_0049" 10102
"/Engine/EngineMaterials/Substrate/Glints2/dict_0006_0048" 10103
"/Engine/EngineMaterials/Substrate/Glints2/dict_0006_0047" 10104
"/Engine/EngineMaterials/Substrate/Glints2/dict_0006_0046" 10105
"/Engine/EngineMaterials/Substrate/Glints2/dict_0006_0045" 10106
"/Engine/EngineMaterials/Substrate/Glints2/dict_0006_0044" 10107
"/Engine/EngineMaterials/Substrate/Glints2/dict_0006_0043" 10108
"/Engine/EngineMaterials/Substrate/Glints2/dict_0006_0042" 10109
"/Engine/EngineMaterials/Substrate/Glints2/dict_0006_0041" 10110
"/Engine/EngineMaterials/Substrate/Glints2/dict_0006_0040" 10111
"/Engine/EngineMaterials/Substrate/Glints2/dict_0006_0039" 10112
"/Engine/EngineMaterials/Substrate/Glints2/dict_0006_0038" 10113
"/Engine/EngineMaterials/Substrate/Glints2/dict_0006_0069" 10114
"../../../Engine/Content/EngineMaterials/Substrate/Glints2/dict_0006_0072.uasset" 10115
"../../../Engine/Content/EngineMaterials/Substrate/Glints2/dict_0006_0070.uasset" 10116
"../../../Engine/Content/EngineMaterials/Substrate/Glints2/dict_0006_0071.uasset" 10117
"/Engine/EngineMaterials/Substrate/Glints2/dict_0006_0068" 10118
"../../../Engine/Content/EngineMaterials/Substrate/Glints2/dict_0006_0076.uasset" 10119
"../../../Engine/Content/EngineMaterials/Substrate/Glints2/dict_0006_0080.uasset" 10120
"../../../Engine/Content/EngineMaterials/Substrate/Glints2/dict_0006_0081.uasset" 10121
"../../../Engine/Content/EngineMaterials/Substrate/Glints2/dict_0006_0079.uasset" 10122
"/Engine/EngineMaterials/Substrate/Glints2/dict_0006_0067" 10123
"../../../Engine/Content/EngineMaterials/Substrate/Glints2/dict_0006_0090.uasset" 10124
"../../../Engine/Content/EngineMaterials/Substrate/Glints2/dict_0006_0085.uasset" 10125
"../../../Engine/Content/EngineMaterials/Substrate/Glints2/dict_0006_0084.uasset" 10126
"../../../Engine/Content/EngineMaterials/Substrate/Glints2/dict_0006_0077.uasset" 10127
"/Engine/EngineMaterials/Substrate/Glints2/dict_0006_0066" 10128
"../../../Engine/Content/EngineMaterials/Substrate/Glints2/dict_0006_0091.uasset" 10129
"../../../Engine/Content/EngineMaterials/Substrate/Glints2/dict_0006_0089.uasset" 10130
"../../../Engine/Content/EngineMaterials/Substrate/Glints2/dict_0006_0073.uasset" 10131
"../../../Engine/Content/EngineMaterials/Substrate/Glints2/dict_0006_0075.uasset" 10132
"../../../Engine/Content/EngineMaterials/Substrate/Glints2/dict_0006_0078.uasset" 10133
"../../../Engine/Content/EngineMaterials/Substrate/Glints2/dict_0006_0083.uasset" 10134
"../../../Engine/Content/EngineMaterials/Substrate/Glints2/dict_0006_0082.uasset" 10135
"/Engine/EngineMaterials/Substrate/Glints2/dict_0006_0065" 10136
"../../../Engine/Content/EngineMaterials/Substrate/Glints2/dict_0006_0074.uasset" 10137
"../../../Engine/Content/EngineMaterials/Substrate/Glints2/dict_0006_0088.uasset" 10138
"../../../Engine/Content/EngineMaterials/Substrate/Glints2/dict_0006_0086.uasset" 10139
"../../../Engine/Content/EngineMaterials/Substrate/Glints2/dict_0006_0087.uasset" 10140
"../../../Engine/Content/EngineMaterials/Substrate/Glints2/dict_0006_0093.uasset" 10141
"../../../Engine/Content/EngineMaterials/Substrate/Glints2/dict_0006_0092.uasset" 10142
"/Engine/EngineMaterials/Substrate/Glints2/dict_0006_0064" 10143
"/Engine/EngineMaterials/Substrate/Glints2/dict_0006_0063" 10144
"/Engine/EngineMaterials/Substrate/Glints2/dict_0006_0062" 10145
"/Engine/EngineMaterials/Substrate/Glints2/dict_0006_0093" 10146
"../../../Engine/Content/EngineMaterials/Substrate/Glints2/dict_0006_0094.uasset" 10147
"../../../Engine/Content/EngineMaterials/Substrate/Glints2/dict_0006_0097.uasset" 10148
"../../../Engine/Content/EngineMaterials/Substrate/Glints2/dict_0006_0095.uasset" 10149
"../../../Engine/Content/EngineMaterials/Substrate/Glints2/dict_0006_0098.uasset" 10150
"../../../Engine/Content/EngineMaterials/Substrate/Glints2/dict_0006_0101.uasset" 10151
"/Engine/EngineMaterials/Substrate/Glints2/dict_0006_0092" 10152
"../../../Engine/Content/EngineMaterials/Substrate/Glints2/dict_0006_0099.uasset" 10153
"../../../Engine/Content/EngineMaterials/Substrate/Glints2/dict_0006_0100.uasset" 10154
"../../../Engine/Content/EngineMaterials/Substrate/Glints2/dict_0006_0096.uasset" 10155
"/Engine/EngineMaterials/Substrate/Glints2/dict_0006_0091" 10156
"/Engine/EngineMaterials/Substrate/Glints2/dict_0006_0090" 10157
"/Engine/EngineMaterials/Substrate/Glints2/dict_0006_0089" 10158
"/Engine/EngineMaterials/Substrate/Glints2/dict_0006_0088" 10159
"/Engine/EngineMaterials/Substrate/Glints2/dict_0006_0087" 10160
"/Engine/EngineMaterials/Substrate/Glints2/dict_0006_0086" 10161
"/Engine/EngineMaterials/Substrate/Glints2/dict_0006_0085" 10162
"/Engine/EngineMaterials/Substrate/Glints2/dict_0006_0084" 10163
"/Engine/EngineMaterials/Substrate/Glints2/dict_0006_0083" 10164
"/Engine/EngineMaterials/Substrate/Glints2/dict_0006_0082" 10165
"/Engine/EngineMaterials/Substrate/Glints2/dict_0006_0081" 10166
"/Engine/EngineMaterials/Substrate/Glints2/dict_0006_0080" 10167
"/Engine/EngineMaterials/Substrate/Glints2/dict_0006_0079" 10168
"/Engine/EngineMaterials/Substrate/Glints2/dict_0006_0078" 10169
"/Engine/EngineMaterials/Substrate/Glints2/dict_0006_0077" 10170
"/Engine/EngineMaterials/Substrate/Glints2/dict_0006_0076" 10171
"/Engine/EngineMaterials/Substrate/Glints2/dict_0006_0075" 10172
"/Engine/EngineMaterials/Substrate/Glints2/dict_0006_0074" 10173
"/Engine/EngineMaterials/Substrate/Glints2/dict_0006_0073" 10174
"/Engine/EngineMaterials/Substrate/Glints2/dict_0006_0072" 10175
"/Engine/EngineMaterials/Substrate/Glints2/dict_0006_0071" 10176
"/Engine/EngineMaterials/Substrate/Glints2/dict_0006_0070" 10177
"/Engine/EngineMaterials/Substrate/Glints2/dict_0006_0101" 10178
"../../../Engine/Content/EngineMaterials/Substrate/Glints2/dict_0006_0106.uasset" 10179
"/Engine/EngineMaterials/Substrate/Glints2/dict_0006_0100" 10180
"../../../Engine/Content/EngineMaterials/Substrate/Glints2/dict_0006_0107.uasset" 10181
"../../../Engine/Content/EngineMaterials/Substrate/Glints2/dict_0006_0104.uasset" 10182
"../../../Engine/Content/EngineMaterials/Substrate/Glints2/dict_0006_0108.uasset" 10183
"../../../Engine/Content/EngineMaterials/Substrate/Glints2/dict_0006_0102.uasset" 10184
"../../../Engine/Content/EngineMaterials/Substrate/Glints2/dict_0006_0103.uasset" 10185
"/Engine/EngineMaterials/Substrate/Glints2/dict_0006_0099" 10186
"../../../Engine/Content/EngineMaterials/Substrate/Glints2/dict_0006_0119.uasset" 10187
"../../../Engine/Content/EngineMaterials/Substrate/Glints2/dict_0006_0112.uasset" 10188
"../../../Engine/Content/EngineMaterials/Substrate/Glints2/dict_0006_0114.uasset" 10189
"../../../Engine/Content/EngineMaterials/Substrate/Glints2/dict_0006_0111.uasset" 10190
"/Engine/EngineMaterials/Substrate/Glints2/dict_0006_0098" 10191
"../../../Engine/Content/EngineMaterials/Substrate/Glints2/dict_0006_0110.uasset" 10192
"../../../Engine/Content/EngineMaterials/Substrate/Glints2/dict_0006_0116.uasset" 10193
"../../../Engine/Content/EngineMaterials/Substrate/Glints2/dict_0006_0118.uasset" 10194
"../../../Engine/Content/EngineMaterials/Substrate/Glints2/dict_0006_0120.uasset" 10195
"../../../Engine/Content/EngineMaterials/Substrate/Glints2/dict_0006_0109.uasset" 10196
"../../../Engine/Content/EngineMaterials/Substrate/Glints2/dict_0006_0113.uasset" 10197
"../../../Engine/Content/EngineMaterials/Substrate/Glints2/dict_0006_0121.uasset" 10198
"/Engine/EngineMaterials/Substrate/Glints2/dict_0006_0097" 10199
"../../../Engine/Content/EngineMaterials/Substrate/Glints2/dict_0006_0124.uasset" 10200
"../../../Engine/Content/EngineMaterials/Substrate/Glints2/dict_0006_0105.uasset" 10201
"../../../Engine/Content/EngineMaterials/Substrate/Glints2/dict_0006_0115.uasset" 10202
"../../../Engine/Content/EngineMaterials/Substrate/Glints2/dict_0006_0123.uasset" 10203
"/Engine/EngineMaterials/Substrate/Glints2/dict_0006_0096" 10204
"../../../Engine/Content/EngineMaterials/Substrate/Glints2/dict_0006_0117.uasset" 10205
"../../../Engine/Content/EngineMaterials/Substrate/Glints2/dict_0006_0125.uasset" 10206
"../../../Engine/Content/EngineMaterials/Substrate/Glints2/dict_0006_0122.uasset" 10207
"/Engine/EngineMaterials/Substrate/Glints2/dict_0006_0095" 10208
"/Engine/EngineMaterials/Substrate/Glints2/dict_0006_0094" 10209
"/Engine/EngineMaterials/Substrate/Glints2/dict_0006_0125" 10210
"../../../Engine/Content/EngineMaterials/Substrate/Glints2/dict_0006_0126.uasset" 10211
"/Engine/EngineMaterials/Substrate/Glints2/dict_0006_0124" 10212
"../../../Engine/Content/EngineMaterials/Substrate/Glints2/dict_0006_0127.uasset" 10213
"../../../Engine/Content/EngineMaterials/Substrate/Glints2/dict_0006_0132.uasset" 10214
"../../../Engine/Content/EngineMaterials/Substrate/Glints2/dict_0006_0130.uasset" 10215
"../../../Engine/Content/EngineMaterials/Substrate/Glints2/dict_0006_0128.uasset" 10216
"../../../Engine/Content/EngineMaterials/Substrate/Glints2/dict_0006_0133.uasset" 10217
"../../../Engine/Content/EngineMaterials/Substrate/Glints2/dict_0006_0131.uasset" 10218
"/Engine/EngineMaterials/Substrate/Glints2/dict_0006_0123" 10219
"../../../Engine/Content/EngineMaterials/Substrate/Glints2/dict_0006_0129.uasset" 10220
"/Engine/EngineMaterials/Substrate/Glints2/dict_0006_0122" 10221
"/Engine/EngineMaterials/Substrate/Glints2/dict_0006_0121" 10222
"/Engine/EngineMaterials/Substrate/Glints2/dict_0006_0120" 10223
"/Engine/EngineMaterials/Substrate/Glints2/dict_0006_0119" 10224
"/Engine/EngineMaterials/Substrate/Glints2/dict_0006_0118" 10225
"/Engine/EngineMaterials/Substrate/Glints2/dict_0006_0117" 10226
"/Engine/EngineMaterials/Substrate/Glints2/dict_0006_0116" 10227
"/Engine/EngineMaterials/Substrate/Glints2/dict_0006_0115" 10228
"/Engine/EngineMaterials/Substrate/Glints2/dict_0006_0114" 10229
"/Engine/EngineMaterials/Substrate/Glints2/dict_0006_0113" 10230
"/Engine/EngineMaterials/Substrate/Glints2/dict_0006_0112" 10231
"/Engine/EngineMaterials/Substrate/Glints2/dict_0006_0111" 10232
"/Engine/EngineMaterials/Substrate/Glints2/dict_0006_0110" 10233
"/Engine/EngineMaterials/Substrate/Glints2/dict_0006_0109" 10234
"/Engine/EngineMaterials/Substrate/Glints2/dict_0006_0108" 10235
"/Engine/EngineMaterials/Substrate/Glints2/dict_0006_0107" 10236
"/Engine/EngineMaterials/Substrate/Glints2/dict_0006_0106" 10237
"/Engine/EngineMaterials/Substrate/Glints2/dict_0006_0105" 10238
"/Engine/EngineMaterials/Substrate/Glints2/dict_0006_0104" 10239
"/Engine/EngineMaterials/Substrate/Glints2/dict_0006_0103" 10240
"/Engine/EngineMaterials/Substrate/Glints2/dict_0006_0102" 10241
"/Engine/EngineMaterials/Substrate/Glints2/dict_0006_0133" 10242
"/Engine/EngineMaterials/Substrate/Glints2/dict_0006_0132" 10243
"../../../Engine/Content/EngineMaterials/Substrate/Glints2/dict_0006_0138.uasset" 10244
"../../../Engine/Content/EngineMaterials/Substrate/Glints2/dict_0006_0135.uasset" 10245
"../../../Engine/Content/EngineMaterials/Substrate/Glints2/dict_0006_0134.uasset" 10246
"../../../Engine/Content/EngineMaterials/Substrate/Glints2/dict_0006_0137.uasset" 10247
"../../../Engine/Content/EngineMaterials/Substrate/Glints2/dict_0006_0136.uasset" 10248
"/Engine/EngineMaterials/Substrate/Glints2/dict_0006_0131" 10249
"../../../Engine/Content/EngineMaterials/Substrate/Glints2/dict_0006_0139.uasset" 10250
"../../../Engine/Content/EngineMaterials/Substrate/Glints2/dict_0006_0143.uasset" 10251
"../../../Engine/Content/EngineMaterials/Substrate/Glints2/dict_0006_0140.uasset" 10252
"../../../Engine/Content/EngineMaterials/Substrate/Glints2/dict_0006_0144.uasset" 10253
"/Engine/EngineMaterials/Substrate/Glints2/dict_0006_0130" 10254
"../../../Engine/Content/EngineMaterials/Substrate/Glints2/dict_0006_0142.uasset" 10255
"../../../Engine/Content/EngineMaterials/Substrate/Glints2/dict_0006_0146.uasset" 10256
"../../../Engine/Content/EngineMaterials/Substrate/Glints2/dict_0006_0141.uasset" 10257
"../../../Engine/Content/EngineMaterials/Substrate/Glints2/dict_0006_0149.uasset" 10258
"../../../Engine/Content/EngineMaterials/Substrate/Glints2/dict_0006_0156.uasset" 10259
"../../../Engine/Content/EngineMaterials/Substrate/Glints2/dict_0006_0147.uasset" 10260
"../../../Engine/Content/EngineMaterials/Substrate/Glints2/dict_0006_0151.uasset" 10261
"../../../Engine/Content/EngineMaterials/Substrate/Glints2/dict_0006_0155.uasset" 10262
"../../../Engine/Content/EngineMaterials/Substrate/Glints2/dict_0006_0154.uasset" 10263
"/Engine/EngineMaterials/Substrate/Glints2/dict_0006_0129" 10264
"../../../Engine/Content/EngineMaterials/Substrate/Glints2/dict_0006_0157.uasset" 10265
"../../../Engine/Content/EngineMaterials/Substrate/Glints2/dict_0006_0153.uasset" 10266
"../../../Engine/Content/EngineMaterials/Substrate/Glints2/dict_0006_0152.uasset" 10267
"../../../Engine/Content/EngineMaterials/Substrate/Glints2/dict_0006_0150.uasset" 10268
"../../../Engine/Content/EngineMaterials/Substrate/Glints2/dict_0006_0145.uasset" 10269
"../../../Engine/Content/EngineMaterials/Substrate/Glints2/dict_0006_0148.uasset" 10270
"/Engine/EngineMaterials/Substrate/Glints2/dict_0006_0128" 10271
"/Engine/EngineMaterials/Substrate/Glints2/dict_0006_0127" 10272
"/Engine/EngineMaterials/Substrate/Glints2/dict_0006_0126" 10273
"/Engine/EngineMaterials/Substrate/Glints2/dict_0006_0157" 10274
"../../../Engine/Content/EngineMaterials/Substrate/Glints2/dict_0006_0160.uasset" 10275
"../../../Engine/Content/EngineMaterials/Substrate/Glints2/dict_0006_0161.uasset" 10276
"/Engine/EngineMaterials/Substrate/Glints2/dict_0006_0156" 10277
"../../../Engine/Content/EngineMaterials/Substrate/Glints2/dict_0006_0158.uasset" 10278
"../../../Engine/Content/EngineMaterials/Substrate/Glints2/dict_0006_0162.uasset" 10279
"../../../Engine/Content/EngineMaterials/Substrate/Glints2/dict_0006_0159.uasset" 10280
"../../../Engine/Content/EngineMaterials/Substrate/Glints2/dict_0006_0165.uasset" 10281
"../../../Engine/Content/EngineMaterials/Substrate/Glints2/dict_0006_0163.uasset" 10282
"../../../Engine/Content/EngineMaterials/Substrate/Glints2/dict_0006_0164.uasset" 10283
"/Engine/EngineMaterials/Substrate/Glints2/dict_0006_0155" 10284
"/Engine/EngineMaterials/Substrate/Glints2/dict_0006_0154" 10285
"/Engine/EngineMaterials/Substrate/Glints2/dict_0006_0153" 10286
"/Engine/EngineMaterials/Substrate/Glints2/dict_0006_0152" 10287
"/Engine/EngineMaterials/Substrate/Glints2/dict_0006_0151" 10288
"/Engine/EngineMaterials/Substrate/Glints2/dict_0006_0150" 10289
"/Engine/EngineMaterials/Substrate/Glints2/dict_0006_0149" 10290
"/Engine/EngineMaterials/Substrate/Glints2/dict_0006_0148" 10291
"/Engine/EngineMaterials/Substrate/Glints2/dict_0006_0147" 10292
"/Engine/EngineMaterials/Substrate/Glints2/dict_0006_0146" 10293
"/Engine/EngineMaterials/Substrate/Glints2/dict_0006_0145" 10294
"/Engine/EngineMaterials/Substrate/Glints2/dict_0006_0144" 10295
"/Engine/EngineMaterials/Substrate/Glints2/dict_0006_0143" 10296
"/Engine/EngineMaterials/Substrate/Glints2/dict_0006_0142" 10297
"/Engine/EngineMaterials/Substrate/Glints2/dict_0006_0141" 10298
"/Engine/EngineMaterials/Substrate/Glints2/dict_0006_0140" 10299
"/Engine/EngineMaterials/Substrate/Glints2/dict_0006_0139" 10300
"/Engine/EngineMaterials/Substrate/Glints2/dict_0006_0138" 10301
"/Engine/EngineMaterials/Substrate/Glints2/dict_0006_0137" 10302
"/Engine/EngineMaterials/Substrate/Glints2/dict_0006_0136" 10303
"/Engine/EngineMaterials/Substrate/Glints2/dict_0006_0135" 10304
"/Engine/EngineMaterials/Substrate/Glints2/dict_0006_0134" 10305
"/Engine/EngineMaterials/Substrate/Glints2/dict_0006_0165" 10306
"../../../Engine/Content/EngineMaterials/Substrate/Glints2/dict_0006_0166.uasset" 10307
"/Engine/EngineMaterials/Substrate/Glints2/dict_0006_0164" 10308
"../../../Engine/Content/EngineMaterials/Substrate/Glints2/dict_0006_0171.uasset" 10309
"../../../Engine/Content/EngineMaterials/Substrate/Glints2/dict_0006_0167.uasset" 10310
"../../../Engine/Content/EngineMaterials/Substrate/Glints2/dict_0006_0169.uasset" 10311
"../../../Engine/Content/EngineMaterials/Substrate/Glints2/dict_0006_0168.uasset" 10312
"../../../Engine/Content/EngineMaterials/Substrate/Glints2/dict_0006_0172.uasset" 10313
"../../../Engine/Content/EngineMaterials/Substrate/Glints2/dict_0006_0175.uasset" 10314
"/Engine/EngineMaterials/Substrate/Glints2/dict_0006_0163" 10315
"../../../Engine/Content/EngineMaterials/Substrate/Glints2/dict_0006_0174.uasset" 10316
"../../../Engine/Content/EngineMaterials/Substrate/Glints2/dict_0006_0170.uasset" 10317
"../../../Engine/Content/EngineMaterials/Substrate/Glints2/dict_0006_0177.uasset" 10318
"../../../Engine/Content/EngineMaterials/Substrate/Glints2/dict_0006_0186.uasset" 10319
"../../../Engine/Content/EngineMaterials/Substrate/Glints2/dict_0006_0173.uasset" 10320
"../../../Engine/Content/EngineMaterials/Substrate/Glints2/dict_0006_0188.uasset" 10321
"../../../Engine/Content/EngineMaterials/Substrate/Glints2/dict_0006_0183.uasset" 10322
"../../../Engine/Content/EngineMaterials/Substrate/Glints2/dict_0006_0178.uasset" 10323
"../../../Engine/Content/EngineMaterials/Substrate/Glints2/dict_0006_0185.uasset" 10324
"../../../Engine/Content/EngineMaterials/Substrate/Glints2/dict_0006_0176.uasset" 10325
"/Engine/EngineMaterials/Substrate/Glints2/dict_0006_0162" 10326
"../../../Engine/Content/EngineMaterials/Substrate/Glints2/dict_0006_0189.uasset" 10327
"../../../Engine/Content/EngineMaterials/Substrate/Glints2/dict_0006_0182.uasset" 10328
"../../../Engine/Content/EngineMaterials/Substrate/Glints2/dict_0006_0181.uasset" 10329
"../../../Engine/Content/EngineMaterials/Substrate/Glints2/dict_0006_0184.uasset" 10330
"../../../Engine/Content/EngineMaterials/Substrate/Glints2/dict_0006_0179.uasset" 10331
"../../../Engine/Content/EngineMaterials/Substrate/Glints2/dict_0006_0180.uasset" 10332
"../../../Engine/Content/EngineMaterials/Substrate/Glints2/dict_0006_0187.uasset" 10333
"/Engine/EngineMaterials/Substrate/Glints2/dict_0006_0161" 10334
"/Engine/EngineMaterials/Substrate/Glints2/dict_0006_0160" 10335
"/Engine/EngineMaterials/Substrate/Glints2/dict_0006_0159" 10336
"/Engine/EngineMaterials/Substrate/Glints2/dict_0006_0158" 10337
"/Engine/EngineMaterials/Substrate/Glints2/dict_0006_0189" 10338
"../../../Engine/Content/EngineMaterials/Substrate/Glints2/dict_0006_0192.uasset" 10339
"../../../Engine/Content/EngineMaterials/Substrate/Glints2/dict_0006_0193.uasset" 10340
"../../../Engine/Content/EngineMaterials/Substrate/Glints2/dict_0006_0191.uasset" 10341
"../../../Engine/Content/EngineMaterials/Substrate/Glints2/dict_0006_0197.uasset" 10342
"../../../Engine/Content/EngineMaterials/Substrate/Glints2/dict_0006_0195.uasset" 10343
"../../../Engine/Content/EngineMaterials/Substrate/Glints2/dict_0006_0196.uasset" 10344
"/Engine/EngineMaterials/Substrate/Glints2/dict_0006_0188" 10345
"../../../Engine/Content/EngineMaterials/Substrate/Glints2/dict_0006_0190.uasset" 10346
"../../../Engine/Content/EngineMaterials/Substrate/Glints2/dict_0006_0194.uasset" 10347
"/Engine/EngineMaterials/Substrate/Glints2/dict_0006_0187" 10348
"/Engine/EngineMaterials/Substrate/Glints2/dict_0006_0186" 10349
"/Engine/EngineMaterials/Substrate/Glints2/dict_0006_0185" 10350
"/Engine/EngineMaterials/Substrate/Glints2/dict_0006_0184" 10351
"/Engine/EngineMaterials/Substrate/Glints2/dict_0006_0183" 10352
"/Engine/EngineMaterials/Substrate/Glints2/dict_0006_0182" 10353
"/Engine/EngineMaterials/Substrate/Glints2/dict_0006_0181" 10354
"/Engine/EngineMaterials/Substrate/Glints2/dict_0006_0180" 10355
"/Engine/EngineMaterials/Substrate/Glints2/dict_0006_0179" 10356
"/Engine/EngineMaterials/Substrate/Glints2/dict_0006_0178" 10357
"/Engine/EngineMaterials/Substrate/Glints2/dict_0006_0177" 10358
"/Engine/EngineMaterials/Substrate/Glints2/dict_0006_0176" 10359
"/Engine/EngineMaterials/Substrate/Glints2/dict_0006_0175" 10360
"/Engine/EngineMaterials/Substrate/Glints2/dict_0006_0174" 10361
"/Engine/EngineMaterials/Substrate/Glints2/dict_0006_0173" 10362
"/Engine/EngineMaterials/Substrate/Glints2/dict_0006_0172" 10363
"/Engine/EngineMaterials/Substrate/Glints2/dict_0006_0171" 10364
"/Engine/EngineMaterials/Substrate/Glints2/dict_0006_0170" 10365
"/Engine/EngineMaterials/Substrate/Glints2/dict_0006_0169" 10366
"/Engine/EngineMaterials/Substrate/Glints2/dict_0006_0168" 10367
"/Engine/EngineMaterials/Substrate/Glints2/dict_0006_0167" 10368
"/Engine/EngineMaterials/Substrate/Glints2/dict_0006_0166" 10369
"/Engine/EngineMaterials/Substrate/Glints2/dict_0006_0197" 10370
"/Engine/EngineMaterials/Substrate/Glints2/dict_0006_0196" 10371
"../../../Engine/Content/EngineMaterials/Substrate/Glints2/dict_0006_0198.uasset" 10372
"../../../Engine/Content/EngineMaterials/Substrate/Glints2/dict_0006_0200.uasset" 10373
"../../../Engine/Content/EngineMaterials/Substrate/Glints2/dict_0006_0202.uasset" 10374
"/Engine/EngineMaterials/Substrate/Glints2/dict_0006_0195" 10375
"../../../Engine/Content/EngineMaterials/Substrate/Glints2/dict_0006_0205.uasset" 10376
"../../../Engine/Content/EngineMaterials/Substrate/Glints2/dict_0006_0199.uasset" 10377
"../../../Engine/Content/EngineMaterials/Substrate/Glints2/dict_0006_0203.uasset" 10378
"../../../Engine/Content/EngineMaterials/Substrate/Glints2/dict_0006_0204.uasset" 10379
"/Engine/EngineMaterials/Substrate/Glints2/dict_0006_0194" 10380
"../../../Engine/Content/EngineMaterials/Substrate/Glints2/dict_0006_0201.uasset" 10381
"../../../Engine/Content/EngineMaterials/Substrate/Glints2/dict_0006_0207.uasset" 10382
"../../../Engine/Content/EngineMaterials/Substrate/Glints2/dict_0006_0206.uasset" 10383
"../../../Engine/Content/EngineMaterials/Substrate/Glints2/dict_0006_0211.uasset" 10384
"../../../Engine/Content/EngineMaterials/Substrate/Glints2/dict_0006_0213.uasset" 10385
"/Engine/EngineMaterials/Substrate/Glints2/dict_0006_0193" 10386
"../../../Engine/Content/EngineMaterials/Substrate/Glints2/dict_0006_0208.uasset" 10387
"../../../Engine/Content/EngineMaterials/Substrate/Glints2/dict_0006_0214.uasset" 10388
"../../../Engine/Content/EngineMaterials/Substrate/Glints2/dict_0006_0216.uasset" 10389
"../../../Engine/Content/EngineMaterials/Substrate/Glints2/dict_0006_0219.uasset" 10390
"../../../Engine/Content/EngineMaterials/Substrate/Glints2/dict_0006_0210.uasset" 10391
"../../../Engine/Content/EngineMaterials/Substrate/Glints2/dict_0006_0220.uasset" 10392
"../../../Engine/Content/EngineMaterials/Substrate/Glints2/dict_0006_0215.uasset" 10393
"../../../Engine/Content/EngineMaterials/Substrate/Glints2/dict_0006_0212.uasset" 10394
"../../../Engine/Content/EngineMaterials/Substrate/Glints2/dict_0006_0218.uasset" 10395
"/Engine/EngineMaterials/Substrate/Glints2/dict_0006_0192" 10396
"../../../Engine/Content/EngineMaterials/Substrate/Glints2/dict_0006_0209.uasset" 10397
"../../../Engine/Content/EngineMaterials/Substrate/Glints2/dict_0006_0221.uasset" 10398
"../../../Engine/Content/EngineMaterials/Substrate/Glints2/dict_0006_0217.uasset" 10399
"/Engine/EngineMaterials/Substrate/Glints2/dict_0006_0191" 10400
"/Engine/EngineMaterials/Substrate/Glints2/dict_0006_0190" 10401
"/Engine/EngineMaterials/Substrate/Glints2/dict_0006_0221" 10402
"../../../Engine/Content/EngineMaterials/Substrate/Glints2/dict_0006_0223.uasset" 10403
"/Engine/EngineMaterials/Substrate/Glints2/dict_0006_0220" 10404
"../../../Engine/Content/EngineMaterials/Substrate/Glints2/dict_0006_0224.uasset" 10405
"../../../Engine/Content/EngineMaterials/Substrate/Glints2/dict_0006_0222.uasset" 10406
"../../../Engine/Content/EngineMaterials/Substrate/Glints2/dict_0006_0227.uasset" 10407
"../../../Engine/Content/EngineMaterials/Substrate/Glints2/dict_0006_0226.uasset" 10408
"../../../Engine/Content/EngineMaterials/Substrate/Glints2/dict_0006_0228.uasset" 10409
"../../../Engine/Content/EngineMaterials/Substrate/Glints2/dict_0006_0225.uasset" 10410
"/Engine/EngineMaterials/Substrate/Glints2/dict_0006_0219" 10411
"../../../Engine/Content/EngineMaterials/Substrate/Glints2/dict_0006_0229.uasset" 10412
"/Engine/EngineMaterials/Substrate/Glints2/dict_0006_0218" 10413
"/Engine/EngineMaterials/Substrate/Glints2/dict_0006_0217" 10414
"/Engine/EngineMaterials/Substrate/Glints2/dict_0006_0216" 10415
"/Engine/EngineMaterials/Substrate/Glints2/dict_0006_0215" 10416
"/Engine/EngineMaterials/Substrate/Glints2/dict_0006_0214" 10417
"/Engine/EngineMaterials/Substrate/Glints2/dict_0006_0213" 10418
"/Engine/EngineMaterials/Substrate/Glints2/dict_0006_0212" 10419
"/Engine/EngineMaterials/Substrate/Glints2/dict_0006_0211" 10420
"/Engine/EngineMaterials/Substrate/Glints2/dict_0006_0210" 10421
"/Engine/EngineMaterials/Substrate/Glints2/dict_0006_0209" 10422
"/Engine/EngineMaterials/Substrate/Glints2/dict_0006_0208" 10423
"/Engine/EngineMaterials/Substrate/Glints2/dict_0006_0207" 10424
"/Engine/EngineMaterials/Substrate/Glints2/dict_0006_0206" 10425
"/Engine/EngineMaterials/Substrate/Glints2/dict_0006_0205" 10426
"/Engine/EngineMaterials/Substrate/Glints2/dict_0006_0204" 10427
"/Engine/EngineMaterials/Substrate/Glints2/dict_0006_0203" 10428
"/Engine/EngineMaterials/Substrate/Glints2/dict_0006_0202" 10429
"/Engine/EngineMaterials/Substrate/Glints2/dict_0006_0201" 10430
"/Engine/EngineMaterials/Substrate/Glints2/dict_0006_0200" 10431
"/Engine/EngineMaterials/Substrate/Glints2/dict_0006_0199" 10432
"/Engine/EngineMaterials/Substrate/Glints2/dict_0006_0198" 10433
"/Engine/EngineMaterials/Substrate/Glints2/dict_0006_0229" 10434
"../../../Engine/Content/EngineMaterials/Substrate/Glints2/dict_0006_0232.uasset" 10435
"../../../Engine/Content/EngineMaterials/Substrate/Glints2/dict_0006_0233.uasset" 10436
"/Engine/EngineMaterials/Substrate/Glints2/dict_0006_0228" 10437
"../../../Engine/Content/EngineMaterials/Substrate/Glints2/dict_0006_0234.uasset" 10438
"../../../Engine/Content/EngineMaterials/Substrate/Glints2/dict_0006_0235.uasset" 10439
"../../../Engine/Content/EngineMaterials/Substrate/Glints2/dict_0006_0240.uasset" 10440
"../../../Engine/Content/EngineMaterials/Substrate/Glints2/dict_0006_0239.uasset" 10441
"/Engine/EngineMaterials/Substrate/Glints2/dict_0006_0227" 10442
"../../../Engine/Content/EngineMaterials/Substrate/Glints2/dict_0006_0237.uasset" 10443
"../../../Engine/Content/EngineMaterials/Substrate/Glints2/dict_0006_0242.uasset" 10444
"../../../Engine/Content/EngineMaterials/Substrate/Glints2/dict_0006_0236.uasset" 10445
"../../../Engine/Content/EngineMaterials/Substrate/Glints2/dict_0006_0245.uasset" 10446
"../../../Engine/Content/EngineMaterials/Substrate/Glints2/dict_0006_0244.uasset" 10447
"../../../Engine/Content/EngineMaterials/Substrate/Glints2/dict_0006_0230.uasset" 10448
"../../../Engine/Content/EngineMaterials/Substrate/Glints2/dict_0006_0248.uasset" 10449
"../../../Engine/Content/EngineMaterials/Substrate/Glints2/dict_0006_0241.uasset" 10450
"../../../Engine/Content/EngineMaterials/Substrate/Glints2/dict_0006_0250.uasset" 10451
"../../../Engine/Content/EngineMaterials/Substrate/Glints2/dict_0006_0238.uasset" 10452
"/Engine/EngineMaterials/Substrate/Glints2/dict_0006_0226" 10453
"../../../Engine/Content/EngineMaterials/Substrate/Glints2/dict_0006_0231.uasset" 10454
"../../../Engine/Content/EngineMaterials/Substrate/Glints2/dict_0006_0247.uasset" 10455
"../../../Engine/Content/EngineMaterials/Substrate/Glints2/dict_0006_0246.uasset" 10456
"../../../Engine/Content/EngineMaterials/Substrate/Glints2/dict_0006_0252.uasset" 10457
"../../../Engine/Content/EngineMaterials/Substrate/Glints2/dict_0006_0251.uasset" 10458
"../../../Engine/Content/EngineMaterials/Substrate/Glints2/dict_0006_0249.uasset" 10459
"../../../Engine/Content/EngineMaterials/Substrate/Glints2/dict_0006_0243.uasset" 10460
"/Engine/EngineMaterials/Substrate/Glints2/dict_0006_0225" 10461
"../../../Engine/Content/EngineMaterials/Substrate/Glints2/dict_0006_0253.uasset" 10462
"/Engine/EngineMaterials/Substrate/Glints2/dict_0006_0224" 10463
"/Engine/EngineMaterials/Substrate/Glints2/dict_0006_0223" 10464
"/Engine/EngineMaterials/Substrate/Glints2/dict_0006_0222" 10465
"/Engine/EngineMaterials/Substrate/Glints2/dict_0006_0253" 10466
"../../../Engine/Content/EngineMaterials/Substrate/Glints2/dict_0007_0000.uasset" 10467
"../../../Engine/Content/EngineMaterials/Substrate/Glints2/dict_0007_0002.uasset" 10468
"../../../Engine/Content/EngineMaterials/Substrate/Glints2/dict_0007_0001.uasset" 10469
"/Engine/EngineMaterials/Substrate/Glints2/dict_0006_0252" 10470
"../../../Engine/Content/EngineMaterials/Substrate/Glints2/dict_0007_0005.uasset" 10471
"../../../Engine/Content/EngineMaterials/Substrate/Glints2/dict_0006_0254.uasset" 10472
"../../../Engine/Content/EngineMaterials/Substrate/Glints2/dict_0006_0255.uasset" 10473
"../../../Engine/Content/EngineMaterials/Substrate/Glints2/dict_0007_0004.uasset" 10474
"../../../Engine/Content/EngineMaterials/Substrate/Glints2/dict_0007_0003.uasset" 10475
"/Engine/EngineMaterials/Substrate/Glints2/dict_0006_0251" 10476
"/Engine/EngineMaterials/Substrate/Glints2/dict_0006_0250" 10477
"/Engine/EngineMaterials/Substrate/Glints2/dict_0006_0249" 10478
"/Engine/EngineMaterials/Substrate/Glints2/dict_0006_0248" 10479
"/Engine/EngineMaterials/Substrate/Glints2/dict_0006_0247" 10480
"/Engine/EngineMaterials/Substrate/Glints2/dict_0006_0246" 10481
"/Engine/EngineMaterials/Substrate/Glints2/dict_0006_0245" 10482
"/Engine/EngineMaterials/Substrate/Glints2/dict_0006_0244" 10483
"/Engine/EngineMaterials/Substrate/Glints2/dict_0006_0243" 10484
"/Engine/EngineMaterials/Substrate/Glints2/dict_0006_0242" 10485
"/Engine/EngineMaterials/Substrate/Glints2/dict_0006_0241" 10486
"/Engine/EngineMaterials/Substrate/Glints2/dict_0006_0240" 10487
"/Engine/EngineMaterials/Substrate/Glints2/dict_0006_0239" 10488
"/Engine/EngineMaterials/Substrate/Glints2/dict_0006_0238" 10489
"/Engine/EngineMaterials/Substrate/Glints2/dict_0006_0237" 10490
"/Engine/EngineMaterials/Substrate/Glints2/dict_0006_0236" 10491
"/Engine/EngineMaterials/Substrate/Glints2/dict_0006_0235" 10492
"/Engine/EngineMaterials/Substrate/Glints2/dict_0006_0234" 10493
"/Engine/EngineMaterials/Substrate/Glints2/dict_0006_0233" 10494
"/Engine/EngineMaterials/Substrate/Glints2/dict_0006_0232" 10495
"/Engine/EngineMaterials/Substrate/Glints2/dict_0006_0231" 10496
"/Engine/EngineMaterials/Substrate/Glints2/dict_0006_0230" 10497
"/Engine/EngineMaterials/Substrate/Glints2/dict_0007_0005" 10498
"../../../Engine/Content/EngineMaterials/Substrate/Glints2/dict_0007_0008.uasset" 10499
"../../../Engine/Content/EngineMaterials/Substrate/Glints2/dict_0007_0009.uasset" 10500
"../../../Engine/Content/EngineMaterials/Substrate/Glints2/dict_0007_0006.uasset" 10501
"../../../Engine/Content/EngineMaterials/Substrate/Glints2/dict_0007_0007.uasset" 10502
"/Engine/EngineMaterials/Substrate/Glints2/dict_0007_0004" 10503
"../../../Engine/Content/EngineMaterials/Substrate/Glints2/dict_0007_0010.uasset" 10504
"../../../Engine/Content/EngineMaterials/Substrate/Glints2/dict_0007_0011.uasset" 10505
"../../../Engine/Content/EngineMaterials/Substrate/Glints2/dict_0007_0013.uasset" 10506
"/Engine/EngineMaterials/Substrate/Glints2/dict_0007_0003" 10507
"../../../Engine/Content/EngineMaterials/Substrate/Glints2/dict_0007_0012.uasset" 10508
"../../../Engine/Content/EngineMaterials/Substrate/Glints2/dict_0007_0014.uasset" 10509
"../../../Engine/Content/EngineMaterials/Substrate/Glints2/dict_0007_0017.uasset" 10510
"../../../Engine/Content/EngineMaterials/Substrate/Glints2/dict_0007_0016.uasset" 10511
"/Engine/EngineMaterials/Substrate/Glints2/dict_0007_0002" 10512
"../../../Engine/Content/EngineMaterials/Substrate/Glints2/dict_0007_0019.uasset" 10513
"../../../Engine/Content/EngineMaterials/Substrate/Glints2/dict_0007_0027.uasset" 10514
"../../../Engine/Content/EngineMaterials/Substrate/Glints2/dict_0007_0015.uasset" 10515
"../../../Engine/Content/EngineMaterials/Substrate/Glints2/dict_0007_0024.uasset" 10516
"../../../Engine/Content/EngineMaterials/Substrate/Glints2/dict_0007_0020.uasset" 10517
"../../../Engine/Content/EngineMaterials/Substrate/Glints2/dict_0007_0028.uasset" 10518
"../../../Engine/Content/EngineMaterials/Substrate/Glints2/dict_0007_0026.uasset" 10519
"../../../Engine/Content/EngineMaterials/Substrate/Glints2/dict_0007_0025.uasset" 10520
"../../../Engine/Content/EngineMaterials/Substrate/Glints2/dict_0007_0023.uasset" 10521
"../../../Engine/Content/EngineMaterials/Substrate/Glints2/dict_0007_0018.uasset" 10522
"../../../Engine/Content/EngineMaterials/Substrate/Glints2/dict_0007_0021.uasset" 10523
"../../../Engine/Content/EngineMaterials/Substrate/Glints2/dict_0007_0029.uasset" 10524
"/Engine/EngineMaterials/Substrate/Glints2/dict_0007_0001" 10525
"../../../Engine/Content/EngineMaterials/Substrate/Glints2/dict_0007_0022.uasset" 10526
"/Engine/EngineMaterials/Substrate/Glints2/dict_0007_0000" 10527
"/Engine/EngineMaterials/Substrate/Glints2/dict_0006_0255" 10528
"/Engine/EngineMaterials/Substrate/Glints2/dict_0006_0254" 10529
"/Engine/EngineMaterials/Substrate/Glints2/dict_0007_0029" 10530
"../../../Engine/Content/EngineMaterials/Substrate/Glints2/dict_0007_0032.uasset" 10531
"../../../Engine/Content/EngineMaterials/Substrate/Glints2/dict_0007_0030.uasset" 10532
"/Engine/EngineMaterials/Substrate/Glints2/dict_0007_0028" 10533
"../../../Engine/Content/EngineMaterials/Substrate/Glints2/dict_0007_0031.uasset" 10534
"../../../Engine/Content/EngineMaterials/Substrate/Glints2/dict_0007_0034.uasset" 10535
"../../../Engine/Content/EngineMaterials/Substrate/Glints2/dict_0007_0036.uasset" 10536
"../../../Engine/Content/EngineMaterials/Substrate/Glints2/dict_0007_0037.uasset" 10537
"/Engine/EngineMaterials/Substrate/Glints2/dict_0007_0027" 10538
"../../../Engine/Content/EngineMaterials/Substrate/Glints2/dict_0007_0033.uasset" 10539
"../../../Engine/Content/EngineMaterials/Substrate/Glints2/dict_0007_0035.uasset" 10540
"/Engine/EngineMaterials/Substrate/Glints2/dict_0007_0026" 10541
"/Engine/EngineMaterials/Substrate/Glints2/dict_0007_0025" 10542
"/Engine/EngineMaterials/Substrate/Glints2/dict_0007_0024" 10543
"/Engine/EngineMaterials/Substrate/Glints2/dict_0007_0023" 10544
"/Engine/EngineMaterials/Substrate/Glints2/dict_0007_0022" 10545
"/Engine/EngineMaterials/Substrate/Glints2/dict_0007_0021" 10546
"/Engine/EngineMaterials/Substrate/Glints2/dict_0007_0020" 10547
"/Engine/EngineMaterials/Substrate/Glints2/dict_0007_0019" 10548
"/Engine/EngineMaterials/Substrate/Glints2/dict_0007_0018" 10549
"/Engine/EngineMaterials/Substrate/Glints2/dict_0007_0017" 10550
"/Engine/EngineMaterials/Substrate/Glints2/dict_0007_0016" 10551
"/Engine/EngineMaterials/Substrate/Glints2/dict_0007_0015" 10552
"/Engine/EngineMaterials/Substrate/Glints2/dict_0007_0014" 10553
"/Engine/EngineMaterials/Substrate/Glints2/dict_0007_0013" 10554
"/Engine/EngineMaterials/Substrate/Glints2/dict_0007_0012" 10555
"/Engine/EngineMaterials/Substrate/Glints2/dict_0007_0011" 10556
"/Engine/EngineMaterials/Substrate/Glints2/dict_0007_0010" 10557
"/Engine/EngineMaterials/Substrate/Glints2/dict_0007_0009" 10558
"/Engine/EngineMaterials/Substrate/Glints2/dict_0007_0008" 10559
"/Engine/EngineMaterials/Substrate/Glints2/dict_0007_0007" 10560
"/Engine/EngineMaterials/Substrate/Glints2/dict_0007_0006" 10561
"/Engine/EngineMaterials/Substrate/Glints2/dict_0007_0037" 10562
"../../../Engine/Content/EngineMaterials/Substrate/Glints2/dict_0007_0039.uasset" 10563
"../../../Engine/Content/EngineMaterials/Substrate/Glints2/dict_0007_0040.uasset" 10564
"/Engine/EngineMaterials/Substrate/Glints2/dict_0007_0036" 10565
"../../../Engine/Content/EngineMaterials/Substrate/Glints2/dict_0007_0052.uasset" 10566
"../../../Engine/Content/EngineMaterials/Substrate/Glints2/dict_0007_0050.uasset" 10567
"../../../Engine/Content/EngineMaterials/Substrate/Glints2/dict_0007_0058.uasset" 10568
"../../../Engine/Content/EngineMaterials/Substrate/Glints2/dict_0007_0056.uasset" 10569
"/Engine/EngineMaterials/Substrate/Glints2/dict_0007_0035" 10570
"../../../Engine/Content/EngineMaterials/Substrate/Glints2/dict_0007_0049.uasset" 10571
"../../../Engine/Content/EngineMaterials/Substrate/Glints2/dict_0007_0059.uasset" 10572
"../../../Engine/Content/EngineMaterials/Substrate/Glints2/dict_0007_0057.uasset" 10573
"../../../Engine/Content/EngineMaterials/Substrate/Glints2/dict_0007_0044.uasset" 10574
"../../../Engine/Content/EngineMaterials/Substrate/Glints2/dict_0007_0043.uasset" 10575
"../../../Engine/Content/EngineMaterials/Substrate/Glints2/dict_0007_0061.uasset" 10576
"../../../Engine/Content/EngineMaterials/Substrate/Glints2/dict_0007_0047.uasset" 10577
"../../../Engine/Content/EngineMaterials/Substrate/Glints2/dict_0007_0048.uasset" 10578
"/Engine/EngineMaterials/Substrate/Glints2/dict_0007_0034" 10579
"../../../Engine/Content/EngineMaterials/Substrate/Glints2/dict_0007_0054.uasset" 10580
"../../../Engine/Content/EngineMaterials/Substrate/Glints2/dict_0007_0042.uasset" 10581
"../../../Engine/Content/EngineMaterials/Substrate/Glints2/dict_0007_0046.uasset" 10582
"../../../Engine/Content/EngineMaterials/Substrate/Glints2/dict_0007_0045.uasset" 10583
"../../../Engine/Content/EngineMaterials/Substrate/Glints2/dict_0007_0038.uasset" 10584
"../../../Engine/Content/EngineMaterials/Substrate/Glints2/dict_0007_0055.uasset" 10585
"../../../Engine/Content/EngineMaterials/Substrate/Glints2/dict_0007_0051.uasset" 10586
"../../../Engine/Content/EngineMaterials/Substrate/Glints2/dict_0007_0053.uasset" 10587
"/Engine/EngineMaterials/Substrate/Glints2/dict_0007_0033" 10588
"../../../Engine/Content/EngineMaterials/Substrate/Glints2/dict_0007_0041.uasset" 10589
"../../../Engine/Content/EngineMaterials/Substrate/Glints2/dict_0007_0060.uasset" 10590
"/Engine/EngineMaterials/Substrate/Glints2/dict_0007_0032" 10591
"/Engine/EngineMaterials/Substrate/Glints2/dict_0007_0031" 10592
"/Engine/EngineMaterials/Substrate/Glints2/dict_0007_0030" 10593
"/Engine/EngineMaterials/Substrate/Glints2/dict_0007_0061" 10594
"../../../Engine/Content/EngineMaterials/Substrate/Glints2/dict_0007_0062.uasset" 10595
"../../../Engine/Content/EngineMaterials/Substrate/Glints2/dict_0007_0065.uasset" 10596
"../../../Engine/Content/EngineMaterials/Substrate/Glints2/dict_0007_0064.uasset" 10597
"/Engine/EngineMaterials/Substrate/Glints2/dict_0007_0060" 10598
"../../../Engine/Content/EngineMaterials/Substrate/Glints2/dict_0007_0063.uasset" 10599
"../../../Engine/Content/EngineMaterials/Substrate/Glints2/dict_0007_0068.uasset" 10600
"../../../Engine/Content/EngineMaterials/Substrate/Glints2/dict_0007_0066.uasset" 10601
"../../../Engine/Content/EngineMaterials/Substrate/Glints2/dict_0007_0069.uasset" 10602
"../../../Engine/Content/EngineMaterials/Substrate/Glints2/dict_0007_0067.uasset" 10603
"/Engine/EngineMaterials/Substrate/Glints2/dict_0007_0059" 10604
"/Engine/EngineMaterials/Substrate/Glints2/dict_0007_0058" 10605
"/Engine/EngineMaterials/Substrate/Glints2/dict_0007_0057" 10606
"/Engine/EngineMaterials/Substrate/Glints2/dict_0007_0056" 10607
"/Engine/EngineMaterials/Substrate/Glints2/dict_0007_0055" 10608
"/Engine/EngineMaterials/Substrate/Glints2/dict_0007_0054" 10609
"/Engine/EngineMaterials/Substrate/Glints2/dict_0007_0053" 10610
"/Engine/EngineMaterials/Substrate/Glints2/dict_0007_0052" 10611
"/Engine/EngineMaterials/Substrate/Glints2/dict_0007_0051" 10612
"/Engine/EngineMaterials/Substrate/Glints2/dict_0007_0050" 10613
"/Engine/EngineMaterials/Substrate/Glints2/dict_0007_0049" 10614
"/Engine/EngineMaterials/Substrate/Glints2/dict_0007_0048" 10615
"/Engine/EngineMaterials/Substrate/Glints2/dict_0007_0047" 10616
"/Engine/EngineMaterials/Substrate/Glints2/dict_0007_0046" 10617
"/Engine/EngineMaterials/Substrate/Glints2/dict_0007_0045" 10618
"/Engine/EngineMaterials/Substrate/Glints2/dict_0007_0044" 10619
"/Engine/EngineMaterials/Substrate/Glints2/dict_0007_0043" 10620
"/Engine/EngineMaterials/Substrate/Glints2/dict_0007_0042" 10621
"/Engine/EngineMaterials/Substrate/Glints2/dict_0007_0041" 10622
"/Engine/EngineMaterials/Substrate/Glints2/dict_0007_0040" 10623
"/Engine/EngineMaterials/Substrate/Glints2/dict_0007_0039" 10624
"/Engine/EngineMaterials/Substrate/Glints2/dict_0007_0038" 10625
"/Engine/EngineMaterials/Substrate/Glints2/dict_0007_0069" 10626
"../../../Engine/Content/EngineMaterials/Substrate/Glints2/dict_0007_0073.uasset" 10627
"../../../Engine/Content/EngineMaterials/Substrate/Glints2/dict_0007_0072.uasset" 10628
"../../../Engine/Content/EngineMaterials/Substrate/Glints2/dict_0007_0071.uasset" 10629
"/Engine/EngineMaterials/Substrate/Glints2/dict_0007_0068" 10630
"../../../Engine/Content/EngineMaterials/Substrate/Glints2/dict_0007_0070.uasset" 10631
"../../../Engine/Content/EngineMaterials/Substrate/Glints2/dict_0007_0074.uasset" 10632
"../../../Engine/Content/EngineMaterials/Substrate/Glints2/dict_0007_0076.uasset" 10633
"../../../Engine/Content/EngineMaterials/Substrate/Glints2/dict_0007_0078.uasset" 10634
"/Engine/EngineMaterials/Substrate/Glints2/dict_0007_0067" 10635
"../../../Engine/Content/EngineMaterials/Substrate/Glints2/dict_0007_0083.uasset" 10636
"../../../Engine/Content/EngineMaterials/Substrate/Glints2/dict_0007_0075.uasset" 10637
"../../../Engine/Content/EngineMaterials/Substrate/Glints2/dict_0007_0087.uasset" 10638
"../../../Engine/Content/EngineMaterials/Substrate/Glints2/dict_0007_0079.uasset" 10639
"../../../Engine/Content/EngineMaterials/Substrate/Glints2/dict_0007_0080.uasset" 10640
"/Engine/EngineMaterials/Substrate/Glints2/dict_0007_0066" 10641
"../../../Engine/Content/EngineMaterials/Substrate/Glints2/dict_0007_0088.uasset" 10642
"../../../Engine/Content/EngineMaterials/Substrate/Glints2/dict_0007_0086.uasset" 10643
"../../../Engine/Content/EngineMaterials/Substrate/Glints2/dict_0007_0089.uasset" 10644
"../../../Engine/Content/EngineMaterials/Substrate/Glints2/dict_0007_0077.uasset" 10645
"../../../Engine/Content/EngineMaterials/Substrate/Glints2/dict_0007_0090.uasset" 10646
"../../../Engine/Content/EngineMaterials/Substrate/Glints2/dict_0007_0084.uasset" 10647
"/Engine/EngineMaterials/Substrate/Glints2/dict_0007_0065" 10648
"../../../Engine/Content/EngineMaterials/Substrate/Glints2/dict_0007_0082.uasset" 10649
"../../../Engine/Content/EngineMaterials/Substrate/Glints2/dict_0007_0085.uasset" 10650
"../../../Engine/Content/EngineMaterials/Substrate/Glints2/dict_0007_0092.uasset" 10651
"../../../Engine/Content/EngineMaterials/Substrate/Glints2/dict_0007_0091.uasset" 10652
"../../../Engine/Content/EngineMaterials/Substrate/Glints2/dict_0007_0093.uasset" 10653
"/Engine/EngineMaterials/Substrate/Glints2/dict_0007_0064" 10654
"../../../Engine/Content/EngineMaterials/Substrate/Glints2/dict_0007_0081.uasset" 10655
"/Engine/EngineMaterials/Substrate/Glints2/dict_0007_0063" 10656
"/Engine/EngineMaterials/Substrate/Glints2/dict_0007_0062" 10657
"/Engine/EngineMaterials/Substrate/Glints2/dict_0007_0093" 10658
"../../../Engine/Content/EngineMaterials/Substrate/Glints2/dict_0007_0094.uasset" 10659
"../../../Engine/Content/EngineMaterials/Substrate/Glints2/dict_0007_0095.uasset" 10660
"../../../Engine/Content/EngineMaterials/Substrate/Glints2/dict_0007_0096.uasset" 10661
"../../../Engine/Content/EngineMaterials/Substrate/Glints2/dict_0007_0097.uasset" 10662
"../../../Engine/Content/EngineMaterials/Substrate/Glints2/dict_0007_0098.uasset" 10663
"../../../Engine/Content/EngineMaterials/Substrate/Glints2/dict_0007_0100.uasset" 10664
"../../../Engine/Content/EngineMaterials/Substrate/Glints2/dict_0007_0101.uasset" 10665
"/Engine/EngineMaterials/Substrate/Glints2/dict_0007_0092" 10666
"../../../Engine/Content/EngineMaterials/Substrate/Glints2/dict_0007_0099.uasset" 10667
"/Engine/EngineMaterials/Substrate/Glints2/dict_0007_0091" 10668
"/Engine/EngineMaterials/Substrate/Glints2/dict_0007_0090" 10669
"/Engine/EngineMaterials/Substrate/Glints2/dict_0007_0089" 10670
"/Engine/EngineMaterials/Substrate/Glints2/dict_0007_0088" 10671
"/Engine/EngineMaterials/Substrate/Glints2/dict_0007_0087" 10672
"/Engine/EngineMaterials/Substrate/Glints2/dict_0007_0086" 10673
"/Engine/EngineMaterials/Substrate/Glints2/dict_0007_0085" 10674
"/Engine/EngineMaterials/Substrate/Glints2/dict_0007_0084" 10675
"/Engine/EngineMaterials/Substrate/Glints2/dict_0007_0083" 10676
"/Engine/EngineMaterials/Substrate/Glints2/dict_0007_0082" 10677
"/Engine/EngineMaterials/Substrate/Glints2/dict_0007_0081" 10678
"/Engine/EngineMaterials/Substrate/Glints2/dict_0007_0080" 10679
"/Engine/EngineMaterials/Substrate/Glints2/dict_0007_0079" 10680
"/Engine/EngineMaterials/Substrate/Glints2/dict_0007_0078" 10681
"/Engine/EngineMaterials/Substrate/Glints2/dict_0007_0077" 10682
"/Engine/EngineMaterials/Substrate/Glints2/dict_0007_0076" 10683
"/Engine/EngineMaterials/Substrate/Glints2/dict_0007_0075" 10684
"/Engine/EngineMaterials/Substrate/Glints2/dict_0007_0074" 10685
"/Engine/EngineMaterials/Substrate/Glints2/dict_0007_0073" 10686
"/Engine/EngineMaterials/Substrate/Glints2/dict_0007_0072" 10687
"/Engine/EngineMaterials/Substrate/Glints2/dict_0007_0071" 10688
"/Engine/EngineMaterials/Substrate/Glints2/dict_0007_0070" 10689
"/Engine/EngineMaterials/Substrate/Glints2/dict_0007_0101" 10690
"../../../Engine/Content/EngineMaterials/Substrate/Glints2/dict_0007_0104.uasset" 10691
"/Engine/EngineMaterials/Substrate/Glints2/dict_0007_0100" 10692
"../../../Engine/Content/EngineMaterials/Substrate/Glints2/dict_0007_0102.uasset" 10693
"../../../Engine/Content/EngineMaterials/Substrate/Glints2/dict_0007_0105.uasset" 10694
"../../../Engine/Content/EngineMaterials/Substrate/Glints2/dict_0007_0103.uasset" 10695
"../../../Engine/Content/EngineMaterials/Substrate/Glints2/dict_0007_0106.uasset" 10696
"../../../Engine/Content/EngineMaterials/Substrate/Glints2/dict_0007_0108.uasset" 10697
"../../../Engine/Content/EngineMaterials/Substrate/Glints2/dict_0007_0110.uasset" 10698
"/Engine/EngineMaterials/Substrate/Glints2/dict_0007_0099" 10699
"../../../Engine/Content/EngineMaterials/Substrate/Glints2/dict_0007_0109.uasset" 10700
"/Engine/EngineMaterials/Substrate/Glints2/dict_0007_0098" 10701
"../../../Engine/Content/EngineMaterials/Substrate/Glints2/dict_0007_0119.uasset" 10702
"../../../Engine/Content/EngineMaterials/Substrate/Glints2/dict_0007_0121.uasset" 10703
"../../../Engine/Content/EngineMaterials/Substrate/Glints2/dict_0007_0112.uasset" 10704
"../../../Engine/Content/EngineMaterials/Substrate/Glints2/dict_0007_0116.uasset" 10705
"../../../Engine/Content/EngineMaterials/Substrate/Glints2/dict_0007_0122.uasset" 10706
"../../../Engine/Content/EngineMaterials/Substrate/Glints2/dict_0007_0124.uasset" 10707
"/Engine/EngineMaterials/Substrate/Glints2/dict_0007_0097" 10708
"../../../Engine/Content/EngineMaterials/Substrate/Glints2/dict_0007_0117.uasset" 10709
"../../../Engine/Content/EngineMaterials/Substrate/Glints2/dict_0007_0120.uasset" 10710
"../../../Engine/Content/EngineMaterials/Substrate/Glints2/dict_0007_0113.uasset" 10711
"../../../Engine/Content/EngineMaterials/Substrate/Glints2/dict_0007_0118.uasset" 10712
"../../../Engine/Content/EngineMaterials/Substrate/Glints2/dict_0007_0111.uasset" 10713
"../../../Engine/Content/EngineMaterials/Substrate/Glints2/dict_0007_0115.uasset" 10714
"/Engine/EngineMaterials/Substrate/Glints2/dict_0007_0096" 10715
"../../../Engine/Content/EngineMaterials/Substrate/Glints2/dict_0007_0123.uasset" 10716
"../../../Engine/Content/EngineMaterials/Substrate/Glints2/dict_0007_0107.uasset" 10717
"../../../Engine/Content/EngineMaterials/Substrate/Glints2/dict_0007_0114.uasset" 10718
"../../../Engine/Content/EngineMaterials/Substrate/Glints2/dict_0007_0125.uasset" 10719
"/Engine/EngineMaterials/Substrate/Glints2/dict_0007_0095" 10720
"/Engine/EngineMaterials/Substrate/Glints2/dict_0007_0094" 10721
"/Engine/EngineMaterials/Substrate/Glints2/dict_0007_0125" 10722
"../../../Engine/Content/EngineMaterials/Substrate/Glints2/dict_0007_0126.uasset" 10723
"/Engine/EngineMaterials/Substrate/Glints2/dict_0007_0124" 10724
"../../../Engine/Content/EngineMaterials/Substrate/Glints2/dict_0007_0128.uasset" 10725
"../../../Engine/Content/EngineMaterials/Substrate/Glints2/dict_0007_0127.uasset" 10726
"../../../Engine/Content/EngineMaterials/Substrate/Glints2/dict_0007_0129.uasset" 10727
"../../../Engine/Content/EngineMaterials/Substrate/Glints2/dict_0007_0130.uasset" 10728
"/Engine/EngineMaterials/Substrate/Glints2/dict_0007_0123" 10729
"../../../Engine/Content/EngineMaterials/Substrate/Glints2/dict_0007_0132.uasset" 10730
"/Engine/EngineMaterials/Substrate/Glints2/dict_0007_0122" 10731
"../../../Engine/Content/EngineMaterials/Substrate/Glints2/dict_0007_0131.uasset" 10732
"../../../Engine/Content/EngineMaterials/Substrate/Glints2/dict_0007_0133.uasset" 10733
"/Engine/EngineMaterials/Substrate/Glints2/dict_0007_0121" 10734
"/Engine/EngineMaterials/Substrate/Glints2/dict_0007_0120" 10735
"/Engine/EngineMaterials/Substrate/Glints2/dict_0007_0119" 10736
"/Engine/EngineMaterials/Substrate/Glints2/dict_0007_0118" 10737
"/Engine/EngineMaterials/Substrate/Glints2/dict_0007_0117" 10738
"/Engine/EngineMaterials/Substrate/Glints2/dict_0007_0116" 10739
"/Engine/EngineMaterials/Substrate/Glints2/dict_0007_0115" 10740
"/Engine/EngineMaterials/Substrate/Glints2/dict_0007_0114" 10741
"/Engine/EngineMaterials/Substrate/Glints2/dict_0007_0113" 10742
"/Engine/EngineMaterials/Substrate/Glints2/dict_0007_0112" 10743
"/Engine/EngineMaterials/Substrate/Glints2/dict_0007_0111" 10744
"/Engine/EngineMaterials/Substrate/Glints2/dict_0007_0110" 10745
"/Engine/EngineMaterials/Substrate/Glints2/dict_0007_0109" 10746
"/Engine/EngineMaterials/Substrate/Glints2/dict_0007_0108" 10747
"/Engine/EngineMaterials/Substrate/Glints2/dict_0007_0107" 10748
"/Engine/EngineMaterials/Substrate/Glints2/dict_0007_0106" 10749
"/Engine/EngineMaterials/Substrate/Glints2/dict_0007_0105" 10750
"/Engine/EngineMaterials/Substrate/Glints2/dict_0007_0104" 10751
"/Engine/EngineMaterials/Substrate/Glints2/dict_0007_0103" 10752
"/Engine/EngineMaterials/Substrate/Glints2/dict_0007_0102" 10753
"/Engine/EngineMaterials/Substrate/Glints2/dict_0007_0133" 10754
"../../../Engine/Content/EngineMaterials/Substrate/Glints2/dict_0007_0138.uasset" 10755
"../../../Engine/Content/EngineMaterials/Substrate/Glints2/dict_0007_0135.uasset" 10756
"../../../Engine/Content/EngineMaterials/Substrate/Glints2/dict_0007_0134.uasset" 10757
"../../../Engine/Content/EngineMaterials/Substrate/Glints2/dict_0007_0140.uasset" 10758
"../../../Engine/Content/EngineMaterials/Substrate/Glints2/dict_0007_0144.uasset" 10759
"../../../Engine/Content/EngineMaterials/Substrate/Glints2/dict_0007_0143.uasset" 10760
"../../../Engine/Content/EngineMaterials/Substrate/Glints2/dict_0007_0137.uasset" 10761
"../../../Engine/Content/EngineMaterials/Substrate/Glints2/dict_0007_0150.uasset" 10762
"../../../Engine/Content/EngineMaterials/Substrate/Glints2/dict_0007_0151.uasset" 10763
"/Engine/EngineMaterials/Substrate/Glints2/dict_0007_0132" 10764
"../../../Engine/Content/EngineMaterials/Substrate/Glints2/dict_0007_0141.uasset" 10765
"../../../Engine/Content/EngineMaterials/Substrate/Glints2/dict_0007_0145.uasset" 10766
"../../../Engine/Content/EngineMaterials/Substrate/Glints2/dict_0007_0152.uasset" 10767
"../../../Engine/Content/EngineMaterials/Substrate/Glints2/dict_0007_0153.uasset" 10768
"../../../Engine/Content/EngineMaterials/Substrate/Glints2/dict_0007_0149.uasset" 10769
"../../../Engine/Content/EngineMaterials/Substrate/Glints2/dict_0007_0147.uasset" 10770
"/Engine/EngineMaterials/Substrate/Glints2/dict_0007_0131" 10771
"../../../Engine/Content/EngineMaterials/Substrate/Glints2/dict_0007_0156.uasset" 10772
"../../../Engine/Content/EngineMaterials/Substrate/Glints2/dict_0007_0148.uasset" 10773
"../../../Engine/Content/EngineMaterials/Substrate/Glints2/dict_0007_0155.uasset" 10774
"../../../Engine/Content/EngineMaterials/Substrate/Glints2/dict_0007_0142.uasset" 10775
"../../../Engine/Content/EngineMaterials/Substrate/Glints2/dict_0007_0139.uasset" 10776
"../../../Engine/Content/EngineMaterials/Substrate/Glints2/dict_0007_0136.uasset" 10777
"../../../Engine/Content/EngineMaterials/Substrate/Glints2/dict_0007_0154.uasset" 10778
"../../../Engine/Content/EngineMaterials/Substrate/Glints2/dict_0007_0157.uasset" 10779
"../../../Engine/Content/EngineMaterials/Substrate/Glints2/dict_0007_0146.uasset" 10780
"/Engine/EngineMaterials/Substrate/Glints2/dict_0007_0130" 10781
"/Engine/EngineMaterials/Substrate/Glints2/dict_0007_0129" 10782
"/Engine/EngineMaterials/Substrate/Glints2/dict_0007_0128" 10783
"/Engine/EngineMaterials/Substrate/Glints2/dict_0007_0127" 10784
"/Engine/EngineMaterials/Substrate/Glints2/dict_0007_0126" 10785
"/Engine/EngineMaterials/Substrate/Glints2/dict_0007_0157" 10786
"/Engine/EngineMaterials/Substrate/Glints2/dict_0007_0156" 10787
"../../../Engine/Content/EngineMaterials/Substrate/Glints2/dict_0007_0158.uasset" 10788
"../../../Engine/Content/EngineMaterials/Substrate/Glints2/dict_0007_0160.uasset" 10789
"/Engine/EngineMaterials/Substrate/Glints2/dict_0007_0155" 10790
"../../../Engine/Content/EngineMaterials/Substrate/Glints2/dict_0007_0161.uasset" 10791
"../../../Engine/Content/EngineMaterials/Substrate/Glints2/dict_0007_0165.uasset" 10792
"../../../Engine/Content/EngineMaterials/Substrate/Glints2/dict_0007_0164.uasset" 10793
"../../../Engine/Content/EngineMaterials/Substrate/Glints2/dict_0007_0159.uasset" 10794
"/Engine/EngineMaterials/Substrate/Glints2/dict_0007_0154" 10795
"../../../Engine/Content/EngineMaterials/Substrate/Glints2/dict_0007_0163.uasset" 10796
"../../../Engine/Content/EngineMaterials/Substrate/Glints2/dict_0007_0162.uasset" 10797
"/Engine/EngineMaterials/Substrate/Glints2/dict_0007_0153" 10798
"/Engine/EngineMaterials/Substrate/Glints2/dict_0007_0152" 10799
"/Engine/EngineMaterials/Substrate/Glints2/dict_0007_0151" 10800
"/Engine/EngineMaterials/Substrate/Glints2/dict_0007_0150" 10801
"/Engine/EngineMaterials/Substrate/Glints2/dict_0007_0149" 10802
"/Engine/EngineMaterials/Substrate/Glints2/dict_0007_0148" 10803
"/Engine/EngineMaterials/Substrate/Glints2/dict_0007_0147" 10804
"/Engine/EngineMaterials/Substrate/Glints2/dict_0007_0146" 10805
"/Engine/EngineMaterials/Substrate/Glints2/dict_0007_0145" 10806
"/Engine/EngineMaterials/Substrate/Glints2/dict_0007_0144" 10807
"/Engine/EngineMaterials/Substrate/Glints2/dict_0007_0143" 10808
"/Engine/EngineMaterials/Substrate/Glints2/dict_0007_0142" 10809
"/Engine/EngineMaterials/Substrate/Glints2/dict_0007_0141" 10810
"/Engine/EngineMaterials/Substrate/Glints2/dict_0007_0140" 10811
"/Engine/EngineMaterials/Substrate/Glints2/dict_0007_0139" 10812
"/Engine/EngineMaterials/Substrate/Glints2/dict_0007_0138" 10813
"/Engine/EngineMaterials/Substrate/Glints2/dict_0007_0137" 10814
"/Engine/EngineMaterials/Substrate/Glints2/dict_0007_0136" 10815
"/Engine/EngineMaterials/Substrate/Glints2/dict_0007_0135" 10816
"/Engine/EngineMaterials/Substrate/Glints2/dict_0007_0134" 10817
"/Engine/EngineMaterials/Substrate/Glints2/dict_0007_0165" 10818
"/Engine/EngineMaterials/Substrate/Glints2/dict_0007_0164" 10819
"../../../Engine/Content/EngineMaterials/Substrate/Glints2/dict_0007_0167.uasset" 10820
"../../../Engine/Content/EngineMaterials/Substrate/Glints2/dict_0007_0166.uasset" 10821
"../../../Engine/Content/EngineMaterials/Substrate/Glints2/dict_0007_0168.uasset" 10822
"../../../Engine/Content/EngineMaterials/Substrate/Glints2/dict_0007_0176.uasset" 10823
"../../../Engine/Content/EngineMaterials/Substrate/Glints2/dict_0007_0172.uasset" 10824
"../../../Engine/Content/EngineMaterials/Substrate/Glints2/dict_0007_0170.uasset" 10825
"../../../Engine/Content/EngineMaterials/Substrate/Glints2/dict_0007_0173.uasset" 10826
"../../../Engine/Content/EngineMaterials/Substrate/Glints2/dict_0007_0177.uasset" 10827
"../../../Engine/Content/EngineMaterials/Substrate/Glints2/dict_0007_0169.uasset" 10828
"../../../Engine/Content/EngineMaterials/Substrate/Glints2/dict_0007_0171.uasset" 10829
"/Engine/EngineMaterials/Substrate/Glints2/dict_0007_0163" 10830
"../../../Engine/Content/EngineMaterials/Substrate/Glints2/dict_0007_0184.uasset" 10831
"../../../Engine/Content/EngineMaterials/Substrate/Glints2/dict_0007_0179.uasset" 10832
"../../../Engine/Content/EngineMaterials/Substrate/Glints2/dict_0007_0181.uasset" 10833
"../../../Engine/Content/EngineMaterials/Substrate/Glints2/dict_0007_0182.uasset" 10834
"../../../Engine/Content/EngineMaterials/Substrate/Glints2/dict_0007_0187.uasset" 10835
"../../../Engine/Content/EngineMaterials/Substrate/Glints2/dict_0007_0174.uasset" 10836
"../../../Engine/Content/EngineMaterials/Substrate/Glints2/dict_0007_0183.uasset" 10837
"../../../Engine/Content/EngineMaterials/Substrate/Glints2/dict_0007_0186.uasset" 10838
"../../../Engine/Content/EngineMaterials/Substrate/Glints2/dict_0007_0175.uasset" 10839
"/Engine/EngineMaterials/Substrate/Glints2/dict_0007_0162" 10840
"../../../Engine/Content/EngineMaterials/Substrate/Glints2/dict_0007_0185.uasset" 10841
"../../../Engine/Content/EngineMaterials/Substrate/Glints2/dict_0007_0189.uasset" 10842
"../../../Engine/Content/EngineMaterials/Substrate/Glints2/dict_0007_0188.uasset" 10843
"../../../Engine/Content/EngineMaterials/Substrate/Glints2/dict_0007_0178.uasset" 10844
"../../../Engine/Content/EngineMaterials/Substrate/Glints2/dict_0007_0180.uasset" 10845
"/Engine/EngineMaterials/Substrate/Glints2/dict_0007_0161" 10846
"/Engine/EngineMaterials/Substrate/Glints2/dict_0007_0160" 10847
"/Engine/EngineMaterials/Substrate/Glints2/dict_0007_0159" 10848
"/Engine/EngineMaterials/Substrate/Glints2/dict_0007_0158" 10849
"/Engine/EngineMaterials/Substrate/Glints2/dict_0007_0189" 10850
"../../../Engine/Content/EngineMaterials/Substrate/Glints2/dict_0007_0191.uasset" 10851
"/Engine/EngineMaterials/Substrate/Glints2/dict_0007_0188" 10852
"../../../Engine/Content/EngineMaterials/Substrate/Glints2/dict_0007_0192.uasset" 10853
"../../../Engine/Content/EngineMaterials/Substrate/Glints2/dict_0007_0193.uasset" 10854
"../../../Engine/Content/EngineMaterials/Substrate/Glints2/dict_0007_0190.uasset" 10855
"../../../Engine/Content/EngineMaterials/Substrate/Glints2/dict_0007_0195.uasset" 10856
"../../../Engine/Content/EngineMaterials/Substrate/Glints2/dict_0007_0197.uasset" 10857
"../../../Engine/Content/EngineMaterials/Substrate/Glints2/dict_0007_0194.uasset" 10858
"../../../Engine/Content/EngineMaterials/Substrate/Glints2/dict_0007_0196.uasset" 10859
"/Engine/EngineMaterials/Substrate/Glints2/dict_0007_0187" 10860
"/Engine/EngineMaterials/Substrate/Glints2/dict_0007_0186" 10861
"/Engine/EngineMaterials/Substrate/Glints2/dict_0007_0185" 10862
"/Engine/EngineMaterials/Substrate/Glints2/dict_0007_0184" 10863
"/Engine/EngineMaterials/Substrate/Glints2/dict_0007_0183" 10864
"/Engine/EngineMaterials/Substrate/Glints2/dict_0007_0182" 10865
"/Engine/EngineMaterials/Substrate/Glints2/dict_0007_0181" 10866
"/Engine/EngineMaterials/Substrate/Glints2/dict_0007_0180" 10867
"/Engine/EngineMaterials/Substrate/Glints2/dict_0007_0179" 10868
"/Engine/EngineMaterials/Substrate/Glints2/dict_0007_0178" 10869
"/Engine/EngineMaterials/Substrate/Glints2/dict_0007_0177" 10870
"/Engine/EngineMaterials/Substrate/Glints2/dict_0007_0176" 10871
"/Engine/EngineMaterials/Substrate/Glints2/dict_0007_0175" 10872
"/Engine/EngineMaterials/Substrate/Glints2/dict_0007_0174" 10873
"/Engine/EngineMaterials/Substrate/Glints2/dict_0007_0173" 10874
"/Engine/EngineMaterials/Substrate/Glints2/dict_0007_0172" 10875
"/Engine/EngineMaterials/Substrate/Glints2/dict_0007_0171" 10876
"/Engine/EngineMaterials/Substrate/Glints2/dict_0007_0170" 10877
"/Engine/EngineMaterials/Substrate/Glints2/dict_0007_0169" 10878
"/Engine/EngineMaterials/Substrate/Glints2/dict_0007_0168" 10879
"/Engine/EngineMaterials/Substrate/Glints2/dict_0007_0167" 10880
"/Engine/EngineMaterials/Substrate/Glints2/dict_0007_0166" 10881
"/Engine/EngineMaterials/Substrate/Glints2/dict_0007_0197" 10882
"../../../Engine/Content/EngineMaterials/Substrate/Glints2/dict_0007_0198.uasset" 10883
"../../../Engine/Content/EngineMaterials/Substrate/Glints2/dict_0007_0201.uasset" 10884
"../../../Engine/Content/EngineMaterials/Substrate/Glints2/dict_0007_0199.uasset" 10885
"/Engine/EngineMaterials/Substrate/Glints2/dict_0007_0196" 10886
"../../../Engine/Content/EngineMaterials/Substrate/Glints2/dict_0007_0202.uasset" 10887
"../../../Engine/Content/EngineMaterials/Substrate/Glints2/dict_0007_0200.uasset" 10888
"../../../Engine/Content/EngineMaterials/Substrate/Glints2/dict_0007_0212.uasset" 10889
"/Engine/EngineMaterials/Substrate/Glints2/dict_0007_0195" 10890
"../../../Engine/Content/EngineMaterials/Substrate/Glints2/dict_0007_0203.uasset" 10891
"../../../Engine/Content/EngineMaterials/Substrate/Glints2/dict_0007_0207.uasset" 10892
"../../../Engine/Content/EngineMaterials/Substrate/Glints2/dict_0007_0204.uasset" 10893
"../../../Engine/Content/EngineMaterials/Substrate/Glints2/dict_0007_0208.uasset" 10894
"/Engine/EngineMaterials/Substrate/Glints2/dict_0007_0194" 10895
"../../../Engine/Content/EngineMaterials/Substrate/Glints2/dict_0007_0213.uasset" 10896
"../../../Engine/Content/EngineMaterials/Substrate/Glints2/dict_0007_0206.uasset" 10897
"../../../Engine/Content/EngineMaterials/Substrate/Glints2/dict_0007_0210.uasset" 10898
"../../../Engine/Content/EngineMaterials/Substrate/Glints2/dict_0007_0205.uasset" 10899
"../../../Engine/Content/EngineMaterials/Substrate/Glints2/dict_0007_0215.uasset" 10900
"../../../Engine/Content/EngineMaterials/Substrate/Glints2/dict_0007_0219.uasset" 10901
"../../../Engine/Content/EngineMaterials/Substrate/Glints2/dict_0007_0214.uasset" 10902
"/Engine/EngineMaterials/Substrate/Glints2/dict_0007_0193" 10903
"../../../Engine/Content/EngineMaterials/Substrate/Glints2/dict_0007_0209.uasset" 10904
"../../../Engine/Content/EngineMaterials/Substrate/Glints2/dict_0007_0217.uasset" 10905
"../../../Engine/Content/EngineMaterials/Substrate/Glints2/dict_0007_0211.uasset" 10906
"../../../Engine/Content/EngineMaterials/Substrate/Glints2/dict_0007_0216.uasset" 10907
"../../../Engine/Content/EngineMaterials/Substrate/Glints2/dict_0007_0221.uasset" 10908
"../../../Engine/Content/EngineMaterials/Substrate/Glints2/dict_0007_0218.uasset" 10909
"/Engine/EngineMaterials/Substrate/Glints2/dict_0007_0192" 10910
"../../../Engine/Content/EngineMaterials/Substrate/Glints2/dict_0007_0220.uasset" 10911
"/Engine/EngineMaterials/Substrate/Glints2/dict_0007_0191" 10912
"/Engine/EngineMaterials/Substrate/Glints2/dict_0007_0190" 10913
"/Engine/EngineMaterials/Substrate/Glints2/dict_0007_0221" 10914
"../../../Engine/Content/EngineMaterials/Substrate/Glints2/dict_0007_0222.uasset" 10915
"../../../Engine/Content/EngineMaterials/Substrate/Glints2/dict_0007_0223.uasset" 10916
"../../../Engine/Content/EngineMaterials/Substrate/Glints2/dict_0007_0224.uasset" 10917
"../../../Engine/Content/EngineMaterials/Substrate/Glints2/dict_0007_0225.uasset" 10918
"../../../Engine/Content/EngineMaterials/Substrate/Glints2/dict_0007_0226.uasset" 10919
"../../../Engine/Content/EngineMaterials/Substrate/Glints2/dict_0007_0227.uasset" 10920
"../../../Engine/Content/EngineMaterials/Substrate/Glints2/dict_0007_0228.uasset" 10921
"../../../Engine/Content/EngineMaterials/Substrate/Glints2/dict_0007_0229.uasset" 10922
"/Engine/EngineMaterials/Substrate/Glints2/dict_0007_0220" 10923
"/Engine/EngineMaterials/Substrate/Glints2/dict_0007_0219" 10924
"/Engine/EngineMaterials/Substrate/Glints2/dict_0007_0218" 10925
"/Engine/EngineMaterials/Substrate/Glints2/dict_0007_0217" 10926
"/Engine/EngineMaterials/Substrate/Glints2/dict_0007_0216" 10927
"/Engine/EngineMaterials/Substrate/Glints2/dict_0007_0215" 10928
"/Engine/EngineMaterials/Substrate/Glints2/dict_0007_0214" 10929
"/Engine/EngineMaterials/Substrate/Glints2/dict_0007_0213" 10930
"/Engine/EngineMaterials/Substrate/Glints2/dict_0007_0212" 10931
"/Engine/EngineMaterials/Substrate/Glints2/dict_0007_0211" 10932
"/Engine/EngineMaterials/Substrate/Glints2/dict_0007_0210" 10933
"/Engine/EngineMaterials/Substrate/Glints2/dict_0007_0209" 10934
"/Engine/EngineMaterials/Substrate/Glints2/dict_0007_0208" 10935
"/Engine/EngineMaterials/Substrate/Glints2/dict_0007_0207" 10936
"/Engine/EngineMaterials/Substrate/Glints2/dict_0007_0206" 10937
"/Engine/EngineMaterials/Substrate/Glints2/dict_0007_0205" 10938
"/Engine/EngineMaterials/Substrate/Glints2/dict_0007_0204" 10939
"/Engine/EngineMaterials/Substrate/Glints2/dict_0007_0203" 10940
"/Engine/EngineMaterials/Substrate/Glints2/dict_0007_0202" 10941
"/Engine/EngineMaterials/Substrate/Glints2/dict_0007_0201" 10942
"/Engine/EngineMaterials/Substrate/Glints2/dict_0007_0200" 10943
"/Engine/EngineMaterials/Substrate/Glints2/dict_0007_0199" 10944
"/Engine/EngineMaterials/Substrate/Glints2/dict_0007_0198" 10945
"/Engine/EngineMaterials/Substrate/Glints2/dict_0007_0229" 10946
"../../../Engine/Content/EngineMaterials/Substrate/Glints2/dict_0007_0230.uasset" 10947
"/Engine/EngineMaterials/Substrate/Glints2/dict_0007_0228" 10948
"../../../Engine/Content/EngineMaterials/Substrate/Glints2/dict_0007_0236.uasset" 10949
"../../../Engine/Content/EngineMaterials/Substrate/Glints2/dict_0007_0234.uasset" 10950
"../../../Engine/Content/EngineMaterials/Substrate/Glints2/dict_0007_0239.uasset" 10951
"../../../Engine/Content/EngineMaterials/Substrate/Glints2/dict_0007_0237.uasset" 10952
"../../../Engine/Content/EngineMaterials/Substrate/Glints2/dict_0007_0243.uasset" 10953
"../../../Engine/Content/EngineMaterials/Substrate/Glints2/dict_0007_0231.uasset" 10954
"../../../Engine/Content/EngineMaterials/Substrate/Glints2/dict_0007_0233.uasset" 10955
"/Engine/EngineMaterials/Substrate/Glints2/dict_0007_0227" 10956
"../../../Engine/Content/EngineMaterials/Substrate/Glints2/dict_0007_0232.uasset" 10957
"../../../Engine/Content/EngineMaterials/Substrate/Glints2/dict_0007_0238.uasset" 10958
"../../../Engine/Content/EngineMaterials/Substrate/Glints2/dict_0007_0245.uasset" 10959
"/Engine/EngineMaterials/Substrate/Glints2/dict_0007_0226" 10960
"../../../Engine/Content/EngineMaterials/Substrate/Glints2/dict_0007_0250.uasset" 10961
"../../../Engine/Content/EngineMaterials/Substrate/Glints2/dict_0007_0241.uasset" 10962
"../../../Engine/Content/EngineMaterials/Substrate/Glints2/dict_0007_0240.uasset" 10963
"../../../Engine/Content/EngineMaterials/Substrate/Glints2/dict_0007_0244.uasset" 10964
"../../../Engine/Content/EngineMaterials/Substrate/Glints2/dict_0007_0249.uasset" 10965
"../../../Engine/Content/EngineMaterials/Substrate/Glints2/dict_0007_0235.uasset" 10966
"../../../Engine/Content/EngineMaterials/Substrate/Glints2/dict_0007_0251.uasset" 10967
"../../../Engine/Content/EngineMaterials/Substrate/Glints2/dict_0007_0247.uasset" 10968
"../../../Engine/Content/EngineMaterials/Substrate/Glints2/dict_0007_0246.uasset" 10969
"../../../Engine/Content/EngineMaterials/Substrate/Glints2/dict_0007_0252.uasset" 10970
"../../../Engine/Content/EngineMaterials/Substrate/Glints2/dict_0007_0253.uasset" 10971
"../../../Engine/Content/EngineMaterials/Substrate/Glints2/dict_0007_0242.uasset" 10972
"/Engine/EngineMaterials/Substrate/Glints2/dict_0007_0225" 10973
"../../../Engine/Content/EngineMaterials/Substrate/Glints2/dict_0007_0248.uasset" 10974
"/Engine/EngineMaterials/Substrate/Glints2/dict_0007_0224" 10975
"/Engine/EngineMaterials/Substrate/Glints2/dict_0007_0223" 10976
"/Engine/EngineMaterials/Substrate/Glints2/dict_0007_0222" 10977
"/Engine/EngineMaterials/Substrate/Glints2/dict_0007_0253" 10978
"../../../Engine/Content/EngineMaterials/Substrate/Volume/SubstrateSimpleVolumeLUT2D.uasset" 10979
"../../../Engine/Content/EngineMaterials/Substrate/Glints2/dict_0007_0254.uasset" 10980
"/Engine/EngineMaterials/Substrate/Glints2/dict_0007_0252" 10981
"../../../Engine/Content/EngineMaterials/Substrate/Glints2/AGlintTex2dArray2.uasset" 10982
"../../../Engine/Content/EngineMaterials/Substrate/Volume/SubstrateSimpleVolumeEnvLUT2D.uasset" 10983
"../../../Engine/Content/EngineMaterials/Substrate/Glints2/dict_0007_0255.uasset" 10984
"../../../Engine/Content/EngineMaterials/Substrate/Volume/SubstrateSimpleVolumeEnvLUT3D.uasset" 10985
"../../../Engine/Content/MobileResources/HUD/VirtualJoystick_Background.uasset" 10986
"/Engine/EngineMaterials/Substrate/Glints2/dict_0007_0251" 10987
"../../../Engine/Content/EngineMaterials/Substrate/Volume/SubstrateSimpleVolumeLUT3D.uasset" 10988
"/Engine/EngineMaterials/Substrate/Glints2/dict_0007_0250" 10989
"/Engine/EngineMaterials/Substrate/Glints2/dict_0007_0249" 10990
"/Engine/EngineMaterials/Substrate/Glints2/dict_0007_0248" 10991
"/Engine/EngineMaterials/Substrate/Glints2/dict_0007_0247" 10992
"/Engine/EngineMaterials/Substrate/Glints2/dict_0007_0246" 10993
"/Engine/EngineMaterials/Substrate/Glints2/dict_0007_0245" 10994
"/Engine/EngineMaterials/Substrate/Glints2/dict_0007_0244" 10995
"/Engine/EngineMaterials/Substrate/Glints2/dict_0007_0243" 10996
"/Engine/EngineMaterials/Substrate/Glints2/dict_0007_0242" 10997
"/Engine/EngineMaterials/Substrate/Glints2/dict_0007_0241" 10998
"/Engine/EngineMaterials/Substrate/Glints2/dict_0007_0240" 10999
"/Engine/EngineMaterials/Substrate/Glints2/dict_0007_0239" 11000
"/Engine/EngineMaterials/Substrate/Glints2/dict_0007_0238" 11001
"/Engine/EngineMaterials/Substrate/Glints2/dict_0007_0237" 11002
"/Engine/EngineMaterials/Substrate/Glints2/dict_0007_0236" 11003
"/Engine/EngineMaterials/Substrate/Glints2/dict_0007_0235" 11004
"/Engine/EngineMaterials/Substrate/Glints2/dict_0007_0234" 11005
"/Engine/EngineMaterials/Substrate/Glints2/dict_0007_0233" 11006
"/Engine/EngineMaterials/Substrate/Glints2/dict_0007_0232" 11007
"/Engine/EngineMaterials/Substrate/Glints2/dict_0007_0231" 11008
"/Engine/EngineMaterials/Substrate/Glints2/dict_0007_0230" 11009
"/Engine/MobileResources/HUD/VirtualJoystick_Background" 11010
"/Engine/EngineMaterials/Substrate/Volume/SubstrateSimpleVolumeEnvLUT3D" 11011
"../../../Engine/Content/MobileResources/HUD/VirtualJoystick_Thumb.uasset" 11012
"../../../Engine/Content/EngineMaterials/DefaultCalibrationGrayscale.uasset" 11013
"../../../Engine/Content/EngineMaterials/DefaultCalibrationColor.uasset" 11014
"../../../Engine/Content/EngineMaterials/PPM_DefaultCalibrationColor.uasset" 11015
"C:/Users/jinso/Documents/GitHub/Flip_Side/Content/UI/Texture/Poison_Watch.uasset" 11016
"../../../Engine/Content/MobileResources/HUD/DefaultVirtualJoysticks.uasset" 11017
"C:/Users/jinso/Documents/GitHub/Flip_Side/Content/UI/Cursor/cursor_hover.uasset" 11018
"C:/Users/jinso/Documents/GitHub/Flip_Side/Content/UI/Texture/Poison_needle.uasset" 11019
"/Engine/EngineMaterials/Substrate/Volume/SubstrateSimpleVolumeLUT3D" 11020
"C:/Users/jinso/Documents/GitHub/Flip_Side/Content/UI/Cursor/cursor_click.uasset" 11021
"../../../Engine/Content/Functions/MaterialLayerFunctions/MatLayerBlend_OverrideOpacity.uasset" 11022
"../../../Engine/Content/EngineMaterials/PPM_DefaultCalibrationGrayscale.uasset" 11023
"../../../Engine/Content/Functions/Engine_MaterialFunctions02/Utility/BlendAngleCorrectedNormals.uasset" 11024
"C:/Users/jinso/Documents/GitHub/Flip_Side/Content/UI/WBP_MoneyDisplay.uasset" 11025
"C:/Users/jinso/Documents/GitHub/Flip_Side/Content/UI/Texture/T_MoneyDisplay2.uasset" 11026
"C:/Users/jinso/Documents/GitHub/Flip_Side/Content/UI/BattleUIs/WBP_PoisonTimerUI.uasset" 11027
"C:/Users/jinso/Documents/GitHub/Flip_Side/Content/UI/Cursor/cursor_default.uasset" 11028
"../../../Engine/Plugins/Interchange/Assets/Content/Functions/MX_Displacement.uasset" 11029
"../../../Engine/Content/Functions/Engine_MaterialFunctions03/Procedurals/HeightToNormalSmooth.uasset" 11030
"C:/Users/jinso/Documents/GitHub/Flip_Side/Content/UI/Cursor/WBP_CustomCursor.uasset" 11031
"../../../Engine/Plugins/Interchange/Assets/Content/Functions/MX_Surface.uasset" 11032
"/Engine/EngineMaterials/Substrate/Glints2/AGlintTex2dArray2" 11033
"/Game/UI/WBP_MoneyDisplay" 11034
"../../../Engine/Plugins/Animation/DeformerGraph/Shaders/Private/DataInterfaceCustomComputeKernel.ush" 11035
"../../../Engine/Plugins/Animation/DeformerGraph/Shaders/Private/DataInterfaceCloth.ush" 11036
"../../../Engine/Plugins/Animation/DeformerGraph/Shaders/Private/DataInterfaceSkinnedMeshRead.ush" 11037
"../../../Engine/Plugins/Animation/DeformerGraph/Shaders/Private/DataInterfaceSkeleton.ush" 11038
"../../../Engine/Plugins/Animation/DeformerGraph/Shaders/Private/DataInterfaceSkeletonCommon.ush" 11039
"../../../Engine/Plugins/Animation/DeformerGraph/Shaders/Private/DataInterfaceMorphTarget.ush" 11040
"../../../Engine/Plugins/Animation/DeformerGraph/Shaders/Private/DataInterfaceSkinnedMeshWrite.ush" 11041
"/Game/UI/BattleUIs/WBP_PoisonTimerUI" 11042
"/InterchangeAssets/Functions/MX_Displacement" 11043
"/InterchangeAssets/Functions/MX_Surface" 11044
"/Game/UI/Cursor/WBP_CustomCursor" 11045
"/Engine/EngineMaterials/PPM_DefaultCalibrationGrayscale" 11046
"/Engine/EngineMaterials/PPM_DefaultCalibrationColor" 11047
"/Engine/MobileResources/HUD/DefaultVirtualJoysticks" 11048
"../../../Engine/Plugins/Animation/DeformerGraph/Shaders/Private/DataInterfaceRawBuffer.ush" 11049
"../../../Engine/Plugins/Runtime/ComputeFramework/Shaders/Private/BufferAlias.ush" 11050
"../../../Engine/Plugins/Animation/DeformerGraph/Shaders/Private/DataInterfaceSkinnedMesh.ush" 11051
"../../../Engine/Plugins/Animation/DeformerGraph/Shaders/Private/DataInterfaceHalfEdge.ush" 11052
"/Game/Player/StartEnd/StartEndPawn" 11053
"/Engine/EngineDebugMaterials/BlackUnlitMaterial" 11054
"/Game/ShopTutorial/BP_Tuto_ShopModeChanger" 11055
"/Game/Player/Player_Shop/BP_ShopPlayer_Pawn" 11056
"/Niagara/VectorFields/Assets/TilingCurl32" 11057
"../../../Engine/Plugins/NNE/NNEDenoiser/Content/NNEDOM_Output_Alpha.uasset" 11058
"../../../Engine/Plugins/NNE/NNEDenoiser/Content/NNEDTOM_Output_Alpha.uasset" 11059
"../../../Engine/Plugins/NNE/NNEDenoiser/Content/NNEDTIM_ColorAlbedoNormal_Alpha.uasset" 11060
"../../../Engine/Plugins/NNE/NNEDenoiser/Content/NNEDIM_ColorAlbedoNormal_Alpha.uasset" 11061
"../../../Engine/Plugins/NNE/NNEDenoiser/Content/NNEDIM_HighQuality_Default.uasset" 11062
"../../../Engine/Plugins/NNE/NNEDenoiser/Content/NNEDIM_HighQuality_Alpha.uasset" 11063
"../../../Engine/Plugins/NNE/NNEDenoiser/Content/NNEDIM_ColorAlbedoNormal_Default.uasset" 11064
"../../../Engine/Plugins/NNE/NNEDenoiser/Content/NNEDOM_Output_Default.uasset" 11065
"../../../Engine/Plugins/NNE/NNEDenoiser/Content/NNED_Oidn2-3_HighQuality_Alpha.uasset" 11066
"../../../Engine/Plugins/NNE/NNEDenoiser/Content/NNEDT_Oidn2-3_Balanced_Alpha.uasset" 11067
"../../../Engine/Plugins/NNE/NNEDenoiser/Content/NNED_Oidn2-3_Balanced.uasset" 11068
"../../../Engine/Plugins/NNE/NNEDenoiser/Content/NNED_Oidn2-3_Fast_Alpha.uasset" 11069
"../../../Engine/Plugins/NNE/NNEDenoiser/Content/NNE_oidn2-3-0_rt_hdr_alb_nrm_small__dyn__fp16_opset11_ForwardAlpha.uasset" 11070
"../../../Engine/Plugins/NNE/NNEDenoiser/Content/NNEDT_Oidn2-3_Balanced.uasset" 11071
"../../../Engine/Plugins/NNE/NNEDenoiser/Content/NNED_Oidn2-3_Fast.uasset" 11072
"../../../Engine/Plugins/NNE/NNEDenoiser/Content/NNED_Oidn2-3_Balanced_Alpha.uasset" 11073
"../../../Engine/Plugins/NNE/NNEDenoiser/Content/NNE_oidn2-3-0_rt_hdr_alb_nrm_small__dyn__fp16_opset11_DenoiseAlpha.uasset" 11074
"../../../Engine/Plugins/NNE/NNEDenoiser/Content/NNE_oidn2-3-0_rt_hdr_calb_cnrm_large__dyn__fp16_opset11_ForwardAlpha.uasset" 11075
"../../../Engine/Plugins/NNE/NNEDenoiser/Content/NNE_oidn2-3-0_rt_hdr_calb_cnrm_large__dyn__fp16_opset11_DenoiseAlpha.uasset" 11076
"../../../Engine/Plugins/NNE/NNEDenoiser/Content/NNE_oidn2-3-0_rt_hdr_alb_nrm__dyn__fp16_opset11_DenoiseAlpha.uasset" 11077
"../../../Engine/Plugins/NNE/NNEDenoiser/Content/NNEDTOM_Output_Default.uasset" 11078
"../../../Engine/Plugins/NNE/NNEDenoiser/Content/NNED_Oidn2-3_HighQuality.uasset" 11079
"../../../Engine/Plugins/NNE/NNEDenoiser/Content/NNE_oidn2-3-0_rt_hdr_alb_nrm__dyn__fp16_opset11_ForwardAlpha.uasset" 11080
"../../../Engine/Plugins/NNE/NNEDenoiser/Content/NNEDTIM_ColorAlbedoNormal_Default.uasset" 11081
"C:/Users/jinso/Documents/GitHub/Flip_Side/Content/BackGroundImages/Texture/Groggy/T_Groggy_Background_Floor.uasset" 11082
"/Game/BackGroundImages/Texture/Groggy/T_Groggy_Background_Floor" 11083
"/NNEDenoiser/NNED_Oidn2-3_HighQuality_Alpha" 11084
"/NNEDenoiser/NNED_Oidn2-3_HighQuality" 11085
"/NNEDenoiser/NNED_Oidn2-3_Fast_Alpha" 11086
"/NNEDenoiser/NNED_Oidn2-3_Fast" 11087
"/NNEDenoiser/NNED_Oidn2-3_Balanced_Alpha" 11088
"/NNEDenoiser/NNED_Oidn2-3_Balanced" 11089
"/NNEDenoiser/NNEDT_Oidn2-3_Balanced_Alpha" 11090
"/NNEDenoiser/NNEDT_Oidn2-3_Balanced" 11091
"/NNEDenoiser/NNEDTOM_Output_Default" 11092
"/NNEDenoiser/NNEDTOM_Output_Alpha" 11093
"/NNEDenoiser/NNEDTIM_ColorAlbedoNormal_Default" 11094
"/NNEDenoiser/NNEDTIM_ColorAlbedoNormal_Alpha" 11095
"/NNEDenoiser/NNEDOM_Output_Default" 11096
"/NNEDenoiser/NNE_oidn2-3-0_rt_hdr_calb_cnrm_large__dyn__fp16_opset11_ForwardAlpha" 11097
"/NNEDenoiser/NNEDOM_Output_Alpha" 11098
"/NNEDenoiser/NNE_oidn2-3-0_rt_hdr_calb_cnrm_large__dyn__fp16_opset11_DenoiseAlpha" 11099
"/NNEDenoiser/NNE_oidn2-3-0_rt_hdr_alb_nrm__dyn__fp16_opset11_ForwardAlpha" 11100
"/NNEDenoiser/NNEDIM_HighQuality_Default" 11101
"/NNEDenoiser/NNE_oidn2-3-0_rt_hdr_alb_nrm__dyn__fp16_opset11_DenoiseAlpha" 11102
"/NNEDenoiser/NNE_oidn2-3-0_rt_hdr_alb_nrm_small__dyn__fp16_opset11_ForwardAlpha" 11103
"/NNEDenoiser/NNE_oidn2-3-0_rt_hdr_alb_nrm_small__dyn__fp16_opset11_DenoiseAlpha" 11104
"/NNEDenoiser/NNEDIM_HighQuality_Alpha" 11105
"/NNEDenoiser/NNEDIM_ColorAlbedoNormal_Default" 11106
"/NNEDenoiser/NNEDIM_ColorAlbedoNormal_Alpha" 11107
"C:/Users/jinso/Documents/GitHub/Flip_Side/Content/Boss/Boss_Pattern_Image/T_BossIcon_GroggyBoss_Pattern1.uasset" 11108
"C:/Users/jinso/Documents/GitHub/Flip_Side/Content/Boss/Boss_Pattern_Image/T_BossIcon_PoisonBoss_WildBlindFog.uasset" 11109
"C:/Users/jinso/Documents/GitHub/Flip_Side/Content/BackGroundImages/Texture/Groggy/T_Groggy_Background_Front.uasset" 11110
"C:/Users/jinso/Documents/GitHub/Flip_Side/Content/Boss/Boss_Pattern_Image/T_BossIcon_PoisonBoss_PosinNeedle.uasset" 11111
"C:/Users/jinso/Documents/GitHub/Flip_Side/Content/BackGroundImages/Texture/Tutorial/T_BackGround1_Front.uasset" 11112
"C:/Users/jinso/Documents/GitHub/Flip_Side/Content/BackGroundImages/Texture/Poison/Poison_Side.uasset" 11113
"C:/Users/jinso/Documents/GitHub/Flip_Side/Content/BackGroundImages/Texture/Poison/Poison_Front.uasset" 11114
"C:/Users/jinso/Documents/GitHub/Flip_Side/Content/Boss/Boss_Pattern_Image/T_BossIcon_TutoBossAttack1.uasset" 11115
"C:/Users/jinso/Documents/GitHub/Flip_Side/Content/Boss/Boss_Pattern_Image/T_BossIcon_PosionBoss_BlindFog.uasset" 11116
"C:/Users/jinso/Documents/GitHub/Flip_Side/Content/Card/Icon/T_Card_Encore.uasset" 11117
"C:/Users/jinso/Documents/GitHub/Flip_Side/Content/Boss/Boss_Pattern_Image/T_BossIcon_GroggyBoss_Pattern3.uasset" 11118
"C:/Users/jinso/Documents/GitHub/Flip_Side/Content/Boss/Boss_Pattern_Image/T_BossIcon_GroggyBoss_Pattern2.uasset" 11119
"C:/Users/jinso/Documents/GitHub/Flip_Side/Content/BackGroundImages/Texture/Tutorial/T_BackGround1_Left.uasset" 11120
"C:/Users/jinso/Documents/GitHub/Flip_Side/Content/Card/Icon/T_Card_Friend.uasset" 11121
"C:/Users/jinso/Documents/GitHub/Flip_Side/Content/Card/Icon/T_Card_UpgradLongDistance.uasset" 11122
"C:/Users/jinso/Documents/GitHub/Flip_Side/Content/BackGroundImages/Texture/Tutorial/T_BackGround1_Right.uasset" 11123
"C:/Users/jinso/Documents/GitHub/Flip_Side/Content/BackGroundImages/Texture/Poison/Poison_Floor.uasset" 11124
"C:/Users/jinso/Documents/GitHub/Flip_Side/Content/BackGroundImages/Texture/Groggy/T_Groggy_Background_Left.uasset" 11125
"C:/Users/jinso/Documents/GitHub/Flip_Side/Content/Card/Icon/T_Card_OneForAll.uasset" 11126
"C:/Users/jinso/Documents/GitHub/Flip_Side/Content/Boss/Info/BossMugShot/T_Groggy_Mugshot.uasset" 11127
"C:/Users/jinso/Documents/GitHub/Flip_Side/Content/Coin/Texture/W_Deal_Burger.uasset" 11128
"C:/Users/jinso/Documents/GitHub/Flip_Side/Content/Boss/Info/BossMugShot/T_Tutorial_Mugshot.uasset" 11129
"C:/Users/jinso/Documents/GitHub/Flip_Side/Content/Card/Icon/T_Card_Promotion.uasset" 11130
"C:/Users/jinso/Documents/GitHub/Flip_Side/Content/Boss/Boss_Pattern_Image/T_BossIcon_Shield.uasset" 11131
"C:/Users/jinso/Documents/GitHub/Flip_Side/Content/BackGroundImages/Texture/Groggy/T_Groggy_Background_Right.uasset" 11132
"C:/Users/jinso/Documents/GitHub/Flip_Side/Content/Boss/Boss_Pattern_Image/T_BossIcon_TutoBossAttack2.uasset" 11133
"C:/Users/jinso/Documents/GitHub/Flip_Side/Content/Card/Icon/T_Card_MoreMoney.uasset" 11134
"C:/Users/jinso/Documents/GitHub/Flip_Side/Intermediate/ORTOptimizerPass_Optimized05F27B894119770E1164C2AA7B6EC332.onnx" 11135
"C:/Users/jinso/Documents/GitHub/Flip_Side/Intermediate/ORTOptimizerPass_OptimizedDDEEB54B4F06D9D89DD3FBB1BA6C16D6.onnx" 11136
"C:/Users/jinso/Documents/GitHub/Flip_Side/Intermediate/ORTOptimizerPass_OptimizedEBAF4E50472B57CC2D0C9F8EBC4EAADC.onnx" 11137
"C:/Users/jinso/Documents/GitHub/Flip_Side/Intermediate/ORTOptimizerPass_OptimizedEAD4020D46570E36672902B4155C9F92.onnx" 11138
"C:/Users/jinso/Documents/GitHub/Flip_Side/Intermediate/ORTOptimizerPass_Optimized7C5B3526473E52CEB43FD18ABA599622.onnx" 11139
"C:/Users/jinso/Documents/GitHub/Flip_Side/Intermediate/ORTOptimizerPass_Optimized2BA6CC8F4C34214A9A9752922DE77C92.onnx" 11140
"C:/Users/jinso/Documents/GitHub/Flip_Side/Intermediate/ORTOptimizerPass_OptimizedB231445E431906EAABD795958E3DB929.onnx" 11141
"C:/Users/jinso/Documents/GitHub/Flip_Side/Intermediate/ORTOptimizerPass_OptimizedB2A6939A42C7E17CF140D1A83CF2E966.onnx" 11142
"C:/Users/jinso/Documents/GitHub/Flip_Side/Intermediate/ORTOptimizerPass_Optimized27C209614694839C3C87F3A0F28E1C89.onnx" 11143
"C:/Users/jinso/Documents/GitHub/Flip_Side/Intermediate/ORTOptimizerPass_Optimized305141364B2EF168DDA5C8B72280BFB8.onnx" 11144
"C:/Users/jinso/Documents/GitHub/Flip_Side/Intermediate/ORTOptimizerPass_Optimized0B9F453E4DBB34EC0AAF1AB3E781CA24.onnx" 11145
"C:/Users/jinso/Documents/GitHub/Flip_Side/Intermediate/ORTOptimizerPass_OptimizedE759ED154238D88371D4408E06E50B25.onnx" 11146
"/Game/Card/Icon/T_Card_Promotion" 11147
"/Game/Card/Icon/T_Card_OneForAll" 11148
"/Game/Card/Icon/T_Card_MoreMoney" 11149
"/Game/Card/Icon/T_Card_Friend" 11150
"/Game/Card/Icon/T_Card_Encore" 11151
"/Game/Boss/Info/BossMugShot/T_Tutorial_Mugshot" 11152
"/Game/Boss/Info/BossMugShot/T_Groggy_Mugshot" 11153
"/Game/Boss/Boss_Pattern_Image/T_BossIcon_TutoBossAttack2" 11154
"/Game/Boss/Boss_Pattern_Image/T_BossIcon_TutoBossAttack1" 11155
"/Game/Boss/Boss_Pattern_Image/T_BossIcon_Shield" 11156
"/Game/Boss/Boss_Pattern_Image/T_BossIcon_PosionBoss_BlindFog" 11157
"/Game/Boss/Boss_Pattern_Image/T_BossIcon_PoisonBoss_WildBlindFog" 11158
"/Game/Boss/Boss_Pattern_Image/T_BossIcon_PoisonBoss_PosinNeedle" 11159
"/Game/Boss/Boss_Pattern_Image/T_BossIcon_GroggyBoss_Pattern3" 11160
"/Game/Boss/Boss_Pattern_Image/T_BossIcon_GroggyBoss_Pattern2" 11161
"/Game/Boss/Boss_Pattern_Image/T_BossIcon_GroggyBoss_Pattern1" 11162
"/Game/Coin/Texture/W_Deal_Burger" 11163
"/Game/BackGroundImages/Texture/Tutorial/T_BackGround1_Right" 11164
"/Game/BackGroundImages/Texture/Tutorial/T_BackGround1_Left" 11165
"/Game/BackGroundImages/Texture/Tutorial/T_BackGround1_Front" 11166
"/Game/BackGroundImages/Texture/Poison/Poison_Side" 11167
"/Game/BackGroundImages/Texture/Poison/Poison_Front" 11168
"/Game/BackGroundImages/Texture/Poison/Poison_Floor" 11169
"/Game/BackGroundImages/Texture/Groggy/T_Groggy_Background_Right" 11170
"/Game/BackGroundImages/Texture/Groggy/T_Groggy_Background_Left" 11171
"/Game/BackGroundImages/Texture/Groggy/T_Groggy_Background_Front" 11172
"/Game/Card/Icon/T_Card_UpgradLongDistance" 11173
"C:/Users/jinso/Documents/GitHub/Flip_Side/Content/Coin/Texture/W_Deal_SteamChainSaw.uasset" 11174
"C:/Users/jinso/Documents/GitHub/Flip_Side/Content/Coin/Texture/W_Tank_ArmourSuit.uasset" 11175
"C:/Users/jinso/Documents/GitHub/Flip_Side/Content/Coin/Texture/W_Deal_TurretKit.uasset" 11176
"/Game/Coin/Texture/W_Tank_ArmourSuit" 11177
"C:/Users/jinso/Documents/GitHub/Flip_Side/Content/Coin/Texture/W_Tank_SmokeSuit.uasset" 11178
"C:/Users/jinso/Documents/GitHub/Flip_Side/Content/Coin/Texture/W_Tank_OverLoadGamlerGauntlet.uasset" 11179
"C:/Users/jinso/Documents/GitHub/Flip_Side/Content/Coin/Texture/W_Tank_IceGun.uasset" 11180
"C:/Users/jinso/Documents/GitHub/Flip_Side/Content/Coin/Texture/W_Util_CrossShieldDeployer.uasset" 11181
"C:/Users/jinso/Documents/GitHub/Flip_Side/Content/Coin/Texture/W_Tank_SpearEnemy.uasset" 11182
"C:/Users/jinso/Documents/GitHub/Flip_Side/Content/Coin/Texture/W_Util_EmergencyRevivalKit.uasset" 11183
"C:/Users/jinso/Documents/GitHub/Flip_Side/Content/Sound/WeaponSound/Sound_Coin_Dealer.uasset" 11184
"C:/Users/jinso/Documents/GitHub/Flip_Side/Content/Coin/Texture/W_Util_MedKit.uasset" 11185
"C:/Users/jinso/Documents/GitHub/Flip_Side/Content/Coin/Texture/W_Util_RepairKit.uasset" 11186
"/Game/Coin/Texture/W_Deal_TurretKit" 11187
"C:/Users/jinso/Documents/GitHub/Flip_Side/Content/Coin/Texture/W_Util_MobileCrushDrill.uasset" 11188
"C:/Users/jinso/Documents/GitHub/Flip_Side/Content/UseableItem/Textures/U_Clean.uasset" 11189
"C:/Users/jinso/Documents/GitHub/Flip_Side/Content/UseableItem/Textures/U_ChangeCoin.uasset" 11190
"C:/Users/jinso/Documents/GitHub/Flip_Side/Content/Coin/Texture/W_Util_AimAmplificationLens.uasset" 11191
"C:/Users/jinso/Documents/GitHub/Flip_Side/Content/Sound/WeaponSound/Sound_Coin_Util.uasset" 11192
"C:/Users/jinso/Documents/GitHub/Flip_Side/Content/Sound/WeaponSound/Sound_Coin_Tanker.uasset" 11193
"C:/Users/jinso/Documents/GitHub/Flip_Side/Content/UseableItem/Textures/U_Blood.uasset" 11194
"C:/Users/jinso/Documents/GitHub/Flip_Side/Content/Coin/Texture/W_WrongFront.uasset" 11195
"C:/Users/jinso/Documents/GitHub/Flip_Side/Content/UseableItem/Textures/U_SheildMelt.uasset" 11196
"C:/Users/jinso/Documents/GitHub/Flip_Side/Content/Coin/Texture/W_Util_AdrenalinGun.uasset" 11197
"C:/Users/jinso/Documents/GitHub/Flip_Side/Content/UseableItem/Textures/U_Wall.uasset" 11198
"C:/Users/jinso/Documents/GitHub/Flip_Side/Content/Coin/Texture/W_WrongBack.uasset" 11199
"C:/Users/jinso/Documents/GitHub/Flip_Side/Content/UseableItem/Textures/U_Move.uasset" 11200
"/Game/Coin/Texture/W_Deal_SteamChainSaw" 11201
"/Game/UseableItem/Textures/U_Wall" 11202
"/Game/UseableItem/Textures/U_SheildMelt" 11203
"/Game/UseableItem/Textures/U_Move" 11204
"/Game/UseableItem/Textures/U_Clean" 11205
"/Game/UseableItem/Textures/U_ChangeCoin" 11206
"/Game/UseableItem/Textures/U_Blood" 11207
"/Game/Sound/WeaponSound/Sound_Coin_Util" 11208
"/Game/Sound/WeaponSound/Sound_Coin_Tanker" 11209
"/Game/Sound/WeaponSound/Sound_Coin_Dealer" 11210
"/Game/Coin/Texture/W_WrongFront" 11211
"/Game/Coin/Texture/W_WrongBack" 11212
"/Game/Coin/Texture/W_Util_RepairKit" 11213
"/Game/Coin/Texture/W_Util_MobileCrushDrill" 11214
"/Game/Coin/Texture/W_Util_MedKit" 11215
"/Game/Coin/Texture/W_Util_EmergencyRevivalKit" 11216
"/Game/Coin/Texture/W_Util_CrossShieldDeployer" 11217
"/Game/Coin/Texture/W_Util_AimAmplificationLens" 11218
"/Game/Coin/Texture/W_Util_AdrenalinGun" 11219
"/Game/Coin/Texture/W_Tank_SpearEnemy" 11220
"/Game/Coin/Texture/W_Tank_SmokeSuit" 11221
"/Game/Coin/Texture/W_Tank_OverLoadGamlerGauntlet" 11222
"/Game/Coin/Texture/W_Tank_IceGun" 11223
"../../../Engine/Plugins/FX/Niagara/Content/ParameterDefinitions/LightRenderer.uasset" 11224
"../../../Engine/Plugins/FX/Niagara/Content/ParameterDefinitions/DecalRenderer.uasset" 11225
"C:/Users/jinso/Documents/GitHub/Flip_Side/DerivedDataCache/VT/TEXTURE_7C16439390E24F1F9468894FB4D4BC55_VTCHUNK44B429B40BB45A070EB17C1259C28734996A2F49" 11226
"C:/Users/jinso/Documents/GitHub/Flip_Side/DerivedDataCache/VT/TEXTURE_7C16439390E24F1F9468894FB4D4BC55_VTCHUNK2A5F9F60441DA258D18B46D59C64D5BAD50E8EE3" 11227
"C:/Users/jinso/Documents/GitHub/Flip_Side/DerivedDataCache/VT/TEXTURE_7C16439390E24F1F9468894FB4D4BC55_VTCHUNK967C747FFC357A828288FA05D93CD5DCECDA891B" 11228
"../../../Engine/Content/EngineDebugMaterials/DebugEditorMaterial.uasset" 11229
"../../../Engine/Content/EngineMaterials/DefaultBloomKernel.uasset" 11230
"../../../Engine/Content/EditorResources/BSPVertex.uasset" 11231
"../../../Engine/Content/EngineResources/FilmGrains/Marcie_Grain_v3_128_M2_000.uasset" 11232
"../../../Engine/Content/EngineResources/Development/ZenLogo_64.uasset" 11233
"../../../Engine/Content/EngineMaterials/FastBlueNoise_scalar_128x128x64.uasset" 11234
"../../../Engine/Content/EngineMaterials/FastBlueNoise_scalar_128x128x8.uasset" 11235
"../../../Engine/Content/EngineSounds/Master.uasset" 11236
"../../../Engine/Content/EngineMaterials/EnergyConservation/Diffuse_Energy.uasset" 11237
"../../../Engine/Content/EngineMaterials/EnergyConservation/Sheen_Energy.uasset" 11238
"C:/Users/jinso/Documents/GitHub/Flip_Side/DerivedDataCache/VT/TEXTURE_7C16439390E24F1F9468894FB4D4BC55_VTCHUNKC0393DE8C5B4673D99D1BECB92AA8C1F72FEB491" 11239
"../../../Engine/Content/EngineMaterials/LTC/Sheen_LTC.uasset" 11240
"../../../Engine/Content/EngineMaterials/FastBlueNoise_vec2_128x128x64.uasset" 11241
"../../../Engine/Plugins/Interchange/Runtime/Content/Pipelines/DefaultGLTFPipeline.uasset" 11242
"../../../Engine/Plugins/Interchange/Runtime/Content/Pipelines/DefaultMaterialPipeline.uasset" 11243
"../../../Engine/Plugins/Interchange/Runtime/Content/Pipelines/DefaultSceneLevelPipeline.uasset" 11244
"../../../Engine/Plugins/Interchange/Runtime/Content/Pipelines/DefaultSceneAssetsPipeline.uasset" 11245
"C:/Users/jinso/Documents/GitHub/Flip_Side/DerivedDataCache/VT/TEXTURE_7C16439390E24F1F9468894FB4D4BC55_VTCHUNK02D4C3BCAD7DFA48AB32B8281FB06B8B83DB6275" 11246
"../../../Engine/Plugins/Interchange/Runtime/Content/Pipelines/DefaultAssetsPipeline.uasset" 11247
"../../../Engine/Plugins/Interchange/Runtime/Content/Pipelines/DefaultTexturePipeline.uasset" 11248
"../../../Engine/Plugins/Interchange/Runtime/Content/Pipelines/DefaultGLTFAssetsPipeline.uasset" 11249
"../../../Engine/Plugins/Interchange/Runtime/Content/Pipelines/DefaultMaterialXPipeline.uasset" 11250
"/Interchange/Pipelines/DefaultSceneLevelPipeline" 11251
"/Interchange/Pipelines/DefaultSceneAssetsPipeline" 11252
"/Interchange/Pipelines/DefaultTexturePipeline" 11253
"/Interchange/Pipelines/DefaultMaterialPipeline" 11254
"/Interchange/Pipelines/DefaultGLTFPipeline" 11255
"/Interchange/Pipelines/DefaultGLTFAssetsPipeline" 11256
"/Interchange/Pipelines/DefaultMaterialXPipeline" 11257
"/Interchange/Pipelines/DefaultAssetsPipeline" 11258
"/Engine/EngineSounds/Master" 11259
"/Engine/EngineMaterials/EnergyConservation/Diffuse_Energy" 11260
"/Engine/EngineMaterials/EnergyConservation/Sheen_Energy" 11261
"/Engine/EngineMaterials/LTC/Sheen_LTC" 11262
"/Engine/EngineMaterials/FastBlueNoise_vec2_128x128x64" 11263
"/Engine/EngineMaterials/FastBlueNoise_scalar_128x128x8" 11264
"/Engine/EngineMaterials/FastBlueNoise_scalar_128x128x64" 11265
"/Engine/EngineDebugMaterials/DebugEditorMaterial" 11266
"/Engine/EngineResources/Development/ZenLogo_64" 11267
"/Engine/EngineResources/FilmGrains/Marcie_Grain_v3_128_M2_000" 11268
"/Engine/EngineMaterials/DefaultBloomKernel" 11269
"/Engine/EditorResources/BSPVertex" 11270
"../../../Engine/Plugins/Interchange/Assets/Content/Functions/MX_TranslucentBSDF.uasset" 11271
"../../../Engine/Plugins/Interchange/Assets/Content/Functions/MX_OrenNayarBSDF.uasset" 11272
"../../../Engine/Plugins/Interchange/Runtime/Content/Pipelines/DefaultGLTFSceneAssetsPipeline.uasset" 11273
"../../../Engine/Plugins/Interchange/Assets/Content/Functions/MX_UniformEDF.uasset" 11274
"../../../Engine/Plugins/Interchange/Assets/Content/Functions/MX_UsdPreviewSurface.uasset" 11275
"../../../Engine/Plugins/Interchange/Assets/Content/Functions/MX_ConductorBSDF.uasset" 11276
"../../../Engine/Plugins/Interchange/Assets/Content/Functions/MX_AnisotropicVDF.uasset" 11277
"../../../Engine/Plugins/Interchange/Assets/Content/Functions/MX_MeasuredEDF.uasset" 11278
"../../../Engine/Plugins/Interchange/Assets/Content/Functions/MX_SubsurfaceBSDF.uasset" 11279
"../../../Engine/Plugins/Interchange/Assets/Content/Functions/MX_SurfaceUnlit.uasset" 11280
"C:/Users/jinso/Documents/GitHub/Flip_Side/Content/Sound/Sound_ClickLever.uasset" 11281
"C:/Users/jinso/Documents/GitHub/Flip_Side/Content/Sound/Sound_CloseDrawer.uasset" 11282
"../../../Engine/Plugins/Interchange/Assets/Content/Functions/MX_SheenBSDF.uasset" 11283
"C:/Users/jinso/Documents/GitHub/Flip_Side/Content/Sound/Sound_Coin_Fail.uasset" 11284
"../../../Engine/Plugins/Interchange/Assets/Content/Functions/MX_AbsorptionVDF.uasset" 11285
"../../../Engine/Plugins/Interchange/Assets/Content/Functions/MX_ThinFilmBSDF.uasset" 11286
"../../../Engine/Plugins/Interchange/Assets/Content/Functions/MX_BurleyDiffuseBSDF.uasset" 11287
"C:/Users/jinso/Documents/GitHub/Flip_Side/Content/BattleTutorial/DA_BattleTutorialSequence.uasset" 11288
"C:/Users/jinso/Documents/GitHub/Flip_Side/Content/Sound/BattleBGM.uasset" 11289
"C:/Users/jinso/Documents/GitHub/Flip_Side/Content/Sound/Sound_OpenDrawer.uasset" 11290
"../../../Engine/Plugins/Interchange/Assets/Content/Functions/MX_ConicalEDF.uasset" 11291
"../../../Engine/Plugins/Interchange/Assets/Content/Functions/MX_GeneralizedSchlickBSDF.uasset" 11292
"../../../Engine/Plugins/Interchange/Assets/Content/Functions/MX_DielectricBSDF.uasset" 11293
"C:/Users/jinso/Documents/GitHub/Flip_Side/Content/Sound/Sound_ClickCoinSlot.uasset" 11294
"C:/Users/jinso/Documents/GitHub/Flip_Side/Content/Sound/Sound_Coin_Flip.uasset" 11295
"C:/Users/jinso/Documents/GitHub/Flip_Side/Content/Sound/ShopBGM.uasset" 11296
"C:/Users/jinso/Documents/GitHub/Flip_Side/Content/Sound/Sound_Coin_Click.uasset" 11297
"C:/Users/jinso/Documents/GitHub/Flip_Side/Content/Sound/Sound_Shop_Purchase.uasset" 11298
"C:/Users/jinso/Documents/GitHub/Flip_Side/Content/Sound/Sound_Shop_Sell.uasset" 11299
"C:/Users/jinso/Documents/GitHub/Flip_Side/Content/Sound/Sound_Battle_ItemClick.uasset" 11300
"C:/Users/jinso/Documents/GitHub/Flip_Side/Content/Sound/Sound_DefaultClick.uasset" 11301
"../../../Engine/Plugins/Animation/ControlRig/Content/Controls/ControlRigGizmoMaterial.uasset" 11302
"/ControlRig/Controls/ControlRigGizmoMaterial" 11303
"/Game/Sound/Sound_DefaultClick" 11304
"/Game/Sound/Sound_Battle_ItemClick" 11305
"/Game/Sound/Sound_Coin_Click" 11306
"/Game/Sound/Sound_Coin_Flip" 11307
"/Game/Sound/ShopBGM" 11308
"/Game/Sound/BattleBGM" 11309
"/Game/BattleTutorial/DA_BattleTutorialSequence" 11310
"/InterchangeAssets/Functions/MX_AnisotropicVDF" 11311
"/InterchangeAssets/Functions/MX_AbsorptionVDF" 11312
"/InterchangeAssets/Functions/MX_MeasuredEDF" 11313
"/InterchangeAssets/Functions/MX_ConicalEDF" 11314
"/InterchangeAssets/Functions/MX_UniformEDF" 11315
"/InterchangeAssets/Functions/MX_ThinFilmBSDF" 11316
"/InterchangeAssets/Functions/MX_SheenBSDF" 11317
"/InterchangeAssets/Functions/MX_SubsurfaceBSDF" 11318
"/InterchangeAssets/Functions/MX_GeneralizedSchlickBSDF" 11319
"/InterchangeAssets/Functions/MX_ConductorBSDF" 11320
"/InterchangeAssets/Functions/MX_DielectricBSDF" 11321
"/Game/Sound/Sound_Shop_Sell" 11322
"/Game/Sound/Sound_Shop_Purchase" 11323
"/InterchangeAssets/Functions/MX_TranslucentBSDF" 11324
"/InterchangeAssets/Functions/MX_BurleyDiffuseBSDF" 11325
"/InterchangeAssets/Functions/MX_OrenNayarBSDF" 11326
"/InterchangeAssets/Functions/MX_UsdPreviewSurface" 11327
"/InterchangeAssets/Functions/MX_SurfaceUnlit" 11328
"/Interchange/Pipelines/DefaultGLTFSceneAssetsPipeline" 11329
"/Game/Sound/Sound_OpenDrawer" 11330
"/Game/Sound/Sound_ClickLever" 11331
"/Game/Sound/Sound_Coin_Fail" 11332
"/Game/Sound/Sound_ClickCoinSlot" 11333
"/Game/Sound/Sound_CloseDrawer" 11334
"C:/Users/jinso/Documents/GitHub/Flip_Side/Saved/Cooked/Windows/Flip_Side/Metadata/CookedSettings.txt" 11335
